#
# A fatal error has been detected by the Java Runtime Environment:
#
#  SIGBUS (0xa) at pc=0x0000000117778a88, pid=85605, tid=161319
#
# JRE version: OpenJDK Runtime Environment Zulu21.44+17-CA (21.0.8+9) (build 21.0.8+9-LTS)
# Java VM: OpenJDK 64-Bit Server VM Zulu21.44+17-CA (21.0.8+9-LTS, mixed mode, sharing, tiered, compressed oops, compressed class ptrs, g1 gc, bsd-aarch64)
# Problematic frame:
# j  org.lwjgl.system.JNI.callPP(JJ)J+0
#
# No core dump will be written. Core dumps have been disabled. To enable core dumping, try "ulimit -c unlimited" before starting Java again
#
# If you would like to submit a bug report, please visit:
#   http://www.azul.com/support/
# The crash happened outside the Java Virtual Machine in native code.
# See problematic frame for where to report the bug.
#

---------------  S U M M A R Y ------------

Command Line: /Users/abab/Desktop/flix_game_engine/bin/flix.jar run

Host: "Mac14,2" arm64, 8 cores, 16G, Darwin 25.3.0, macOS 26.3.1 (25D2128)
Time: Fri May 15 08:25:24 2026 JST elapsed time: 13.478654 seconds (0d 0h 0m 13s)

---------------  T H R E A D  ---------------

Current thread (0x00000009ac8c3800):  JavaThread "ForkJoinPool-3-worker-6" daemon [_thread_in_native, id=161319, stack(0x000000039d708000,0x000000039d90b000) (2060K)]

Stack: [0x000000039d708000,0x000000039d90b000],  sp=0x000000039d90a1c0,  free space=2056k
Native frames: (J=compiled Java code, j=interpreted, Vv=VM code, C=native code)
j  org.lwjgl.system.JNI.callPP(JJ)J+0
j  org.lwjgl.system.jawt.JAWTFunctions.nJAWT_DrawingSurface_GetDrawingSurfaceInfo(JJ)J+13
j  org.lwjgl.system.jawt.JAWTFunctions.JAWT_DrawingSurface_GetDrawingSurfaceInfo(Lorg/lwjgl/system/jawt/JAWTDrawingSurface;J)Lorg/lwjgl/system/jawt/JAWTDrawingSurfaceInfo;+5
j  org.lwjgl.opengl.awt.PlatformMacOSXGLCanvas.makeCurrent(J)Z+22
j  org.lwjgl.opengl.awt.AWTGLCanvas.beforeRender()V+78
j  org.lwjgl.opengl.awt.AWTGLCanvas.render()V+1
j  SwingLayer.Def$renderLoop.staticApply(Lorg/lwjgl/opengl/awt/AWTGLCanvas;[Z)Ldev/flix/runtime/Result$;+26
J 18116  jdk.internal.vm.Continuation.enterSpecial(Ljdk/internal/vm/Continuation;ZZ)V java.base@21.0.8 (0 bytes) @ 0x00000001186c9924 [0x00000001186c9840+0x00000000000000e4]
j  jdk.internal.vm.Continuation.run()V+152 java.base@21.0.8
j  java.lang.VirtualThread.runContinuation()V+72 java.base@21.0.8
j  java.lang.VirtualThread$$Lambda+0x0000000301e41c20.run()V+4 java.base@21.0.8
j  java.util.concurrent.ForkJoinTask$RunnableExecuteAction.exec()Z+4 java.base@21.0.8
J 12925 c2 java.util.concurrent.ForkJoinTask.doExec()I java.base@21.0.8 (37 bytes) @ 0x00000001181d39e4 [0x00000001181d3980+0x0000000000000064]
J 12094 c1 java.util.concurrent.ForkJoinPool$WorkQueue.topLevelExec(Ljava/util/concurrent/ForkJoinTask;Ljava/util/concurrent/ForkJoinPool$WorkQueue;)V java.base@21.0.8 (83 bytes) @ 0x00000001117fbed8 [0x00000001117fbdc0+0x0000000000000118]
J 12821 c1 java.util.concurrent.ForkJoinPool.scan(Ljava/util/concurrent/ForkJoinPool$WorkQueue;II)I java.base@21.0.8 (263 bytes) @ 0x0000000111990160 [0x000000011198fb00+0x0000000000000660]
j  java.util.concurrent.ForkJoinPool.runWorker(Ljava/util/concurrent/ForkJoinPool$WorkQueue;)V+35 java.base@21.0.8
j  java.util.concurrent.ForkJoinWorkerThread.run()V+31 java.base@21.0.8
v  ~StubRoutines::call_stub 0x0000000117770154
V  [libjvm.dylib+0x4beba4]  JavaCalls::call_helper(JavaValue*, methodHandle const&, JavaCallArguments*, JavaThread*)+0x3e0
V  [libjvm.dylib+0x4bdad4]  JavaCalls::call_virtual(JavaValue*, Klass*, Symbol*, Symbol*, JavaCallArguments*, JavaThread*)+0x140
V  [libjvm.dylib+0x4bdba0]  JavaCalls::call_virtual(JavaValue*, Handle, Klass*, Symbol*, Symbol*, JavaThread*)+0x64
V  [libjvm.dylib+0x58f78c]  thread_entry(JavaThread*, JavaThread*)+0x9c
V  [libjvm.dylib+0x4d3294]  JavaThread::thread_main_inner()+0x98
V  [libjvm.dylib+0xa11940]  Thread::call_run()+0xc8
V  [libjvm.dylib+0x83254c]  thread_native_entry(Thread*)+0x118
C  [libsystem_pthread.dylib+0x6c08]  _pthread_start+0x88
Java frames: (J=compiled Java code, j=interpreted, Vv=VM code)
j  org.lwjgl.system.JNI.callPP(JJ)J+0
j  org.lwjgl.system.jawt.JAWTFunctions.nJAWT_DrawingSurface_GetDrawingSurfaceInfo(JJ)J+13
j  org.lwjgl.system.jawt.JAWTFunctions.JAWT_DrawingSurface_GetDrawingSurfaceInfo(Lorg/lwjgl/system/jawt/JAWTDrawingSurface;J)Lorg/lwjgl/system/jawt/JAWTDrawingSurfaceInfo;+5
j  org.lwjgl.opengl.awt.PlatformMacOSXGLCanvas.makeCurrent(J)Z+22
j  org.lwjgl.opengl.awt.AWTGLCanvas.beforeRender()V+78
j  org.lwjgl.opengl.awt.AWTGLCanvas.render()V+1
j  SwingLayer.Def$renderLoop.staticApply(Lorg/lwjgl/opengl/awt/AWTGLCanvas;[Z)Ldev/flix/runtime/Result$;+26
J 18116  jdk.internal.vm.Continuation.enterSpecial(Ljdk/internal/vm/Continuation;ZZ)V java.base@21.0.8 (0 bytes) @ 0x00000001186c9924 [0x00000001186c9840+0x00000000000000e4]
j  jdk.internal.vm.Continuation.run()V+152 java.base@21.0.8
j  java.lang.VirtualThread.runContinuation()V+72 java.base@21.0.8
j  java.lang.VirtualThread$$Lambda+0x0000000301e41c20.run()V+4 java.base@21.0.8
j  java.util.concurrent.ForkJoinTask$RunnableExecuteAction.exec()Z+4 java.base@21.0.8
J 12925 c2 java.util.concurrent.ForkJoinTask.doExec()I java.base@21.0.8 (37 bytes) @ 0x00000001181d39e4 [0x00000001181d3980+0x0000000000000064]
J 12094 c1 java.util.concurrent.ForkJoinPool$WorkQueue.topLevelExec(Ljava/util/concurrent/ForkJoinTask;Ljava/util/concurrent/ForkJoinPool$WorkQueue;)V java.base@21.0.8 (83 bytes) @ 0x00000001117fbed8 [0x00000001117fbdc0+0x0000000000000118]
J 12821 c1 java.util.concurrent.ForkJoinPool.scan(Ljava/util/concurrent/ForkJoinPool$WorkQueue;II)I java.base@21.0.8 (263 bytes) @ 0x0000000111990160 [0x000000011198fb00+0x0000000000000660]
j  java.util.concurrent.ForkJoinPool.runWorker(Ljava/util/concurrent/ForkJoinPool$WorkQueue;)V+35 java.base@21.0.8
j  java.util.concurrent.ForkJoinWorkerThread.run()V+31 java.base@21.0.8
v  ~StubRoutines::call_stub 0x0000000117770154

siginfo: si_signo: 10 (SIGBUS), si_code: 1 (BUS_ADRALN), si_addr: 0x0000000117778a88

Registers:
 x0=0x00000009ac8ab0f0  x1=0x0000000fffffc110  x2=0x0000000000000072  x3=0x00000004ef6b04e8
 x4=0x00000000000000ec  x5=0x000000000000001c  x6=0x000000010769d000  x7=0x00000000000002c8
 x8=0x0000000000000001  x9=0x0000000000000000 x10=0x2010002030300000 x11=0x0000000000000004
x12=0x000000012d70e4c0 x13=0x5b95f3e2619c2bdd x14=0x0000000106229018 x15=0x00000009ac8a8000
x16=0x000000019eee49d0 x17=0x00000009a4555040 x18=0x0000000000000000 x19=0x00000001177768ec
x20=0x000000039d90a1c0 x21=0x00000001076a64a8 x22=0x0000000000000000 x23=0x0000000516eac890
x24=0x000000039d90a268 x25=0x0000000516eac8c0 x26=0x000000012d424108 x27=0x0000000000000000
x28=0x00000009ac8c3800  fp=0x000000039d90a230  lr=0x0000000117778a88  sp=0x000000039d90a1c0
pc=0x0000000117778a88 cpsr=0x0000000080001000

Register to memory mapping:

x0 =0x00000009ac8ab0f0 points into unknown readable memory: 0x00000009a48f8920 | 20 89 8f a4 09 00 00 00
x1 =0x0000000fffffc110 points into unknown readable memory: 0x2010002030300000 | 00 00 30 30 20 00 10 20
x2 =0x0000000000000072 is an unknown value
x3 =0x00000004ef6b04e8 is an oop: Anon$66645 
{0x00000004ef6b04e8} - klass: 'Anon$66645'
 - ---- fields (total size 31 words):
 - 'y' 'I' @12  8 (0x00000008)
 - 'eventMask' 'J' @16  4096 (0x0000000000001000)
 - 'width' 'I' @24  664 (0x00000298)
 - 'height' 'I' @28  712 (0x000002c8)
 - 'x' 'I' @32  8 (0x00000008)
 - private 'isFocusTraversableOverridden' 'I' @36  2 (0x00000002)
 - private 'boundsOp' 'I' @40  3 (0x00000003)
 - private 'componentSerializedDataVersion' 'I' @44  4 (0x00000004)
 - private volatile 'valid' 'Z' @48  true (0x01)
 - private 'focusable' 'Z' @49  true (0x01)
 - private transient 'coalescingEnabled' 'Z' @50  false (0x00)
 - private 'focusTraversalKeysEnabled' 'Z' @51  true (0x01)
 - 'minSizeSet' 'Z' @52  false (0x00)
 - 'prefSizeSet' 'Z' @53  false (0x00)
 - 'maxSizeSet' 'Z' @54  false (0x00)
 - 'newEventsOnly' 'Z' @55  true (0x01)
 - 'ignoreRepaint' 'Z' @56  false (0x00)
 - 'isPacked' 'Z' @57  false (0x00)
 - private 'autoFocusTransferOnDisposal' 'Z' @58  true (0x01)
 - private transient 'isAddNotifyComplete' 'Z' @59  true (0x01)
 - transient 'backgroundEraseDisabled' 'Z' @60  false (0x00)
 - 'visible' 'Z' @61  true (0x01)
 - 'enabled' 'Z' @62  true (0x01)
 - private 'nameExplicitlySet' 'Z' @63  false (0x00)
 - volatile transient 'peer' 'Ljava/awt/peer/ComponentPeer;' @64  a 'sun/lwawt/LWCanvasPeer'{0x00000004ef6b2af0} (0x9ded655e)
 - transient 'parent' 'Ljava/awt/Container;' @68  a 'javax/swing/JPanel'{0x00000004ef6ee000} (0x9deddc00)
 - transient 'appContext' 'Lsun/awt/AppContext;' @72  a 'sun/awt/AppContext'{0x00000004ef6b2da8} (0x9ded65b5)
 - 'foreground' 'Ljava/awt/Color;' @76  null (0x00000000)
 - 'background' 'Ljava/awt/Color;' @80  null (0x00000000)
 - volatile 'font' 'Ljava/awt/Font;' @84  null (0x00000000)
 - 'peerFont' 'Ljava/awt/Font;' @88  a 'com/apple/laf/AquaFonts$DerivedUIResourceFont'{0x00000004ef6d0740} (0x9deda0e8)
 - 'cursor' 'Ljava/awt/Cursor;' @92  null (0x00000000)
 - 'locale' 'Ljava/util/Locale;' @96  null (0x00000000)
 - private volatile transient 'graphicsConfig' 'Ljava/awt/GraphicsConfiguration;' @100  a 'sun/java2d/metal/MTLGraphicsConfig'{0x00000004ef6af7c0} (0x9ded5ef8)
 - private transient 'bufferStrategy' 'Ljava/awt/image/BufferStrategy;' @104  null (0x00000000)
 - 'dropTarget' 'Ljava/awt/dnd/DropTarget;' @108  null (0x00000000)
 - 'popups' 'Ljava/util/Vector;' @112  null (0x00000000)
 - private 'name' 'Ljava/lang/String;' @116  null (0x00000000)
 - 'focusTraversalKeys' '[Ljava/util/Set;' @120  null (0x00000000)
 - private volatile transient 'acc' 'Ljava/security/AccessControlContext;' @124  a 'java/security/AccessControlContext'{0x00000004ef701c70} (0x9dee038e)
 - 'minSize' 'Ljava/awt/Dimension;' @128  null (0x00000000)
 - 'prefSize' 'Ljava/awt/Dimension;' @132  null (0x00000000)
 - 'maxSize' 'Ljava/awt/Dimension;' @136  null (0x00000000)
 - transient 'componentOrientation' 'Ljava/awt/ComponentOrientation;' @140  a 'java/awt/ComponentOrientation'{0x00000004ef664728} (0x9decc8e5)
 - transient 'componentListener' 'Ljava/awt/event/ComponentListener;' @144  a 'java/awt/AWTEventMulticaster'{0x00000004ef701cb8} (0x9dee0397)
 - transient 'focusListener' 'Ljava/awt/event/FocusListener;' @148  a 'java/awt/Component$AccessibleAWTComponent$AccessibleAWTFocusHandler'{0x00000004ef701ed8} (0x9dee03db)
 - transient 'hierarchyListener' 'Ljava/awt/event/HierarchyListener;' @152  a 'org/lwjgl/opengl/awt/PlatformMacOSXGLCanvas$$Lambda+0x0000000301d60fc0'{0x00000004ef701ee8} (0x9dee03dd)
 - transient 'hierarchyBoundsListener' 'Ljava/awt/event/HierarchyBoundsListener;' @156  null (0x00000000)
 - transient 'keyListener' 'Ljava/awt/event/KeyListener;' @160  a 'Anon$61723'{0x00000004ef701f38} (0x9dee03e7)
 - transient 'mouseListener' 'Ljava/awt/event/MouseListener;' @164  a 'Anon$61625'{0x00000004ef702138} (0x9dee0427)
 - transient 'mouseMotionListener' 'Ljava/awt/event/MouseMotionListener;' @168  a 'Anon$61658'{0x00000004ef702220} (0x9dee0444)
 - transient 'mouseWheelListener' 'Ljava/awt/event/MouseWheelListener;' @172  a 'Anon$61681'{0x00000004ef702298} (0x9dee0453)
 - transient 'inputMethodListener' 'Ljava/awt/event/InputMethodListener;' @176  null (0x00000000)
 - private 'changeSupport' 'Ljava/beans/PropertyChangeSupport;' @180  null (0x00000000)
 - private transient 'objectLock' 'Ljava/lang/Object;' @184  a 'java/lang/Object'{0x00000004ef7022e0} (0x9dee045c)
 - private transient 'compoundShape' 'Lsun/java2d/pipe/Region;' @188  null (0x00000000)
 - private transient 'mixingCutoutRegion' 'Lsun/java2d/pipe/Region;' @192  null (0x00000000)
 - transient 'eventCache' '[Lsun/awt/EventQueueItem;' @196  a 'sun/awt/EventQueueItem'[5] {0x00000004ef7022f0} (0x9dee045e)
 - protected 'accessibleContext' 'Ljavax/accessibility/AccessibleContext;' @200  a 'java/awt/Canvas$AccessibleAWTCanvas'{0x00000004ef701cf0} (0x9dee039e)
 - private 'framebufferWidth' 'I' @204  1328 (0x00000530)
 - protected 'context' 'J' @208  41494003712 (0x00000009a93c4000)
 - private 'framebufferHeight' 'I' @216  1424 (0x00000590)
 - protected 'initCalled' 'Z' @220  true (0x01)
 - protected 'platformCanvas' 'Lorg/lwjgl/opengl/awt/PlatformGLCanvas;' @224  a 'org/lwjgl/opengl/awt/PlatformMacOSXGLCanvas'{0x00000004ef701ef8} (0x9dee03df)
 - protected final 'data' 'Lorg/lwjgl/opengl/awt/GLData;' @228  a 'org/lwjgl/opengl/awt/GLData'{0x00000004ef702318} (0x9dee0463)
 - protected final 'effective' 'Lorg/lwjgl/opengl/awt/GLData;' @232  a 'org/lwjgl/opengl/awt/GLData'{0x00000004ef7023b8} (0x9dee0477)
 - private final 'listener' 'Ljava/awt/event/ComponentListener;' @236  a 'org/lwjgl/opengl/awt/AWTGLCanvas$1'{0x00000004ef701cd0} (0x9dee039a)
 - public 'clo0' 'LClo1$Obj$Obj;' @240  a 'Clo$sessionLoop$612335'{0x00000004ef702428} (0x9dee0485)
 - public 'clo1' 'LClo1$Obj$Obj;' @244  a 'Clo$sessionLoop$612336'{0x00000004ef7026e0} (0x9dee04dc)
x4 =0x00000000000000ec is an unknown value
x5 =0x000000000000001c is an unknown value
x6 =0x000000010769d000: _ZN26ProtectionDomainCacheTable13_dead_entriesE+0 in /nix/store/n3rmmip6djs9s68zkazn1c6gsxbjg7fs-zulu-ca-jdk-21.0.8/Library/Java/JavaVirtualMachines/zulu-21.jdk/Contents/Home/lib/server/libjvm.dylib at 0x0000000106940000
x7 =0x00000000000002c8 is an unknown value
x8 =0x0000000000000001 is an unknown value
x9 =0x0 is null
x10=0x2010002030300000 is an unknown value
x11=0x0000000000000004 is an unknown value
x12={method} {0x000000012d70e4c0} 'getPointer' '()J' in 'sun/lwawt/macosx/CPlatformComponent'
x13=0x5b95f3e2619c2bdd is an unknown value
x14=0x0000000106229018 points into unknown readable memory: 0x0018e09a8081f312 | 12 f3 81 80 9a e0 18 00
x15=0x00000009ac8a8000 points into unknown readable memory: 0x010000020b1c6581 | 81 65 1c 0b 02 00 00 01
x16=0x000000019eee49d0: pthread_jit_write_protect_np+0 in /usr/lib/system/libsystem_pthread.dylib at 0x000000019eedd000
x17=0x00000009a4555040 points into unknown readable memory: 0x00000000ffffffff | ff ff ff ff 00 00 00 00
x18=0x0 is null
x19=0x00000001177768ec is at code_begin+44 in an Interpreter codelet
result handlers for native calls  [0x00000001177768c0, 0x0000000117776908]  72 bytes
x20=0x000000039d90a1c0 is pointing into the stack for thread: 0x00000009ac8c3800
x21=0x00000001076a64a8: _ZN19TemplateInterpreter13_active_tableE+0 in /nix/store/n3rmmip6djs9s68zkazn1c6gsxbjg7fs-zulu-ca-jdk-21.0.8/Library/Java/JavaVirtualMachines/zulu-21.jdk/Contents/Home/lib/server/libjvm.dylib at 0x0000000106940000
x22=0x0 is null
x23=
[error occurred during error reporting (printing register info), id 0xb, SIGSEGV (0xb) at pc=0x0000000106d0aaec]
x24=0x000000039d90a268 is pointing into the stack for thread: 0x00000009ac8c3800
x25=
[error occurred during error reporting (printing register info, attempt 2), id 0xb, SIGSEGV (0xb) at pc=0x0000000106d0aaec]
x26=0x000000012d424108 is pointing into metadata
x27=0x0 is null
x28=0x00000009ac8c3800 is a thread
 fp=0x000000039d90a230 is pointing into the stack for thread: 0x00000009ac8c3800
 lr=0x0000000117778a88 is at code_begin+776 in an Interpreter codelet
native method entry point (kind = native)  [0x0000000117778780, 0x0000000117778ed0]  1872 bytes
 sp=0x000000039d90a1c0 is pointing into the stack for thread: 0x00000009ac8c3800

Top of Stack: (sp=0x000000039d90a1c0)
0x000000039d90a1c0:   000000039d90a200 0000000106c17020
0x000000039d90a1d0:   000000039d90a578 00000005d4f80488
0x000000039d90a1e0:   000000039d90a1e0 0000000000000000
0x000000039d90a1f0:   0000000000000007 000000012d424108
0x000000039d90a200:   00000004ef5ed1c0 000000039d90a1d0
0x000000039d90a210:   0000000000000000 000000012d37c200
0x000000039d90a220:   0000000000000000 000000039d90a230
0x000000039d90a230:   000000039d90a2c0 0000000117775098
0x000000039d90a240:   0000000000000000 00000004ef5ed1c0
0x000000039d90a250:   0000000125bf49d8 0000000000000000
0x000000039d90a260:   00000009ac8aa9a0 0000000000000000
0x000000039d90a270:   000000039d90a270 000000012d4412bd
0x000000039d90a280:   0000000000000005 000000012d4429a0
0x000000039d90a290:   00000004ef7d2680 000000039d90a230
0x000000039d90a2a0:   0000000000000000 000000012d4412e8
0x000000039d90a2b0:   000000039d90a250 000000039d90a2b0
0x000000039d90a2c0:   000000039d90a340 0000000117775098
0x000000039d90a2d0:   0000000125bf49d8 0000000000000000
0x000000039d90a2e0:   00000009ac8aa9a0 0000000000000000
0x000000039d90a2f0:   000000039d90a2f0 000000012d44139d
0x000000039d90a300:   0000000000000007 000000012d4429a0
0x000000039d90a310:   00000004ef7d2680 000000039d90a2b0
0x000000039d90a320:   0000000000000000 000000012d4413f0
0x000000039d90a330:   000000039d90a2d0 000000039d90a330
0x000000039d90a340:   000000039d90a3d0 0000000117774f70
0x000000039d90a350:   0000000000000000 0000000000000000
0x000000039d90a360:   0000000000000000 0000000125bf49d8
0x000000039d90a370:   0000000000000000 00000004ef701f20
0x000000039d90a380:   000000039d90a380 000000012d42d04e
0x000000039d90a390:   000000000000000b 000000012d438000
0x000000039d90a3a0:   00000004ef2ca9a8 000000039d90a330
0x000000039d90a3b0:   0000000000000000 000000012d437f30 

Instructions: (pc=0x0000000117778a88)
0x0000000117778988:   88 07 40 f9 a8 00 00 b4 08 10 80 d2 e8 ee a2 f2
0x0000000117778998:   28 00 c0 f2 00 01 1f d6 b6 e3 7b a9 b8 6f 38 8b
0x00000001177789a8:   91 39 40 f9 20 02 3f d6 ac 83 5e f8 f3 03 00 aa
0x00000001177789b8:   91 29 40 b9 11 01 18 36 91 05 40 f9 31 06 40 f9
0x00000001177789c8:   31 0e 40 f9 31 3a 40 f9 31 02 40 f9 b1 0f 00 f9
0x00000001177789d8:   a1 63 00 91 8a 35 40 f9 89 6b 98 d2 09 e4 a0 f2
0x00000001177789e8:   29 00 c0 f2 29 01 40 f9 5f 01 09 eb 81 03 00 54
0x00000001177789f8:   e1 03 0c aa b6 83 1b f8 e0 03 1c aa 28 01 00 10
0x0000000117778a08:   88 d7 01 f9 94 d3 01 f9 9d db 01 f9 e8 33 bf a9
0x0000000117778a18:   88 5d 8f d2 e8 db a0 f2 28 00 c0 f2 00 01 3f d6
0x0000000117778a28:   e8 33 c1 a8 fe ff ff 10 9f d3 01 f9 9f db 01 f9
0x0000000117778a38:   9f d7 01 f9 88 07 40 f9 a8 00 00 b4 08 10 80 d2
0x0000000117778a48:   e8 ee a2 f2 28 00 c0 f2 00 01 1f d6 b6 e3 7b a9
0x0000000117778a58:   b8 6f 38 8b ac 83 5e f8 8a 35 40 f9 80 03 0f 91
0x0000000117778a68:   08 01 00 10 88 d7 01 f9 94 d3 01 f9 9d db 01 f9
0x0000000117778a78:   e8 03 7e b2 89 33 11 91 28 fd 9f 88 40 01 3f d6
0x0000000117778a88:   ac 83 5e f8 88 82 00 d1 1f ed 7c 92 80 0e 1f fc
0x0000000117778a98:   9f 8e 1f f8 80 8e 1f f8 a8 00 80 d2 89 33 11 91
0x0000000117778aa8:   28 fd 9f 88 bf 3b 03 d5 88 43 11 91 08 fd df c8
0x0000000117778ab8:   bf 03 08 eb 68 00 00 54 89 4b 44 b9 69 01 00 b4
0x0000000117778ac8:   e0 03 1c aa 09 bb 88 d2 29 dc a0 f2 29 00 c0 f2
0x0000000117778ad8:   20 01 3f d6 ac 83 5e f8 1b f2 9d d2 bb ec a0 f2
0x0000000117778ae8:   3b 00 c0 f2 7b 03 40 f9 e8 03 7d b2 89 33 11 91
0x0000000117778af8:   28 fd 9f 88 9f d3 01 f9 9f db 01 f9 9f d7 01 f9
0x0000000117778b08:   91 1b 42 f9 3f 82 00 f9 71 ef fe 10 3f 02 13 eb
0x0000000117778b18:   41 08 00 54 80 06 41 f8 a0 07 00 b4 1f 04 40 f2
0x0000000117778b28:   61 00 00 54 00 00 40 f9 39 00 00 14 60 00 00 37
0x0000000117778b38:   00 e0 5f f8 36 00 00 14 00 f0 5f f8 fd 7b bf a9
0x0000000117778b48:   fd 03 00 91 91 03 41 39 f1 05 00 34 c0 05 00 b4
0x0000000117778b58:   91 17 40 f9 f1 00 00 b4 31 22 00 d1 91 17 00 f9
0x0000000117778b68:   89 1f 40 f9 31 02 09 8b 20 02 00 f9 26 00 00 14
0x0000000117778b78:   e0 07 b8 a9 e2 0f 01 a9 e4 17 02 a9 e6 1f 03 a9 


Stack slot to memory mapping:

stack at sp + 0 slots: 0x000000039d90a200 is pointing into the stack for thread: 0x00000009ac8c3800
stack at sp + 1 slots: 0x0000000106c17020: _ZN8ThawBase15new_stack_frameIN18ContinuationHelper16InterpretedFrameEEE5frameRKS3_RS3_b+0x12c in /nix/store/n3rmmip6djs9s68zkazn1c6gsxbjg7fs-zulu-ca-jdk-21.0.8/Library/Java/JavaVirtualMachines/zulu-21.jdk/Contents/Home/lib/server/libjvm.dylib at 0x0000000106940000
stack at sp + 2 slots: 0x000000039d90a578 is pointing into the stack for thread: 0x00000009ac8c3800
stack at sp + 3 slots: 0x00000005d4f80488 is an oop: jdk.internal.vm.StackChunk 
{0x00000005d4f80488} - klass: 'jdk/internal/vm/StackChunk'
 - ---- fields (total size 136 words):
 - private 'size' 'I' @12  126 (0x0000007e)
 - injected 'pc' 'J' @16  0 (0x0000000000000000)
 - private 'sp' 'I' @24  124 (0x0000007c)
 - private 'bottom' 'I' @28  124 (0x0000007c)
 - injected 'maxThawingSize' 'I' @32  0 (0x00000000)
 - injected 'flags' 'B' @36  0 (0x00)
 - private 'parent' 'Ljdk/internal/vm/StackChunk;' @40  a 'jdk/internal/vm/StackChunk'{0x00000004ef46ae18} (0x9de8d5c3)
 - injected 'cont' 'Ljdk/internal/vm/Continuation;' @44  a 'java/lang/VirtualThread$VThreadContinuation'{0x00000004ef46ad88} (0x9de8d5b1)
stack at sp + 4 slots: 0x000000039d90a1e0 is pointing into the stack for thread: 0x00000009ac8c3800
stack at sp + 5 slots: 0x0 is null
stack at sp + 6 slots: 0x0000000000000007 is an unknown value
stack at sp + 7 slots: 0x000000012d424108 is pointing into metadata

native method entry point (kind = native)  [0x0000000117778780, 0x0000000117778ed0]  1872 bytes
[MachCode]
  0x0000000117778780: 8205 40f9 | 425c 4079 | 986e 228b | 1823 00d1 | 9fee 7c92 | f4c3 01d1 | f603 1faa | f47f b9a9 
  0x00000001177787a0: ff7f 06a9 | 8809 40f9 | 4800 00b4 | 08a1 0391 | e833 03a9 | fd7b 05a9 | fd43 0191 | 9a05 40f9 
  0x00000001177787c0: 5a07 40f9 | 5a0b 40f9 | 0803 1dcb | 08fd 43d3 | e86b 01a9 | ff4f 04a9 | 8a05 40f9 | 4a05 40f9 
  0x00000001177787e0: 4a0d 40f9 | 4a39 40f9 | 4a01 40f9 | e843 00d1 | ea23 02a9 | 1f01 0091 | e903 40b2 | 89e7 1139 
  0x0000000117778800: 8009 40f9 | 0001 00b4 | 08ac 40b9 | 0809 0091 | 08ac 00b9 | 09c0 40b9 | 0801 09ea | 6032 0054 
  0x0000000117778820: 2400 0014 | 890d 40f9 | 8903 00b5 | e103 0caa | b683 1bf8 | e003 1caa | 2801 0010 | 88d7 01f9 
  0x0000000117778840: 94d3 01f9 | 9ddb 01f9 | e833 bfa9 | 08e9 8cd2 | e8db a0f2 | 2800 c0f2 | 0001 3fd6 | e833 c1a8 
  0x0000000117778860: feff ff10 | 9fd3 01f9 | 9fdb 01f9 | 9fd7 01f9 | 8807 40f9 | a800 00b4 | 0810 80d2 | e8ee a2f2 
  0x0000000117778880: 2800 c0f2 | 0001 1fd6 | b6e3 7ba9 | b86f 388b | 890d 40f9 | e900 00b4 | 2809 40b9 | 0809 0091 
  0x00000001177788a0: 2809 00b9 | 211d 40b9 | 0801 01ea | e02d 0054 | 8877 42f9 | ff63 28eb | 0802 0054 | e913 40d1 
  0x00000001177788c0: 3f01 00f9 | e923 40d1 | 3f01 00f9 | e933 40d1 | 3f01 00f9 | e943 40d1 | 3f01 00f9 | e953 40d1 
  0x00000001177788e0: 3f01 00f9 | 8873 42f9 | ff63 28eb | 6900 0054 | e803 0091 | 8877 02f9 | 9fe7 1139 | e8f8 f7b0 
  0x0000000117778900: 0885 4f39 | 2801 0034 | a183 5ef8 | e003 1caa | e833 bfa9 | 886d 99d2 | 08e4 a0f2 | 2800 c0f2 
  0x0000000117778920: 0001 3fd6 | e833 c1a8 | 9105 40f9 | 315e 4079 | 886e 31cb | 1fed 7c92 | f403 08aa | 9139 40f9 
  0x0000000117778940: 7103 00b5 | e103 0caa | b683 1bf8 | e003 1caa | 2801 0010 | 88d7 01f9 | 94d3 01f9 | 9ddb 01f9 
  0x0000000117778960: e833 bfa9 | 885d 8fd2 | e8db a0f2 | 2800 c0f2 | 0001 3fd6 | e833 c1a8 | feff ff10 | 9fd3 01f9 
  0x0000000117778980: 9fdb 01f9 | 9fd7 01f9 | 8807 40f9 | a800 00b4 | 0810 80d2 | e8ee a2f2 | 2800 c0f2 | 0001 1fd6 
  0x00000001177789a0: b6e3 7ba9 | b86f 388b | 9139 40f9 | 2002 3fd6 | ac83 5ef8 | f303 00aa | 9129 40b9 | 1101 1836 
  0x00000001177789c0: 9105 40f9 | 3106 40f9 | 310e 40f9 | 313a 40f9 | 3102 40f9 | b10f 00f9 | a163 0091 | 8a35 40f9 
  0x00000001177789e0: 896b 98d2 | 09e4 a0f2 | 2900 c0f2 | 2901 40f9 | 5f01 09eb | 8103 0054 | e103 0caa | b683 1bf8 
  0x0000000117778a00: e003 1caa | 2801 0010 | 88d7 01f9 | 94d3 01f9 | 9ddb 01f9 | e833 bfa9 | 885d 8fd2 | e8db a0f2 
  0x0000000117778a20: 2800 c0f2 | 0001 3fd6 | e833 c1a8 | feff ff10 | 9fd3 01f9 | 9fdb 01f9 | 9fd7 01f9 | 8807 40f9 
  0x0000000117778a40: a800 00b4 | 0810 80d2 | e8ee a2f2 | 2800 c0f2 | 0001 1fd6 | b6e3 7ba9 | b86f 388b | ac83 5ef8 
  0x0000000117778a60: 8a35 40f9 | 8003 0f91 | 0801 0010 | 88d7 01f9 | 94d3 01f9 | 9ddb 01f9 | e803 7eb2 | 8933 1191 
  0x0000000117778a80: 28fd 9f88 | 4001 3fd6 | ac83 5ef8 | 8882 00d1 | 1fed 7c92 | 800e 1ffc | 9f8e 1ff8 | 808e 1ff8 
  0x0000000117778aa0: a800 80d2 | 8933 1191 | 28fd 9f88 | bf3b 03d5 | 8843 1191 | 08fd dfc8 | bf03 08eb | 6800 0054 
  0x0000000117778ac0: 894b 44b9 | 6901 00b4 | e003 1caa | 09bb 88d2 | 29dc a0f2 | 2900 c0f2 | 2001 3fd6 | ac83 5ef8 
  0x0000000117778ae0: 1bf2 9dd2 | bbec a0f2 | 3b00 c0f2 | 7b03 40f9 | e803 7db2 | 8933 1191 | 28fd 9f88 | 9fd3 01f9 
  0x0000000117778b00: 9fdb 01f9 | 9fd7 01f9 | 911b 42f9 | 3f82 00f9 | 71ef fe10 | 3f02 13eb | 4108 0054 | 8006 41f8 
  0x0000000117778b20: a007 00b4 | 1f04 40f2 | 6100 0054 | 0000 40f9 | 3900 0014 | 6000 0037 | 00e0 5ff8 | 3600 0014 
  0x0000000117778b40: 00f0 5ff8 | fd7b bfa9 | fd03 0091 | 9103 4139 | f105 0034 | c005 00b4 | 9117 40f9 | f100 00b4 
  0x0000000117778b60: 3122 00d1 | 9117 00f9 | 891f 40f9 | 3102 098b | 2002 00f9 | 2600 0014 | e007 b8a9 | e20f 01a9 
  0x0000000117778b80: e417 02a9 | e61f 03a9 | ea2f 04a9 | ec37 05a9 | ee3f 06a9 | f047 07a9 | ff83 00d1 | e8eb 7bb2 
  0x0000000117778ba0: fc2f 880c | f82f 880c | f42f 880c | f02f 880c | e42f 880c | e02f 000c | e103 1caa | e833 bfa9 
  0x0000000117778bc0: 88de 8cd2 | c8d9 a0f2 | 2800 c0f2 | 0001 3fd6 | e833 c1a8 | e02f df0c | e42f df0c | f02f df0c 
  0x0000000117778be0: f42f df0c | f82f df0c | fc2f df0c | e20f 41a9 | e417 42a9 | e61f 43a9 | ea2f 44a9 | ec37 45a9 
  0x0000000117778c00: ee3f 46a9 | f047 47a9 | e007 c8a8 | bf03 0091 | fd7b c1a8 | a00f 00f9 | 9f8e 1ff8 | 808e 1ff8 
  0x0000000117778c20: 8823 1391 | 0801 40b9 | 1f09 00f1 | 8104 0054 | e007 b8a9 | e20f 01a9 | e417 02a9 | e61f 03a9 
  0x0000000117778c40: ea2f 04a9 | ec37 05a9 | ee3f 06a9 | f047 07a9 | ff83 00d1 | e8eb 7bb2 | fc2f 880c | f82f 880c 
  0x0000000117778c60: f42f 880c | f02f 880c | e42f 880c | e02f 000c | e003 1caa | 09bf 9dd2 | 09e4 a0f2 | 2900 c0f2 
  0x0000000117778c80: 2001 3fd6 | e02f df0c | e42f df0c | f02f df0c | f42f df0c | f82f df0c | fc2f df0c | e20f 41a9 
  0x0000000117778ca0: e417 42a9 | e61f 43a9 | ea2f 44a9 | ec37 45a9 | ee3f 46a9 | f047 47a9 | e007 c8a8 | ac83 5ef8 
  0x0000000117778cc0: 9605 40f9 | d6e2 0091 | 8807 40f9 | 8803 00b4 | b683 1bf8 | e003 1caa | 2801 0010 | 88d7 01f9 
  0x0000000117778ce0: 94d3 01f9 | 9ddb 01f9 | e833 bfa9 | 889c 87d2 | e8db a0f2 | 2800 c0f2 | 0001 3fd6 | e833 c1a8 
  0x0000000117778d00: feff ff10 | 9fd3 01f9 | 9fdb 01f9 | 9fd7 01f9 | 8807 40f9 | a800 00b4 | 0810 80d2 | e8ee a2f2 
  0x0000000117778d20: 2800 c0f2 | 0001 1fd6 | b6e3 7ba9 | b86f 388b | c1d5 bbd4 | 564f 4d07 | 0100 0000 | 9129 40b9 
  0x0000000117778d40: f106 2836 | a183 01d1 | 3104 40f9 | 9103 00b5 | b683 1bf8 | e003 1caa | 2801 0010 | 88d7 01f9 
  0x0000000117778d60: 94d3 01f9 | 9ddb 01f9 | e833 bfa9 | 08dd 89d2 | e8db a0f2 | 2800 c0f2 | 0001 3fd6 | e833 c1a8 
  0x0000000117778d80: feff ff10 | 9fd3 01f9 | 9fdb 01f9 | 9fd7 01f9 | 8807 40f9 | a800 00b4 | 0810 80d2 | e8ee a2f2 
  0x0000000117778da0: 2800 c0f2 | 0001 1fd6 | b6e3 7ba9 | b86f 388b | c1d5 bbd4 | 564f 4d07 | 0100 0000 | b683 1bf8 
  0x0000000117778dc0: 2000 00d1 | 2304 40f9 | 3f04 00f9 | 0200 40f9 | e201 00b4 | e803 00aa | 62fc e0c8 | 1f01 00eb 
  0x0000000117778de0: 6001 0054 | bf3b 03d5 | 2304 00f9 | e003 01aa | e833 bfa9 | 88cb 89d2 | e8db a0f2 | 2800 c0f2 
  0x0000000117778e00: 0001 3fd6 | e833 c1a8 | 0400 0014 | 88ab 42f9 | 0805 00d1 | 88ab 02f9 | b683 5bf8 | e8f8 f7b0 
  0x0000000117778e20: 0885 4f39 | 2801 0034 | a183 5ef8 | e003 1caa | e833 bfa9 | 088b 99d2 | 08e4 a0f2 | 2800 c0f2 
  0x0000000117778e40: 0001 3fd6 | e833 c1a8 | 8006 41f8 | 8006 41fc | 6002 3fd6 | b483 5ff8 | bf03 0091 | fd7b c1a8 
  0x0000000117778e60: 9f02 0091 | c003 5fd6 | 0100 80d2 | b683 1bf8 | e003 1caa | 2801 0010 | 88d7 01f9 | 94d3 01f9 
  0x0000000117778e80: 9ddb 01f9 | e833 bfa9 | 0822 8cd2 | e8db a0f2 | 2800 c0f2 | 0001 3fd6 | e833 c1a8 | feff ff10 
  0x0000000117778ea0: 9fd3 01f9 | 9fdb 01f9 | 9fd7 01f9 | 8807 40f9 | a800 00b4 | 0810 80d2 | e8ee a2f2 | 2800 c0f2 
  0x0000000117778ec0: 0001 1fd6 | b6e3 7ba9 | b86f 388b | 79fe ff17 
[/MachCode]

Compiled method (n/a) 13495 18116     n 0       jdk.internal.vm.Continuation::enterSpecial (native)
 total in heap  [0x00000001186c9690,0x00000001186c9a20] = 912
 relocation     [0x00000001186c97e0,0x00000001186c9810] = 48
 main code      [0x00000001186c9840,0x00000001186c99b0] = 368
 stub code      [0x00000001186c99b0,0x00000001186c9a10] = 96
 metadata       [0x00000001186c9a10,0x00000001186c9a20] = 16

[Constant Pool (empty)]

[MachCode]
[Entry Point]
  # {method} {0x0000000300088428} 'enterSpecial' '(Ljdk/internal/vm/Continuation;ZZ)V' in 'jdk/internal/vm/Continuation'
  # parm0:    c_rarg1:c_rarg1 
                        = 'jdk/internal/vm/Continuation'
  # parm1:    c_rarg2   = boolean
  # parm2:    c_rarg3   = boolean
  #           [sp+0x50]  (sp of caller)
  0x00000001186c9840: 8286 40a9 | 8302 40f9 | 88a3 42f9 | ff63 28eb | 6900 0054 | e803 0091 | 88a3 02f9 | fd7b bfa9 
  0x00000001186c9860: fd03 0091 | ff03 01d1 | 889f 42f9 | e807 00f9 | e803 0091 | 889f 02f9 | e10b 00f9 | e323 00b9 
  0x00000001186c9880: ff0f 00f9 | ff27 00b9 | ff3b 00b9 | 88a3 42f9 | e817 00f9 | 88ab 42f9 | e81b 00f9 | 9fa3 02f9 
  0x00000001186c98a0: 9fab 02f9 | e203 00b5 

  0x00000001186c98a8: ; ImmutableOopMap {}
                      ;   {static_call}
  0x00000001186c98a8: b68b c397 

  0x00000001186c98ac: ;   {other}
  0x00000001186c98ac: 1f20 03d5 | 9f43 80f2 | 1f00 80f2 | 1e00 0014 | 1f20 03d5 
[Verified Entry Point]
  0x00000001186c98c0: fd7b bfa9 | fd03 0091 | ff03 01d1 | 889f 42f9 | e807 00f9 | e803 0091 | 889f 02f9 | e10b 00f9 
  0x00000001186c98e0: e323 00b9 | ff0f 00f9 | ff27 00b9 | ff3b 00b9 | 88a3 42f9 | e817 00f9 | 88ab 42f9 | e81b 00f9 
  0x00000001186c9900: 9fa3 02f9 | 9fab 02f9 | c200 00b5 

  0x00000001186c990c: ; ImmutableOopMap {}
                      ;   {static_call}
  0x00000001186c990c: 3900 0094 

  0x00000001186c9910: ;   {other}
  0x00000001186c9910: 1f20 03d5 | 1f50 80f2 | 1f20 80f2 | 0500 0014 

  0x00000001186c9920: ; ImmutableOopMap {}
                      ;   {runtime_call StubRoutines (continuation stubs)}
  0x00000001186c9920: f8a6 c297 

  0x00000001186c9924: ;   {other}
  0x00000001186c9924: 1f20 03d5 | 9f52 80f2 | 1f40 80f2 | e817 40f9 | 88a3 02f9 | e81b 40f9 | 88ab 02f9 | e907 40f9 
  0x00000001186c9944: 899f 02f9 | fd03 0191 | bf03 0091 | fd7b c1a8 | c003 5fd6 
[Exception Handler]
  0x00000001186c9958: f303 00aa | e817 40f9 | 88a3 02f9 | e81b 40f9 | 88ab 02f9 | e907 40f9 | 899f 02f9 | fd03 0191 
  0x00000001186c9978: a107 40f9 | e003 1caa | e833 bfa9 | 08eb 94d2 | 08e4 a0f2 | 2800 c0f2 | 0001 3fd6 | e833 c1a8 
  0x00000001186c9998: e103 00aa | e003 13aa | bf03 0091 | fd7b c1a8 | e303 1eaa | 2000 1fd6 
[Stub Code]
  0x00000001186c99b0: ;   {no_reloc}
  0x00000001186c99b0: 4800 0058 | 0001 1fd6 | 80c7 7a17 | 0100 0000 

  0x00000001186c99c0: ;   {static_stub}
  0x00000001186c99c0: df3f 03d5 

  0x00000001186c99c4: ;   {metadata(nullptr)}
  0x00000001186c99c4: 0c00 80d2 | 0c00 a0f2 | 0c00 c0f2 | 0800 80d2 | 0800 a0f2 | 0800 c0f2 | 0001 1fd6 

  0x00000001186c99e0: ;   {trampoline_stub}
  0x00000001186c99e0: 4800 0058 | 0001 1fd6 | f099 6c18 | 0100 0000 

  0x00000001186c99f0: ;   {static_stub}
  0x00000001186c99f0: df3f 03d5 

  0x00000001186c99f4: ;   {metadata({method} {0x00000003000883c0} 'enter' '(Ljdk/internal/vm/Continuation;Z)V' in 'jdk/internal/vm/Continuation')}
  0x00000001186c99f4: 0c78 90d2 | 0c01 a0f2 | 6c00 c0f2 | 084b 82d2 | 68ef a2f2 | 2800 c0f2 | 0001 1fd6 
[/MachCode]


Compiled method (c2) 13497 12925   !   4       java.util.concurrent.ForkJoinTask::doExec (37 bytes)
 total in heap  [0x00000001181d3790,0x00000001181d3f10] = 1920
 relocation     [0x00000001181d38e0,0x00000001181d3958] = 120
 main code      [0x00000001181d3980,0x00000001181d3bf8] = 632
 stub code      [0x00000001181d3bf8,0x00000001181d3c88] = 144
 oops           [0x00000001181d3c88,0x00000001181d3c90] = 8
 metadata       [0x00000001181d3c90,0x00000001181d3cc8] = 56
 scopes data    [0x00000001181d3cc8,0x00000001181d3dc8] = 256
 scopes pcs     [0x00000001181d3dc8,0x00000001181d3ea8] = 224
 dependencies   [0x00000001181d3ea8,0x00000001181d3eb0] = 8
 handler table  [0x00000001181d3eb0,0x00000001181d3f10] = 96

[Constant Pool (empty)]

[MachCode]
[Entry Point]
  # {method} {0x00000003001408f0} 'doExec' '()I' in 'java/util/concurrent/ForkJoinTask'
  #           [sp+0x40]  (sp of caller)
  0x00000001181d3980: 2808 40b9 | 3f01 086b | 4000 0054 

  0x00000001181d398c: ;   {runtime_call ic_miss_stub}
  0x00000001181d398c: 3d61 d717 
[Verified Entry Point]
  0x00000001181d3990: 1f20 03d5 | e953 40d1 | 3f01 00f9 | ff03 01d1 | fd7b 03a9 | 8812 0018 | 8923 40b9 | 1f01 09eb 
  0x00000001181d39b0: 8111 0054 | 2a30 0091 | 4cfd df88 | 8ac7 41f9 | 4a01 40f9 | 6c08 f837 | ec03 00b9 | ea07 00f9 
  0x00000001181d39d0: fd03 01aa | e9ff 9fd2 | e9ff bff2 | e9ff dff2 

  0x00000001181d39e0: ; ImmutableOopMap {rfp=Oop [8]=Oop }
                      ;*invokevirtual exec {reexecute=0 rethrow=0 return_oop=0}
                      ; - java.util.concurrent.ForkJoinTask::doExec@10 (line 387)
                      ;   {virtual_call}
  0x00000001181d39e0: 0c3a db97 

  0x00000001181d39e4: ;   {other}
  0x00000001181d39e4: 1f20 03d5 | 9f4a 80f2 | 1f00 80f2 | c007 0034 | ec03 1daa | 8a31 0091 | 4afd df88 | 4001 0132 
  0x00000001181d3a04: 8b31 0091 | e803 0aaa | 60fd e888 | 1f01 0a6b | ea17 9f1a | 8b41 0091 | 6bfd df88 | 6df1 7dd3 
  0x00000001181d3a24: 6a08 0034 | ed00 00b5 | fd7b 43a9 | ff03 0191 

  0x00000001181d3a34: ;   {poll_return}
  0x00000001181d3a34: 882b 42f9 | ff63 28eb | c80c 0054 | c003 5fd6 | ab11 40b9 | 7df1 7dd3 | fd09 00b5 | fd03 002a 
  0x00000001181d3a54: ec03 00f9 | ed0b 00f9 | e303 1faa | e103 0caa | e203 0daa 

  0x00000001181d3a68: ; ImmutableOopMap {[0]=Oop [8]=Oop [16]=Oop }
                      ;*invokevirtual casAux {reexecute=0 rethrow=0 return_oop=0}
                      ; - java.util.concurrent.ForkJoinTask::signalWaiters@19 (line 302)
                      ; - java.util.concurrent.ForkJoinTask::setDone@11 (line 318)
                      ; - java.util.concurrent.ForkJoinTask::doExec@31 (line 393)
                      ;   {optimized virtual_call}
  0x00000001181d3a68: 36b3 7a96 

  0x00000001181d3a6c: ;   {other}
  0x00000001181d3a6c: 1f20 03d5 | 9f5b 80f2 | 1f20 80f2 | 4009 0034 | eb0b 40f9 | 6a0d 40b9 | 41f1 7dd3 | ea07 40f9 
  0x00000001181d3a8c: 3f00 0aeb | c005 0054 | a106 00b4 

  0x00000001181d3a98: ; ImmutableOopMap {[8]=Oop [16]=Oop }
                      ;*invokestatic unpark {reexecute=0 rethrow=0 return_oop=0}
                      ; - java.util.concurrent.ForkJoinTask::signalWaiters@46 (line 305)
                      ; - java.util.concurrent.ForkJoinTask::setDone@11 (line 318)
                      ; - java.util.concurrent.ForkJoinTask::doExec@31 (line 393)
                      ;   {static_call}
  0x00000001181d3a98: 6adc 5a96 

  0x00000001181d3a9c: ;   {other}
  0x00000001181d3a9c: 1f20 03d5 | 9f61 80f2 | 1f40 80f2 | ea0b 40f9 | 4a15 40b9 | 8b2f 42f9 

  0x00000001181d3ab4: ; ImmutableOopMap {r10=Oop [8]=Oop }
                      ;*goto {reexecute=1 rethrow=0 return_oop=0}
                      ; - (reexecute) java.util.concurrent.ForkJoinTask::signalWaiters@54 (line 303)
                      ; - java.util.concurrent.ForkJoinTask::setDone@11 (line 318)
                      ; - java.util.concurrent.ForkJoinTask::doExec@31 (line 393)
  0x00000001181d3ab4: 4af1 7dd3 

  0x00000001181d3ab8: ;   {poll}
  0x00000001181d3ab8: 7f01 40b9 | 6a00 00b4 | ea0b 00f9 | eeff ff17 | e003 1d2a | d8ff ff17 | 4117 8012 | ec03 00b9 
  0x00000001181d3ad8: ; ImmutableOopMap {}
                      ;*iflt {reexecute=1 rethrow=0 return_oop=0}
                      ; - (reexecute) java.util.concurrent.ForkJoinTask::doExec@6 (line 385)
                      ;   {runtime_call UncommonTrapBlob}
  0x00000001181d3ad8: 2a7d d797 

  0x00000001181d3adc: ;   {other}
  0x00000001181d3adc: 1f20 03d5 | 9f69 80f2 | 1f80 80f2 | e007 00b9 | 0c00 0014 | e103 1daa | e203 00aa | e9ff 9fd2 
  0x00000001181d3afc: e9ff bff2 | e9ff dff2 

  0x00000001181d3b04: ; ImmutableOopMap {rfp=Oop }
                      ;*invokevirtual trySetException {reexecute=0 rethrow=0 return_oop=0}
                      ; - java.util.concurrent.ForkJoinTask::doExec@20 (line 389)
                      ;   {virtual_call}
  0x00000001181d3b04: 5f62 d797 

  0x00000001181d3b08: ;   {other}
  0x00000001181d3b08: 1f20 03d5 | 1f6f 80f2 | 1fa0 80f2 | ea03 1f2a | e02b 0029 | 4117 8012 

  0x00000001181d3b20: ; ImmutableOopMap {}
                      ;*ifeq {reexecute=1 rethrow=0 return_oop=0}
                      ; - (reexecute) java.util.concurrent.ForkJoinTask::doExec@27 (line 392)
                      ;   {runtime_call UncommonTrapBlob}
  0x00000001181d3b20: 187d d797 

  0x00000001181d3b24: ;   {other}
  0x00000001181d3b24: 1f20 03d5 | 9f72 80f2 | 1fc0 80f2 | 4117 8012 | ea0b 00b9 

  0x00000001181d3b38: ; ImmutableOopMap {rfp=Oop }
                      ;*ifeq {reexecute=1 rethrow=0 return_oop=0}
                      ; - (reexecute) jdk.internal.misc.Unsafe::getAndBitwiseOrInt@21 (line 3191)
                      ; - java.util.concurrent.ForkJoinTask::getAndBitwiseOrStatus@8 (line 283)
                      ; - java.util.concurrent.ForkJoinTask::setDone@3 (line 317)
                      ; - java.util.concurrent.ForkJoinTask::doExec@31 (line 393)
                      ;   {runtime_call UncommonTrapBlob}
  0x00000001181d3b38: 127d d797 

  0x00000001181d3b3c: ;   {other}
  0x00000001181d3b3c: 1f20 03d5 | 9f75 80f2 | 1fe0 80f2 | e80b 40f9 | e803 00f9 | e12b 01a9 | 4117 8012 

  0x00000001181d3b58: ; ImmutableOopMap {[0]=Oop [16]=Oop [24]=Oop }
                      ;*if_acmpeq {reexecute=1 rethrow=0 return_oop=0}
                      ; - (reexecute) java.util.concurrent.ForkJoinTask::signalWaiters@38 (line 304)
                      ; - java.util.concurrent.ForkJoinTask::setDone@11 (line 318)
                      ; - java.util.concurrent.ForkJoinTask::doExec@31 (line 393)
                      ;   {runtime_call UncommonTrapBlob}
  0x00000001181d3b58: 0a7d d797 

  0x00000001181d3b5c: ;   {other}
  0x00000001181d3b5c: 1f20 03d5 | 9f79 80f2 | 1f00 81f2 | e80b 40f9 | e803 00f9 | e10b 00f9 | 4117 8012 

  0x00000001181d3b78: ; ImmutableOopMap {[0]=Oop [16]=Oop }
                      ;*ifnull {reexecute=1 rethrow=0 return_oop=0}
                      ; - (reexecute) java.util.concurrent.ForkJoinTask::signalWaiters@42 (line 304)
                      ; - java.util.concurrent.ForkJoinTask::setDone@11 (line 318)
                      ; - java.util.concurrent.ForkJoinTask::doExec@31 (line 393)
                      ;   {runtime_call UncommonTrapBlob}
  0x00000001181d3b78: 027d d797 

  0x00000001181d3b7c: ;   {other}
  0x00000001181d3b7c: 1f20 03d5 | 9f7d 80f2 | 1f20 81f2 | 4117 8012 | e003 00b9 

  0x00000001181d3b90: ; ImmutableOopMap {rfp=Oop }
                      ;*ifnonnull {reexecute=1 rethrow=0 return_oop=0}
                      ; - (reexecute) java.util.concurrent.ForkJoinTask::signalWaiters@13 (line 301)
                      ; - java.util.concurrent.ForkJoinTask::setDone@11 (line 318)
                      ; - java.util.concurrent.ForkJoinTask::doExec@31 (line 393)
                      ;   {runtime_call UncommonTrapBlob}
  0x00000001181d3b90: fc7c d797 

  0x00000001181d3b94: ;   {other}
  0x00000001181d3b94: 1f20 03d5 | 9f80 80f2 | 1f40 81f2 | e00b 00b9 | 4117 8012 

  0x00000001181d3ba8: ; ImmutableOopMap {[0]=Oop }
                      ;*ifeq {reexecute=1 rethrow=0 return_oop=0}
                      ; - (reexecute) java.util.concurrent.ForkJoinTask::signalWaiters@22 (line 302)
                      ; - java.util.concurrent.ForkJoinTask::setDone@11 (line 318)
                      ; - java.util.concurrent.ForkJoinTask::doExec@31 (line 393)
                      ;   {runtime_call UncommonTrapBlob}
  0x00000001181d3ba8: f67c d797 

  0x00000001181d3bac: ;   {other}
  0x00000001181d3bac: 1f20 03d5 | 9f83 80f2 | 1f60 81f2 | e103 00aa | 0300 0014 | 0100 0014 | e103 00aa | fd7b 43a9 
  0x00000001181d3bcc: ff03 0191 

  0x00000001181d3bd0: ;   {runtime_call _rethrow_Java}
  0x00000001181d3bd0: 4cfa da17 

  0x00000001181d3bd4: ;   {internal_word}
  0x00000001181d3bd4: 08f3 ff10 | 8837 02f9 

  0x00000001181d3bdc: ;   {runtime_call SafepointBlob}
  0x00000001181d3bdc: 497b d717 | 0830 8bd2 | 68ef a2f2 | 2800 c0f2 | 0001 3fd6 | 71ff ff17 

  0x00000001181d3bf4: ;   {other}
  0x00000001181d3bf4: 0b00 0000 
[Stub Code]
  0x00000001181d3bf8: ;   {no_reloc}
  0x00000001181d3bf8: 4800 0058 | 0001 1fd6 | 1022 8a17 | 0100 0000 

  0x00000001181d3c08: ;   {trampoline_stub}
  0x00000001181d3c08: 4800 0058 | 0001 1fd6 | 4007 0812 | 0100 0000 

  0x00000001181d3c18: ;   {trampoline_stub}
  0x00000001181d3c18: 4800 0058 | 0001 1fd6 | 40ac 8811 | 0100 0000 

  0x00000001181d3c28: ;   {trampoline_stub}
  0x00000001181d3c28: 4800 0058 | 0001 1fd6 | 80c4 7a17 | 0100 0000 

  0x00000001181d3c38: ;   {static_stub}
  0x00000001181d3c38: df3f 03d5 

  0x00000001181d3c3c: ;   {metadata({method} {0x00000003001405b0} 'casAux' '(Ljava/util/concurrent/ForkJoinTask$Aux;Ljava/util/concurrent/ForkJoinTask$Aux;)Z' in 'java/util/concurrent/ForkJoinTask')}
  0x00000001181d3c3c: 0cb6 80d2 | 8c02 a0f2 | 6c00 c0f2 | 082b 91d2 | 48ef a2f2 | 2800 c0f2 | 0001 1fd6 

  0x00000001181d3c58: ;   {static_stub}
  0x00000001181d3c58: df3f 03d5 

  0x00000001181d3c5c: ;   {metadata(nullptr)}
  0x00000001181d3c5c: 0c00 80d2 | 0c00 a0f2 | 0c00 c0f2 | 0800 80d2 | 0800 a0f2 | 0800 c0f2 | 0001 1fd6 
[Exception Handler]
  0x00000001181d3c78: ;   {runtime_call ExceptionBlob}
  0x00000001181d3c78: 42da da17 
[Deopt Handler Code]
  0x00000001181d3c7c: 1e00 0010 

  0x00000001181d3c80: ;   {runtime_call DeoptimizationBlob}
  0x00000001181d3c80: f07b d717 | 0000 0000 
[/MachCode]


---------------  P R O C E S S  ---------------

Threads class SMR info:
_java_thread_list=0x00000009a4568760, length=29, elements={
0x00000001013f55a0, 0x0000000101409270, 0x00000009a9154000, 0x00000009a9154700,
0x00000009a9154e00, 0x00000009a9155500, 0x00000009a912e000, 0x00000009a912e800,
0x00000009a9155c00, 0x00000009a9156300, 0x00000009a9a0f100, 0x00000009a9a44000,
0x00000009a9a44700, 0x00000009a9a44e00, 0x00000009a9a46300, 0x00000009a9a46a00,
0x00000009ab2fc700, 0x00000009ab2ff100, 0x00000009ab2ff800, 0x00000009aa94c700,
0x00000009ac8c0000, 0x00000009ac8c0700, 0x00000009ac8c0e00, 0x00000009ac8c1500,
0x00000009ac8c1c00, 0x00000009ac8c2300, 0x00000009ac8c2a00, 0x00000009ac8c3100,
0x00000009ac8c3800
}

Java Threads: ( => current thread )
  0x00000001013f55a0 JavaThread "main"                              [_thread_in_Java, id=4355, stack(0x000000016f0e0000,0x000000016f2e3000) (2060K)]
  0x0000000101409270 JavaThread "Reference Handler"          daemon [_thread_blocked, id=30211, stack(0x0000000170258000,0x000000017045b000) (2060K)]
  0x00000009a9154000 JavaThread "Finalizer"                  daemon [_thread_blocked, id=25091, stack(0x0000000170464000,0x0000000170667000) (2060K)]
  0x00000009a9154700 JavaThread "Signal Dispatcher"          daemon [_thread_blocked, id=25347, stack(0x0000000170670000,0x0000000170873000) (2060K)]
  0x00000009a9154e00 JavaThread "Service Thread"             daemon [_thread_blocked, id=25603, stack(0x000000017087c000,0x0000000170a7f000) (2060K)]
  0x00000009a9155500 JavaThread "Monitor Deflation Thread"   daemon [_thread_blocked, id=25859, stack(0x0000000170a88000,0x0000000170c8b000) (2060K)]
  0x00000009a912e000 JavaThread "C2 CompilerThread0"         daemon [_thread_in_native, id=26371, stack(0x0000000170c94000,0x0000000170e97000) (2060K)]
  0x00000009a912e800 JavaThread "C1 CompilerThread0"         daemon [_thread_blocked, id=26627, stack(0x0000000170ea0000,0x00000001710a3000) (2060K)]
  0x00000009a9155c00 JavaThread "Notification Thread"        daemon [_thread_blocked, id=27139, stack(0x00000001710ac000,0x00000001712af000) (2060K)]
  0x00000009a9156300 JavaThread "Common-Cleaner"             daemon [_thread_blocked, id=28675, stack(0x00000001712b8000,0x00000001714bb000) (2060K)]
  0x00000009a9a0f100 JavaThread "coursier-pool-1-thread-1"   daemon [_thread_blocked, id=42499, stack(0x0000000171f00000,0x0000000172103000) (2060K)]
  0x00000009a9a44000 JavaThread "coursier-pool-1-thread-2"   daemon [_thread_blocked, id=33539, stack(0x000000017210c000,0x000000017230f000) (2060K)]
  0x00000009a9a44700 JavaThread "coursier-pool-1-thread-3"   daemon [_thread_blocked, id=34051, stack(0x0000000172318000,0x000000017251b000) (2060K)]
  0x00000009a9a44e00 JavaThread "coursier-pool-1-thread-4"   daemon [_thread_blocked, id=41987, stack(0x0000000172524000,0x0000000172727000) (2060K)]
  0x00000009a9a46300 JavaThread "coursier-pool-1-thread-5"   daemon [_thread_blocked, id=41731, stack(0x0000000172730000,0x0000000172933000) (2060K)]
  0x00000009a9a46a00 JavaThread "coursier-pool-1-thread-6"   daemon [_thread_blocked, id=41219, stack(0x000000017293c000,0x0000000172b3f000) (2060K)]
  0x00000009ab2fc700 JavaThread "AppKit Thread"              daemon [_thread_in_native, id=259, stack(0x000000016e858000,0x000000016f054000) (8176K)]
  0x00000009ab2ff100 JavaThread "AWT-Shutdown"                      [_thread_blocked, id=92683, stack(0x0000000173658000,0x000000017385b000) (2060K)]
  0x00000009ab2ff800 JavaThread "Java2D Queue Flusher"       daemon [_thread_blocked, id=113715, stack(0x00000001738f0000,0x0000000173af3000) (2060K)]
  0x00000009aa94c700 JavaThread "Java2D Disposer"            daemon [_thread_blocked, id=114739, stack(0x0000000173afc000,0x0000000173cff000) (2060K)]
  0x00000009ac8c0000 JavaThread "AWT-EventQueue-0"                  [_thread_blocked, id=108875, stack(0x000000039af88000,0x000000039b18b000) (2060K)]
  0x00000009ac8c0700 JavaThread "TimerQueue"                 daemon [_thread_blocked, id=108315, stack(0x000000039b194000,0x000000039b397000) (2060K)]
  0x00000009ac8c0e00 JavaThread "ForkJoinPool-3-worker-1"    daemon [_thread_blocked, id=170755, stack(0x0000000343334000,0x0000000343537000) (2060K)]
  0x00000009ac8c1500 JavaThread "VirtualThread-unparker"     daemon [_thread_blocked, id=170499, stack(0x0000000343540000,0x0000000343743000) (2060K)]
  0x00000009ac8c1c00 JavaThread "ForkJoinPool-3-worker-2"    daemon [_thread_blocked, id=168539, stack(0x0000000343d1c000,0x0000000343f1f000) (2060K)]
  0x00000009ac8c2300 JavaThread "ForkJoinPool-3-worker-3"    daemon [_thread_blocked, id=166771, stack(0x0000000344d5c000,0x0000000344f5f000) (2060K)]
  0x00000009ac8c2a00 JavaThread "ForkJoinPool-3-worker-4"    daemon [_thread_blocked, id=141331, stack(0x000000039d2f0000,0x000000039d4f3000) (2060K)]
  0x00000009ac8c3100 JavaThread "ForkJoinPool-3-worker-5"    daemon [_thread_blocked, id=162067, stack(0x000000039d4fc000,0x000000039d6ff000) (2060K)]
=>0x00000009ac8c3800 JavaThread "ForkJoinPool-3-worker-6"    daemon [_thread_in_native, id=161319, stack(0x000000039d708000,0x000000039d90b000) (2060K)]
Total: 29

Other Threads:
  0x00000009a8ca5c00 VMThread "VM Thread"                           [id=19715, stack(0x000000016ff34000,0x0000000170137000) (2060K)]
  0x0000000101403030 WatcherThread "VM Periodic Task Thread"        [id=20739, stack(0x000000016fd28000,0x000000016ff2b000) (2060K)]
  0x00000001013fc520 WorkerThread "GC Thread#0"                     [id=14851, stack(0x000000016f2ec000,0x000000016f4ef000) (2060K)]
  0x00000009a8eaf000 WorkerThread "GC Thread#1"                     [id=28419, stack(0x00000001714c4000,0x00000001716c7000) (2060K)]
  0x00000009a8eaf400 WorkerThread "GC Thread#2"                     [id=28163, stack(0x00000001716d0000,0x00000001718d3000) (2060K)]
  0x00000009a8eaf800 WorkerThread "GC Thread#3"                     [id=32771, stack(0x00000001718dc000,0x0000000171adf000) (2060K)]
  0x00000009a8eafc00 WorkerThread "GC Thread#4"                     [id=33027, stack(0x0000000171ae8000,0x0000000171ceb000) (2060K)]
  0x00000009a8f9c000 WorkerThread "GC Thread#5"                     [id=43011, stack(0x0000000171cf4000,0x0000000171ef7000) (2060K)]
  0x00000009a71a4400 WorkerThread "GC Thread#6"                     [id=35075, stack(0x0000000172b48000,0x0000000172d4b000) (2060K)]
  0x00000009a729c000 WorkerThread "GC Thread#7"                     [id=40707, stack(0x0000000172f60000,0x0000000173163000) (2060K)]
  0x00000001013fce40 ConcurrentGCThread "G1 Main Marker"            [id=14339, stack(0x000000016f4f8000,0x000000016f6fb000) (2060K)]
  0x00000001013fd8f0 WorkerThread "G1 Conc#0"                       [id=13059, stack(0x000000016f704000,0x000000016f907000) (2060K)]
  0x00000009a71a5400 WorkerThread "G1 Conc#1"                       [id=35587, stack(0x0000000172d54000,0x0000000172f57000) (2060K)]
  0x00000009a8c0cf00 ConcurrentGCThread "G1 Refine#0"               [id=13571, stack(0x000000016f910000,0x000000016fb13000) (2060K)]
  0x00000009a8ca4800 ConcurrentGCThread "G1 Service"                [id=21507, stack(0x000000016fb1c000,0x000000016fd1f000) (2060K)]
Total: 15

Threads with active compile tasks:
C2 CompilerThread0  13502 18737       4       Concurrent.Channel.Def$selectHelper::staticApply (1533 bytes)
Total: 1

VM state: not at safepoint (normal execution)

VM Mutex/Monitor currently owned by a thread: None

Heap address: 0x00000004d5000000, size: 4096 MB, Compressed Oops mode: Zero based, Oop shift amount: 3

CDS archive(s) mapped at: [0x0000000300000000-0x0000000300cf8000-0x0000000300cf8000), size 13598720, SharedBaseAddress: 0x0000000300000000, ArchiveRelocationMode: 1.
Compressed class space mapped at: 0x0000000301000000-0x0000000341000000, reserved size: 1073741824
Narrow klass base: 0x0000000300000000, Narrow klass shift: 0, Narrow klass range: 0x100000000

GC Precious Log:
 CardTable entry size: 512
 Card Set container configuration: InlinePtr #cards 4 size 8 Array Of Cards #cards 16 size 48 Howl #buckets 8 coarsen threshold 3686 Howl Bitmap #cards 512 size 80 coarsen threshold 460 Card regions per heap region 1 cards per card region 4096
 CPUs: 8 total, 8 available
 Memory: 16384M
 Large Page Support: Disabled
 NUMA Support: Disabled
 Compressed Oops: Enabled (Zero based)
 Heap Region Size: 2M
 Heap Min Capacity: 8M
 Heap Initial Capacity: 256M
 Heap Max Capacity: 4G
 Pre-touch: Disabled
 Parallel Workers: 8
 Concurrent Workers: 2
 Concurrent Refinement Workers: 8
 Periodic GC: Disabled

Heap:
 garbage-first heap   total 1085440K, used 639325K [0x00000004d5000000, 0x00000005d5000000)
  region size 2048K, 162 young (331776K), 7 survivors (14336K)
 Metaspace       used 91344K, committed 91840K, reserved 1179648K
  class space    used 14309K, committed 14528K, reserved 1048576K

Heap Regions: E=young(eden), S=young(survivor), O=old, HS=humongous(starts), HC=humongous(continues), CS=collection set, F=free, TAMS=top-at-mark-start, PB=parsable bottom
|   0|0x00000004d5000000, 0x00000004d5200000, 0x00000004d5200000|100%| O|  |TAMS 0x00000004d5000000| PB 0x00000004d5000000| Untracked 
|   1|0x00000004d5200000, 0x00000004d5400000, 0x00000004d5400000|100%| O|  |TAMS 0x00000004d5200000| PB 0x00000004d5200000| Untracked 
|   2|0x00000004d5400000, 0x00000004d5600000, 0x00000004d5600000|100%|HS|  |TAMS 0x00000004d5400000| PB 0x00000004d5400000| Complete 
|   3|0x00000004d5600000, 0x00000004d5800000, 0x00000004d5800000|100%|HC|  |TAMS 0x00000004d5600000| PB 0x00000004d5600000| Complete 
|   4|0x00000004d5800000, 0x00000004d5a00000, 0x00000004d5a00000|100%| O|  |TAMS 0x00000004d5800000| PB 0x00000004d5800000| Untracked 
|   5|0x00000004d5a00000, 0x00000004d5c00000, 0x00000004d5c00000|100%| O|  |TAMS 0x00000004d5a00000| PB 0x00000004d5a00000| Untracked 
|   6|0x00000004d5c00000, 0x00000004d5e00000, 0x00000004d5e00000|100%| O|  |TAMS 0x00000004d5c00000| PB 0x00000004d5c00000| Untracked 
|   7|0x00000004d5e00000, 0x00000004d6000000, 0x00000004d6000000|100%| O|  |TAMS 0x00000004d5e00000| PB 0x00000004d5e00000| Untracked 
|   8|0x00000004d6000000, 0x00000004d6200000, 0x00000004d6200000|100%| O|  |TAMS 0x00000004d6000000| PB 0x00000004d6000000| Untracked 
|   9|0x00000004d6200000, 0x00000004d6400000, 0x00000004d6400000|100%| O|  |TAMS 0x00000004d6200000| PB 0x00000004d6200000| Untracked 
|  10|0x00000004d6400000, 0x00000004d6600000, 0x00000004d6600000|100%| O|  |TAMS 0x00000004d6400000| PB 0x00000004d6400000| Untracked 
|  11|0x00000004d6600000, 0x00000004d6800000, 0x00000004d6800000|100%| O|  |TAMS 0x00000004d6600000| PB 0x00000004d6600000| Untracked 
|  12|0x00000004d6800000, 0x00000004d6a00000, 0x00000004d6a00000|100%| O|Cm|TAMS 0x00000004d6800000| PB 0x00000004d6800000| Complete 
|  13|0x00000004d6a00000, 0x00000004d6c00000, 0x00000004d6c00000|100%| O|Cm|TAMS 0x00000004d6a00000| PB 0x00000004d6a00000| Complete 
|  14|0x00000004d6c00000, 0x00000004d6e00000, 0x00000004d6e00000|100%| O|  |TAMS 0x00000004d6c00000| PB 0x00000004d6c00000| Untracked 
|  15|0x00000004d6e00000, 0x00000004d7000000, 0x00000004d7000000|100%| O|Cm|TAMS 0x00000004d6e00000| PB 0x00000004d6e00000| Complete 
|  16|0x00000004d7000000, 0x00000004d7200000, 0x00000004d7200000|100%| O|Cm|TAMS 0x00000004d7000000| PB 0x00000004d7000000| Complete 
|  17|0x00000004d7200000, 0x00000004d7400000, 0x00000004d7400000|100%| O|Cm|TAMS 0x00000004d7200000| PB 0x00000004d7200000| Complete 
|  18|0x00000004d7400000, 0x00000004d7600000, 0x00000004d7600000|100%| O|Cm|TAMS 0x00000004d7400000| PB 0x00000004d7400000| Complete 
|  19|0x00000004d7600000, 0x00000004d7800000, 0x00000004d7800000|100%| O|Cm|TAMS 0x00000004d7600000| PB 0x00000004d7600000| Complete 
|  20|0x00000004d7800000, 0x00000004d7a00000, 0x00000004d7a00000|100%| O|Cm|TAMS 0x00000004d7800000| PB 0x00000004d7800000| Complete 
|  21|0x00000004d7a00000, 0x00000004d7c00000, 0x00000004d7c00000|100%| O|Cm|TAMS 0x00000004d7a00000| PB 0x00000004d7a00000| Complete 
|  22|0x00000004d7c00000, 0x00000004d7e00000, 0x00000004d7e00000|100%| O|Cm|TAMS 0x00000004d7c00000| PB 0x00000004d7c00000| Complete 
|  23|0x00000004d7e00000, 0x00000004d8000000, 0x00000004d8000000|100%| O|Cm|TAMS 0x00000004d7e00000| PB 0x00000004d7e00000| Complete 
|  24|0x00000004d8000000, 0x00000004d8200000, 0x00000004d8200000|100%| O|Cm|TAMS 0x00000004d8000000| PB 0x00000004d8000000| Complete 
|  25|0x00000004d8200000, 0x00000004d8400000, 0x00000004d8400000|100%| O|Cm|TAMS 0x00000004d8200000| PB 0x00000004d8200000| Complete 
|  26|0x00000004d8400000, 0x00000004d8600000, 0x00000004d8600000|100%| O|Cm|TAMS 0x00000004d8400000| PB 0x00000004d8400000| Complete 
|  27|0x00000004d8600000, 0x00000004d8800000, 0x00000004d8800000|100%| O|Cm|TAMS 0x00000004d8600000| PB 0x00000004d8600000| Complete 
|  28|0x00000004d8800000, 0x00000004d8a00000, 0x00000004d8a00000|100%| O|Cm|TAMS 0x00000004d8800000| PB 0x00000004d8800000| Complete 
|  29|0x00000004d8a00000, 0x00000004d8c00000, 0x00000004d8c00000|100%| O|  |TAMS 0x00000004d8a00000| PB 0x00000004d8a00000| Untracked 
|  30|0x00000004d8c00000, 0x00000004d8e00000, 0x00000004d8e00000|100%| O|Cm|TAMS 0x00000004d8c00000| PB 0x00000004d8c00000| Complete 
|  31|0x00000004d8e00000, 0x00000004d9000000, 0x00000004d9000000|100%| O|Cm|TAMS 0x00000004d8e00000| PB 0x00000004d8e00000| Complete 
|  32|0x00000004d9000000, 0x00000004d9200000, 0x00000004d9200000|100%| O|Cm|TAMS 0x00000004d9000000| PB 0x00000004d9000000| Complete 
|  33|0x00000004d9200000, 0x00000004d9400000, 0x00000004d9400000|100%| O|Cm|TAMS 0x00000004d9200000| PB 0x00000004d9200000| Complete 
|  34|0x00000004d9400000, 0x00000004d9600000, 0x00000004d9600000|100%| O|Cm|TAMS 0x00000004d9400000| PB 0x00000004d9400000| Complete 
|  35|0x00000004d9600000, 0x00000004d9800000, 0x00000004d9800000|100%| O|Cm|TAMS 0x00000004d9600000| PB 0x00000004d9600000| Complete 
|  36|0x00000004d9800000, 0x00000004d9a00000, 0x00000004d9a00000|100%| O|Cm|TAMS 0x00000004d9800000| PB 0x00000004d9800000| Complete 
|  37|0x00000004d9a00000, 0x00000004d9c00000, 0x00000004d9c00000|100%| O|Cm|TAMS 0x00000004d9a00000| PB 0x00000004d9a00000| Complete 
|  38|0x00000004d9c00000, 0x00000004d9e00000, 0x00000004d9e00000|100%| O|Cm|TAMS 0x00000004d9c00000| PB 0x00000004d9c00000| Complete 
|  39|0x00000004d9e00000, 0x00000004da000000, 0x00000004da000000|100%| O|Cm|TAMS 0x00000004d9e00000| PB 0x00000004d9e00000| Complete 
|  40|0x00000004da000000, 0x00000004da200000, 0x00000004da200000|100%| O|Cm|TAMS 0x00000004da000000| PB 0x00000004da000000| Complete 
|  41|0x00000004da200000, 0x00000004da400000, 0x00000004da400000|100%| O|Cm|TAMS 0x00000004da200000| PB 0x00000004da200000| Complete 
|  42|0x00000004da400000, 0x00000004da600000, 0x00000004da600000|100%| O|  |TAMS 0x00000004da400000| PB 0x00000004da400000| Untracked 
|  43|0x00000004da600000, 0x00000004da800000, 0x00000004da800000|100%| O|Cm|TAMS 0x00000004da600000| PB 0x00000004da600000| Complete 
|  44|0x00000004da800000, 0x00000004daa00000, 0x00000004daa00000|100%| O|Cm|TAMS 0x00000004da800000| PB 0x00000004da800000| Complete 
|  45|0x00000004daa00000, 0x00000004dac00000, 0x00000004dac00000|100%| O|Cm|TAMS 0x00000004daa00000| PB 0x00000004daa00000| Complete 
|  46|0x00000004dac00000, 0x00000004dae00000, 0x00000004dae00000|100%| O|Cm|TAMS 0x00000004dac00000| PB 0x00000004dac00000| Complete 
|  47|0x00000004dae00000, 0x00000004db000000, 0x00000004db000000|100%| O|  |TAMS 0x00000004dae00000| PB 0x00000004dae00000| Untracked 
|  48|0x00000004db000000, 0x00000004db200000, 0x00000004db200000|100%| O|Cm|TAMS 0x00000004db000000| PB 0x00000004db000000| Complete 
|  49|0x00000004db200000, 0x00000004db400000, 0x00000004db400000|100%| O|Cm|TAMS 0x00000004db200000| PB 0x00000004db200000| Complete 
|  50|0x00000004db400000, 0x00000004db600000, 0x00000004db600000|100%| O|Cm|TAMS 0x00000004db400000| PB 0x00000004db400000| Complete 
|  51|0x00000004db600000, 0x00000004db800000, 0x00000004db800000|100%| O|Cm|TAMS 0x00000004db600000| PB 0x00000004db600000| Complete 
|  52|0x00000004db800000, 0x00000004dba00000, 0x00000004dba00000|100%| O|Cm|TAMS 0x00000004db800000| PB 0x00000004db800000| Complete 
|  53|0x00000004dba00000, 0x00000004dbc00000, 0x00000004dbc00000|100%| O|Cm|TAMS 0x00000004dba00000| PB 0x00000004dba00000| Complete 
|  54|0x00000004dbc00000, 0x00000004dbe00000, 0x00000004dbe00000|100%| O|Cm|TAMS 0x00000004dbc00000| PB 0x00000004dbc00000| Complete 
|  55|0x00000004dbe00000, 0x00000004dc000000, 0x00000004dc000000|100%| O|Cm|TAMS 0x00000004dbe00000| PB 0x00000004dbe00000| Complete 
|  56|0x00000004dc000000, 0x00000004dc200000, 0x00000004dc200000|100%| O|Cm|TAMS 0x00000004dc000000| PB 0x00000004dc000000| Complete 
|  57|0x00000004dc200000, 0x00000004dc400000, 0x00000004dc400000|100%| O|Cm|TAMS 0x00000004dc200000| PB 0x00000004dc200000| Complete 
|  58|0x00000004dc400000, 0x00000004dc600000, 0x00000004dc600000|100%| O|Cm|TAMS 0x00000004dc400000| PB 0x00000004dc400000| Complete 
|  59|0x00000004dc600000, 0x00000004dc800000, 0x00000004dc800000|100%| O|Cm|TAMS 0x00000004dc600000| PB 0x00000004dc600000| Complete 
|  60|0x00000004dc800000, 0x00000004dca00000, 0x00000004dca00000|100%| O|Cm|TAMS 0x00000004dc800000| PB 0x00000004dc800000| Complete 
|  61|0x00000004dca00000, 0x00000004dcc00000, 0x00000004dcc00000|100%| O|  |TAMS 0x00000004dca00000| PB 0x00000004dca00000| Untracked 
|  62|0x00000004dcc00000, 0x00000004dce00000, 0x00000004dce00000|100%| O|Cm|TAMS 0x00000004dcc00000| PB 0x00000004dcc00000| Complete 
|  63|0x00000004dce00000, 0x00000004dd000000, 0x00000004dd000000|100%| O|Cm|TAMS 0x00000004dce00000| PB 0x00000004dce00000| Complete 
|  64|0x00000004dd000000, 0x00000004dd200000, 0x00000004dd200000|100%| O|Cm|TAMS 0x00000004dd000000| PB 0x00000004dd000000| Complete 
|  65|0x00000004dd200000, 0x00000004dd400000, 0x00000004dd400000|100%| O|Cm|TAMS 0x00000004dd200000| PB 0x00000004dd200000| Complete 
|  66|0x00000004dd400000, 0x00000004dd600000, 0x00000004dd600000|100%| O|Cm|TAMS 0x00000004dd400000| PB 0x00000004dd400000| Complete 
|  67|0x00000004dd600000, 0x00000004dd800000, 0x00000004dd800000|100%| O|Cm|TAMS 0x00000004dd600000| PB 0x00000004dd600000| Complete 
|  68|0x00000004dd800000, 0x00000004dda00000, 0x00000004dda00000|100%| O|Cm|TAMS 0x00000004dd800000| PB 0x00000004dd800000| Complete 
|  69|0x00000004dda00000, 0x00000004ddc00000, 0x00000004ddc00000|100%| O|Cm|TAMS 0x00000004dda00000| PB 0x00000004dda00000| Complete 
|  70|0x00000004ddc00000, 0x00000004dde00000, 0x00000004dde00000|100%| O|Cm|TAMS 0x00000004ddc00000| PB 0x00000004ddc00000| Complete 
|  71|0x00000004dde00000, 0x00000004de000000, 0x00000004de000000|100%| O|Cm|TAMS 0x00000004dde00000| PB 0x00000004dde00000| Complete 
|  72|0x00000004de000000, 0x00000004de200000, 0x00000004de200000|100%| O|Cm|TAMS 0x00000004de000000| PB 0x00000004de000000| Complete 
|  73|0x00000004de200000, 0x00000004de400000, 0x00000004de400000|100%| O|  |TAMS 0x00000004de200000| PB 0x00000004de200000| Untracked 
|  74|0x00000004de400000, 0x00000004de600000, 0x00000004de600000|100%| O|  |TAMS 0x00000004de400000| PB 0x00000004de400000| Untracked 
|  75|0x00000004de600000, 0x00000004de800000, 0x00000004de800000|100%| O|  |TAMS 0x00000004de600000| PB 0x00000004de600000| Untracked 
|  76|0x00000004de800000, 0x00000004dea00000, 0x00000004dea00000|100%| O|Cm|TAMS 0x00000004de800000| PB 0x00000004de800000| Complete 
|  77|0x00000004dea00000, 0x00000004dec00000, 0x00000004dec00000|100%| O|Cm|TAMS 0x00000004dea00000| PB 0x00000004dea00000| Complete 
|  78|0x00000004dec00000, 0x00000004dee00000, 0x00000004dee00000|100%| O|Cm|TAMS 0x00000004dec00000| PB 0x00000004dec00000| Complete 
|  79|0x00000004dee00000, 0x00000004df000000, 0x00000004df000000|100%| O|Cm|TAMS 0x00000004dee00000| PB 0x00000004dee00000| Complete 
|  80|0x00000004df000000, 0x00000004df200000, 0x00000004df200000|100%| O|Cm|TAMS 0x00000004df000000| PB 0x00000004df000000| Complete 
|  81|0x00000004df200000, 0x00000004df400000, 0x00000004df400000|100%| O|  |TAMS 0x00000004df200000| PB 0x00000004df200000| Untracked 
|  82|0x00000004df400000, 0x00000004df600000, 0x00000004df600000|100%| O|  |TAMS 0x00000004df400000| PB 0x00000004df400000| Untracked 
|  83|0x00000004df600000, 0x00000004df800000, 0x00000004df800000|100%| O|Cm|TAMS 0x00000004df600000| PB 0x00000004df600000| Complete 
|  84|0x00000004df800000, 0x00000004dfa00000, 0x00000004dfa00000|100%| O|Cm|TAMS 0x00000004df800000| PB 0x00000004df800000| Complete 
|  85|0x00000004dfa00000, 0x00000004dfc00000, 0x00000004dfc00000|100%| O|Cm|TAMS 0x00000004dfa00000| PB 0x00000004dfa00000| Complete 
|  86|0x00000004dfc00000, 0x00000004dfe00000, 0x00000004dfe00000|100%| O|Cm|TAMS 0x00000004dfc00000| PB 0x00000004dfc00000| Complete 
|  87|0x00000004dfe00000, 0x00000004e0000000, 0x00000004e0000000|100%| O|Cm|TAMS 0x00000004dfe00000| PB 0x00000004dfe00000| Complete 
|  88|0x00000004e0000000, 0x00000004e0200000, 0x00000004e0200000|100%| O|Cm|TAMS 0x00000004e0000000| PB 0x00000004e0000000| Complete 
|  89|0x00000004e0200000, 0x00000004e0400000, 0x00000004e0400000|100%| O|Cm|TAMS 0x00000004e0200000| PB 0x00000004e0200000| Complete 
|  90|0x00000004e0400000, 0x00000004e0600000, 0x00000004e0600000|100%| O|Cm|TAMS 0x00000004e0400000| PB 0x00000004e0400000| Complete 
|  91|0x00000004e0600000, 0x00000004e0800000, 0x00000004e0800000|100%| O|Cm|TAMS 0x00000004e0600000| PB 0x00000004e0600000| Complete 
|  92|0x00000004e0800000, 0x00000004e0a00000, 0x00000004e0a00000|100%| O|Cm|TAMS 0x00000004e0800000| PB 0x00000004e0800000| Complete 
|  93|0x00000004e0a00000, 0x00000004e0c00000, 0x00000004e0c00000|100%| O|Cm|TAMS 0x00000004e0a00000| PB 0x00000004e0a00000| Complete 
|  94|0x00000004e0c00000, 0x00000004e0e00000, 0x00000004e0e00000|100%| O|Cm|TAMS 0x00000004e0c00000| PB 0x00000004e0c00000| Complete 
|  95|0x00000004e0e00000, 0x00000004e1000000, 0x00000004e1000000|100%| O|Cm|TAMS 0x00000004e0e00000| PB 0x00000004e0e00000| Complete 
|  96|0x00000004e1000000, 0x00000004e1200000, 0x00000004e1200000|100%| O|Cm|TAMS 0x00000004e1000000| PB 0x00000004e1000000| Complete 
|  97|0x00000004e1200000, 0x00000004e1400000, 0x00000004e1400000|100%| O|Cm|TAMS 0x00000004e1200000| PB 0x00000004e1200000| Complete 
|  98|0x00000004e1400000, 0x00000004e1600000, 0x00000004e1600000|100%| O|Cm|TAMS 0x00000004e1400000| PB 0x00000004e1400000| Complete 
|  99|0x00000004e1600000, 0x00000004e1800000, 0x00000004e1800000|100%| O|Cm|TAMS 0x00000004e1600000| PB 0x00000004e1600000| Complete 
| 100|0x00000004e1800000, 0x00000004e1a00000, 0x00000004e1a00000|100%| O|Cm|TAMS 0x00000004e1800000| PB 0x00000004e1800000| Complete 
| 101|0x00000004e1a00000, 0x00000004e1a00000, 0x00000004e1c00000|  0%| F|  |TAMS 0x00000004e1a00000| PB 0x00000004e1a00000| Untracked 
| 102|0x00000004e1c00000, 0x00000004e1c00000, 0x00000004e1e00000|  0%| F|  |TAMS 0x00000004e1c00000| PB 0x00000004e1c00000| Untracked 
| 103|0x00000004e1e00000, 0x00000004e1e00000, 0x00000004e2000000|  0%| F|  |TAMS 0x00000004e1e00000| PB 0x00000004e1e00000| Untracked 
| 104|0x00000004e2000000, 0x00000004e2000000, 0x00000004e2200000|  0%| F|  |TAMS 0x00000004e2000000| PB 0x00000004e2000000| Untracked 
| 105|0x00000004e2200000, 0x00000004e2400000, 0x00000004e2400000|100%| O|  |TAMS 0x00000004e2200000| PB 0x00000004e2200000| Untracked 
| 106|0x00000004e2400000, 0x00000004e2600000, 0x00000004e2600000|100%| O|  |TAMS 0x00000004e2400000| PB 0x00000004e2400000| Untracked 
| 107|0x00000004e2600000, 0x00000004e2800000, 0x00000004e2800000|100%| O|Cm|TAMS 0x00000004e2600000| PB 0x00000004e2600000| Complete 
| 108|0x00000004e2800000, 0x00000004e2a00000, 0x00000004e2a00000|100%| O|Cm|TAMS 0x00000004e2800000| PB 0x00000004e2800000| Complete 
| 109|0x00000004e2a00000, 0x00000004e2c00000, 0x00000004e2c00000|100%| O|  |TAMS 0x00000004e2a00000| PB 0x00000004e2a00000| Untracked 
| 110|0x00000004e2c00000, 0x00000004e2e00000, 0x00000004e2e00000|100%| O|  |TAMS 0x00000004e2c00000| PB 0x00000004e2c00000| Untracked 
| 111|0x00000004e2e00000, 0x00000004e3000000, 0x00000004e3000000|100%| O|  |TAMS 0x00000004e2e00000| PB 0x00000004e2e00000| Untracked 
| 112|0x00000004e3000000, 0x00000004e3200000, 0x00000004e3200000|100%| O|  |TAMS 0x00000004e3000000| PB 0x00000004e3000000| Untracked 
| 113|0x00000004e3200000, 0x00000004e3400000, 0x00000004e3400000|100%| O|Cm|TAMS 0x00000004e3200000| PB 0x00000004e3200000| Complete 
| 114|0x00000004e3400000, 0x00000004e3600000, 0x00000004e3600000|100%| O|Cm|TAMS 0x00000004e3400000| PB 0x00000004e3400000| Complete 
| 115|0x00000004e3600000, 0x00000004e3800000, 0x00000004e3800000|100%| O|Cm|TAMS 0x00000004e3600000| PB 0x00000004e3600000| Complete 
| 116|0x00000004e3800000, 0x00000004e3a00000, 0x00000004e3a00000|100%| O|Cm|TAMS 0x00000004e3800000| PB 0x00000004e3800000| Complete 
| 117|0x00000004e3a00000, 0x00000004e3c00000, 0x00000004e3c00000|100%| O|Cm|TAMS 0x00000004e3a00000| PB 0x00000004e3a00000| Complete 
| 118|0x00000004e3c00000, 0x00000004e3e00000, 0x00000004e3e00000|100%| O|Cm|TAMS 0x00000004e3c00000| PB 0x00000004e3c00000| Complete 
| 119|0x00000004e3e00000, 0x00000004e4000000, 0x00000004e4000000|100%| O|Cm|TAMS 0x00000004e3e00000| PB 0x00000004e3e00000| Complete 
| 120|0x00000004e4000000, 0x00000004e4200000, 0x00000004e4200000|100%| O|Cm|TAMS 0x00000004e4000000| PB 0x00000004e4000000| Complete 
| 121|0x00000004e4200000, 0x00000004e4400000, 0x00000004e4400000|100%| O|Cm|TAMS 0x00000004e4200000| PB 0x00000004e4200000| Complete 
| 122|0x00000004e4400000, 0x00000004e4600000, 0x00000004e4600000|100%| O|Cm|TAMS 0x00000004e4400000| PB 0x00000004e4400000| Complete 
| 123|0x00000004e4600000, 0x00000004e4600000, 0x00000004e4800000|  0%| F|  |TAMS 0x00000004e4600000| PB 0x00000004e4600000| Untracked 
| 124|0x00000004e4800000, 0x00000004e4800000, 0x00000004e4a00000|  0%| F|  |TAMS 0x00000004e4800000| PB 0x00000004e4800000| Untracked 
| 125|0x00000004e4a00000, 0x00000004e4a00000, 0x00000004e4c00000|  0%| F|  |TAMS 0x00000004e4a00000| PB 0x00000004e4a00000| Untracked 
| 126|0x00000004e4c00000, 0x00000004e4c00000, 0x00000004e4e00000|  0%| F|  |TAMS 0x00000004e4c00000| PB 0x00000004e4c00000| Untracked 
| 127|0x00000004e4e00000, 0x00000004e4e00000, 0x00000004e5000000|  0%| F|  |TAMS 0x00000004e4e00000| PB 0x00000004e4e00000| Untracked 
| 128|0x00000004e5000000, 0x00000004e5000000, 0x00000004e5200000|  0%| F|  |TAMS 0x00000004e5000000| PB 0x00000004e5000000| Untracked 
| 129|0x00000004e5200000, 0x00000004e5200000, 0x00000004e5400000|  0%| F|  |TAMS 0x00000004e5200000| PB 0x00000004e5200000| Untracked 
| 130|0x00000004e5400000, 0x00000004e5600000, 0x00000004e5600000|100%| O|  |TAMS 0x00000004e5400000| PB 0x00000004e5400000| Untracked 
| 131|0x00000004e5600000, 0x00000004e5800000, 0x00000004e5800000|100%| O|Cm|TAMS 0x00000004e5600000| PB 0x00000004e5600000| Complete 
| 132|0x00000004e5800000, 0x00000004e5800000, 0x00000004e5a00000|  0%| F|  |TAMS 0x00000004e5800000| PB 0x00000004e5800000| Untracked 
| 133|0x00000004e5a00000, 0x00000004e5c00000, 0x00000004e5c00000|100%| O|Cm|TAMS 0x00000004e5a00000| PB 0x00000004e5a00000| Complete 
| 134|0x00000004e5c00000, 0x00000004e5e00000, 0x00000004e5e00000|100%| O|Cm|TAMS 0x00000004e5c00000| PB 0x00000004e5c00000| Complete 
| 135|0x00000004e5e00000, 0x00000004e6000000, 0x00000004e6000000|100%| O|Cm|TAMS 0x00000004e5e00000| PB 0x00000004e5e00000| Complete 
| 136|0x00000004e6000000, 0x00000004e6000000, 0x00000004e6200000|  0%| F|  |TAMS 0x00000004e6000000| PB 0x00000004e6000000| Untracked 
| 137|0x00000004e6200000, 0x00000004e6200000, 0x00000004e6400000|  0%| F|  |TAMS 0x00000004e6200000| PB 0x00000004e6200000| Untracked 
| 138|0x00000004e6400000, 0x00000004e6600000, 0x00000004e6600000|100%| O|Cm|TAMS 0x00000004e6400000| PB 0x00000004e6400000| Complete 
| 139|0x00000004e6600000, 0x00000004e6600000, 0x00000004e6800000|  0%| F|  |TAMS 0x00000004e6600000| PB 0x00000004e6600000| Untracked 
| 140|0x00000004e6800000, 0x00000004e6800000, 0x00000004e6a00000|  0%| F|  |TAMS 0x00000004e6800000| PB 0x00000004e6800000| Untracked 
| 141|0x00000004e6a00000, 0x00000004e6a00000, 0x00000004e6c00000|  0%| F|  |TAMS 0x00000004e6a00000| PB 0x00000004e6a00000| Untracked 
| 142|0x00000004e6c00000, 0x00000004e6e00000, 0x00000004e6e00000|100%| O|Cm|TAMS 0x00000004e6c00000| PB 0x00000004e6c00000| Complete 
| 143|0x00000004e6e00000, 0x00000004e7000000, 0x00000004e7000000|100%| O|  |TAMS 0x00000004e6e00000| PB 0x00000004e6e00000| Untracked 
| 144|0x00000004e7000000, 0x00000004e7200000, 0x00000004e7200000|100%| O|  |TAMS 0x00000004e7000000| PB 0x00000004e7000000| Untracked 
| 145|0x00000004e7200000, 0x00000004e7400000, 0x00000004e7400000|100%| O|  |TAMS 0x00000004e7200000| PB 0x00000004e7200000| Untracked 
| 146|0x00000004e7400000, 0x00000004e7600000, 0x00000004e7600000|100%| O|  |TAMS 0x00000004e7400000| PB 0x00000004e7400000| Untracked 
| 147|0x00000004e7600000, 0x00000004e7800000, 0x00000004e7800000|100%| O|  |TAMS 0x00000004e7600000| PB 0x00000004e7600000| Untracked 
| 148|0x00000004e7800000, 0x00000004e7a00000, 0x00000004e7a00000|100%| O|Cm|TAMS 0x00000004e7800000| PB 0x00000004e7800000| Complete 
| 149|0x00000004e7a00000, 0x00000004e7a00000, 0x00000004e7c00000|  0%| F|  |TAMS 0x00000004e7a00000| PB 0x00000004e7a00000| Untracked 
| 150|0x00000004e7c00000, 0x00000004e7c00000, 0x00000004e7e00000|  0%| F|  |TAMS 0x00000004e7c00000| PB 0x00000004e7c00000| Untracked 
| 151|0x00000004e7e00000, 0x00000004e7e00000, 0x00000004e8000000|  0%| F|  |TAMS 0x00000004e7e00000| PB 0x00000004e7e00000| Untracked 
| 152|0x00000004e8000000, 0x00000004e8200000, 0x00000004e8200000|100%| O|Cm|TAMS 0x00000004e8000000| PB 0x00000004e8000000| Complete 
| 153|0x00000004e8200000, 0x00000004e8400000, 0x00000004e8400000|100%| O|  |TAMS 0x00000004e8200000| PB 0x00000004e8200000| Untracked 
| 154|0x00000004e8400000, 0x00000004e8600000, 0x00000004e8600000|100%| O|  |TAMS 0x00000004e8400000| PB 0x00000004e8400000| Untracked 
| 155|0x00000004e8600000, 0x00000004e8800000, 0x00000004e8800000|100%| O|  |TAMS 0x00000004e8600000| PB 0x00000004e8600000| Untracked 
| 156|0x00000004e8800000, 0x00000004e8a00000, 0x00000004e8a00000|100%| O|  |TAMS 0x00000004e8800000| PB 0x00000004e8800000| Untracked 
| 157|0x00000004e8a00000, 0x00000004e8c00000, 0x00000004e8c00000|100%| O|  |TAMS 0x00000004e8a00000| PB 0x00000004e8a00000| Untracked 
| 158|0x00000004e8c00000, 0x00000004e8e00000, 0x00000004e8e00000|100%| O|  |TAMS 0x00000004e8c00000| PB 0x00000004e8c00000| Untracked 
| 159|0x00000004e8e00000, 0x00000004e9000000, 0x00000004e9000000|100%| O|  |TAMS 0x00000004e8e00000| PB 0x00000004e8e00000| Untracked 
| 160|0x00000004e9000000, 0x00000004e9200000, 0x00000004e9200000|100%| O|Cm|TAMS 0x00000004e9000000| PB 0x00000004e9000000| Complete 
| 161|0x00000004e9200000, 0x00000004e9400000, 0x00000004e9400000|100%| O|Cm|TAMS 0x00000004e9200000| PB 0x00000004e9200000| Complete 
| 162|0x00000004e9400000, 0x00000004e9400000, 0x00000004e9600000|  0%| F|  |TAMS 0x00000004e9400000| PB 0x00000004e9400000| Untracked 
| 163|0x00000004e9600000, 0x00000004e9800000, 0x00000004e9800000|100%| O|Cm|TAMS 0x00000004e9600000| PB 0x00000004e9600000| Complete 
| 164|0x00000004e9800000, 0x00000004e9800000, 0x00000004e9a00000|  0%| F|  |TAMS 0x00000004e9800000| PB 0x00000004e9800000| Untracked 
| 165|0x00000004e9a00000, 0x00000004e9c00000, 0x00000004e9c00000|100%| O|Cm|TAMS 0x00000004e9a00000| PB 0x00000004e9a00000| Complete 
| 166|0x00000004e9c00000, 0x00000004e9c00000, 0x00000004e9e00000|  0%| F|  |TAMS 0x00000004e9c00000| PB 0x00000004e9c00000| Untracked 
| 167|0x00000004e9e00000, 0x00000004e9e00000, 0x00000004ea000000|  0%| F|  |TAMS 0x00000004e9e00000| PB 0x00000004e9e00000| Untracked 
| 168|0x00000004ea000000, 0x00000004ea000000, 0x00000004ea200000|  0%| F|  |TAMS 0x00000004ea000000| PB 0x00000004ea000000| Untracked 
| 169|0x00000004ea200000, 0x00000004ea200000, 0x00000004ea400000|  0%| F|  |TAMS 0x00000004ea200000| PB 0x00000004ea200000| Untracked 
| 170|0x00000004ea400000, 0x00000004ea400000, 0x00000004ea600000|  0%| F|  |TAMS 0x00000004ea400000| PB 0x00000004ea400000| Untracked 
| 171|0x00000004ea600000, 0x00000004ea600000, 0x00000004ea800000|  0%| F|  |TAMS 0x00000004ea600000| PB 0x00000004ea600000| Untracked 
| 172|0x00000004ea800000, 0x00000004ea800000, 0x00000004eaa00000|  0%| F|  |TAMS 0x00000004ea800000| PB 0x00000004ea800000| Untracked 
| 173|0x00000004eaa00000, 0x00000004eaa00000, 0x00000004eac00000|  0%| F|  |TAMS 0x00000004eaa00000| PB 0x00000004eaa00000| Untracked 
| 174|0x00000004eac00000, 0x00000004eac00000, 0x00000004eae00000|  0%| F|  |TAMS 0x00000004eac00000| PB 0x00000004eac00000| Untracked 
| 175|0x00000004eae00000, 0x00000004eae00000, 0x00000004eb000000|  0%| F|  |TAMS 0x00000004eae00000| PB 0x00000004eae00000| Untracked 
| 176|0x00000004eb000000, 0x00000004eb000000, 0x00000004eb200000|  0%| F|  |TAMS 0x00000004eb000000| PB 0x00000004eb000000| Untracked 
| 177|0x00000004eb200000, 0x00000004eb200000, 0x00000004eb400000|  0%| F|  |TAMS 0x00000004eb200000| PB 0x00000004eb200000| Untracked 
| 178|0x00000004eb400000, 0x00000004eb400000, 0x00000004eb600000|  0%| F|  |TAMS 0x00000004eb400000| PB 0x00000004eb400000| Untracked 
| 179|0x00000004eb600000, 0x00000004eb600000, 0x00000004eb800000|  0%| F|  |TAMS 0x00000004eb600000| PB 0x00000004eb600000| Untracked 
| 180|0x00000004eb800000, 0x00000004eba00000, 0x00000004eba00000|100%| O|Cm|TAMS 0x00000004eb800000| PB 0x00000004eb800000| Complete 
| 181|0x00000004eba00000, 0x00000004eba00000, 0x00000004ebc00000|  0%| F|  |TAMS 0x00000004eba00000| PB 0x00000004eba00000| Untracked 
| 182|0x00000004ebc00000, 0x00000004ebc00000, 0x00000004ebe00000|  0%| F|  |TAMS 0x00000004ebc00000| PB 0x00000004ebc00000| Untracked 
| 183|0x00000004ebe00000, 0x00000004ebe00000, 0x00000004ec000000|  0%| F|  |TAMS 0x00000004ebe00000| PB 0x00000004ebe00000| Untracked 
| 184|0x00000004ec000000, 0x00000004ec000000, 0x00000004ec200000|  0%| F|  |TAMS 0x00000004ec000000| PB 0x00000004ec000000| Untracked 
| 185|0x00000004ec200000, 0x00000004ec200000, 0x00000004ec400000|  0%| F|  |TAMS 0x00000004ec200000| PB 0x00000004ec200000| Untracked 
| 186|0x00000004ec400000, 0x00000004ec400000, 0x00000004ec600000|  0%| F|  |TAMS 0x00000004ec400000| PB 0x00000004ec400000| Untracked 
| 187|0x00000004ec600000, 0x00000004ec600000, 0x00000004ec800000|  0%| F|  |TAMS 0x00000004ec600000| PB 0x00000004ec600000| Untracked 
| 188|0x00000004ec800000, 0x00000004ec800000, 0x00000004eca00000|  0%| F|  |TAMS 0x00000004ec800000| PB 0x00000004ec800000| Untracked 
| 189|0x00000004eca00000, 0x00000004ecc00000, 0x00000004ecc00000|100%| O|Cm|TAMS 0x00000004eca00000| PB 0x00000004eca00000| Complete 
| 190|0x00000004ecc00000, 0x00000004ecc00000, 0x00000004ece00000|  0%| F|  |TAMS 0x00000004ecc00000| PB 0x00000004ecc00000| Untracked 
| 191|0x00000004ece00000, 0x00000004ed000000, 0x00000004ed000000|100%| O|Cm|TAMS 0x00000004ece00000| PB 0x00000004ece00000| Complete 
| 192|0x00000004ed000000, 0x00000004ed200000, 0x00000004ed200000|100%| O|Cm|TAMS 0x00000004ed000000| PB 0x00000004ed000000| Complete 
| 193|0x00000004ed200000, 0x00000004ed400000, 0x00000004ed400000|100%| O|Cm|TAMS 0x00000004ed200000| PB 0x00000004ed200000| Complete 
| 194|0x00000004ed400000, 0x00000004ed600000, 0x00000004ed600000|100%| O|Cm|TAMS 0x00000004ed400000| PB 0x00000004ed400000| Complete 
| 195|0x00000004ed600000, 0x00000004ed800000, 0x00000004ed800000|100%| O|Cm|TAMS 0x00000004ed600000| PB 0x00000004ed600000| Complete 
| 196|0x00000004ed800000, 0x00000004eda00000, 0x00000004eda00000|100%| O|Cm|TAMS 0x00000004ed800000| PB 0x00000004ed800000| Complete 
| 197|0x00000004eda00000, 0x00000004eda00000, 0x00000004edc00000|  0%| F|  |TAMS 0x00000004eda00000| PB 0x00000004eda00000| Untracked 
| 198|0x00000004edc00000, 0x00000004edc00000, 0x00000004ede00000|  0%| F|  |TAMS 0x00000004edc00000| PB 0x00000004edc00000| Untracked 
| 199|0x00000004ede00000, 0x00000004ede00000, 0x00000004ee000000|  0%| F|  |TAMS 0x00000004ede00000| PB 0x00000004ede00000| Untracked 
| 200|0x00000004ee000000, 0x00000004ee000000, 0x00000004ee200000|  0%| F|  |TAMS 0x00000004ee000000| PB 0x00000004ee000000| Untracked 
| 201|0x00000004ee200000, 0x00000004ee200000, 0x00000004ee400000|  0%| F|  |TAMS 0x00000004ee200000| PB 0x00000004ee200000| Untracked 
| 202|0x00000004ee400000, 0x00000004ee400000, 0x00000004ee600000|  0%| F|  |TAMS 0x00000004ee400000| PB 0x00000004ee400000| Untracked 
| 203|0x00000004ee600000, 0x00000004ee600000, 0x00000004ee800000|  0%| F|  |TAMS 0x00000004ee600000| PB 0x00000004ee600000| Untracked 
| 204|0x00000004ee800000, 0x00000004ee800000, 0x00000004eea00000|  0%| F|  |TAMS 0x00000004ee800000| PB 0x00000004ee800000| Untracked 
| 205|0x00000004eea00000, 0x00000004eea57650, 0x00000004eec00000| 17%| S|CS|TAMS 0x00000004eea00000| PB 0x00000004eea00000| Complete 
| 206|0x00000004eec00000, 0x00000004eee00000, 0x00000004eee00000|100%| S|CS|TAMS 0x00000004eec00000| PB 0x00000004eec00000| Complete 
| 207|0x00000004eee00000, 0x00000004ef000000, 0x00000004ef000000|100%| S|CS|TAMS 0x00000004eee00000| PB 0x00000004eee00000| Complete 
| 208|0x00000004ef000000, 0x00000004ef200000, 0x00000004ef200000|100%| S|CS|TAMS 0x00000004ef000000| PB 0x00000004ef000000| Complete 
| 209|0x00000004ef200000, 0x00000004ef400000, 0x00000004ef400000|100%| S|CS|TAMS 0x00000004ef200000| PB 0x00000004ef200000| Complete 
| 210|0x00000004ef400000, 0x00000004ef600000, 0x00000004ef600000|100%| S|CS|TAMS 0x00000004ef400000| PB 0x00000004ef400000| Complete 
| 211|0x00000004ef600000, 0x00000004ef800000, 0x00000004ef800000|100%| S|CS|TAMS 0x00000004ef600000| PB 0x00000004ef600000| Complete 
| 212|0x00000004ef800000, 0x00000004ef800000, 0x00000004efa00000|  0%| F|  |TAMS 0x00000004ef800000| PB 0x00000004ef800000| Untracked 
| 213|0x00000004efa00000, 0x00000004efa00000, 0x00000004efc00000|  0%| F|  |TAMS 0x00000004efa00000| PB 0x00000004efa00000| Untracked 
| 214|0x00000004efc00000, 0x00000004efc00000, 0x00000004efe00000|  0%| F|  |TAMS 0x00000004efc00000| PB 0x00000004efc00000| Untracked 
| 215|0x00000004efe00000, 0x00000004efe00000, 0x00000004f0000000|  0%| F|  |TAMS 0x00000004efe00000| PB 0x00000004efe00000| Untracked 
| 216|0x00000004f0000000, 0x00000004f0000000, 0x00000004f0200000|  0%| F|  |TAMS 0x00000004f0000000| PB 0x00000004f0000000| Untracked 
| 217|0x00000004f0200000, 0x00000004f0200000, 0x00000004f0400000|  0%| F|  |TAMS 0x00000004f0200000| PB 0x00000004f0200000| Untracked 
| 218|0x00000004f0400000, 0x00000004f0400000, 0x00000004f0600000|  0%| F|  |TAMS 0x00000004f0400000| PB 0x00000004f0400000| Untracked 
| 219|0x00000004f0600000, 0x00000004f0600000, 0x00000004f0800000|  0%| F|  |TAMS 0x00000004f0600000| PB 0x00000004f0600000| Untracked 
| 220|0x00000004f0800000, 0x00000004f0800000, 0x00000004f0a00000|  0%| F|  |TAMS 0x00000004f0800000| PB 0x00000004f0800000| Untracked 
| 221|0x00000004f0a00000, 0x00000004f0a00000, 0x00000004f0c00000|  0%| F|  |TAMS 0x00000004f0a00000| PB 0x00000004f0a00000| Untracked 
| 222|0x00000004f0c00000, 0x00000004f0c00000, 0x00000004f0e00000|  0%| F|  |TAMS 0x00000004f0c00000| PB 0x00000004f0c00000| Untracked 
| 223|0x00000004f0e00000, 0x00000004f0e00000, 0x00000004f1000000|  0%| F|  |TAMS 0x00000004f0e00000| PB 0x00000004f0e00000| Untracked 
| 224|0x00000004f1000000, 0x00000004f1000000, 0x00000004f1200000|  0%| F|  |TAMS 0x00000004f1000000| PB 0x00000004f1000000| Untracked 
| 225|0x00000004f1200000, 0x00000004f1200000, 0x00000004f1400000|  0%| F|  |TAMS 0x00000004f1200000| PB 0x00000004f1200000| Untracked 
| 226|0x00000004f1400000, 0x00000004f1400000, 0x00000004f1600000|  0%| F|  |TAMS 0x00000004f1400000| PB 0x00000004f1400000| Untracked 
| 227|0x00000004f1600000, 0x00000004f1600000, 0x00000004f1800000|  0%| F|  |TAMS 0x00000004f1600000| PB 0x00000004f1600000| Untracked 
| 228|0x00000004f1800000, 0x00000004f1800000, 0x00000004f1a00000|  0%| F|  |TAMS 0x00000004f1800000| PB 0x00000004f1800000| Untracked 
| 229|0x00000004f1a00000, 0x00000004f1a00000, 0x00000004f1c00000|  0%| F|  |TAMS 0x00000004f1a00000| PB 0x00000004f1a00000| Untracked 
| 230|0x00000004f1c00000, 0x00000004f1c00000, 0x00000004f1e00000|  0%| F|  |TAMS 0x00000004f1c00000| PB 0x00000004f1c00000| Untracked 
| 231|0x00000004f1e00000, 0x00000004f1e00000, 0x00000004f2000000|  0%| F|  |TAMS 0x00000004f1e00000| PB 0x00000004f1e00000| Untracked 
| 232|0x00000004f2000000, 0x00000004f2000000, 0x00000004f2200000|  0%| F|  |TAMS 0x00000004f2000000| PB 0x00000004f2000000| Untracked 
| 233|0x00000004f2200000, 0x00000004f2200000, 0x00000004f2400000|  0%| F|  |TAMS 0x00000004f2200000| PB 0x00000004f2200000| Untracked 
| 234|0x00000004f2400000, 0x00000004f2400000, 0x00000004f2600000|  0%| F|  |TAMS 0x00000004f2400000| PB 0x00000004f2400000| Untracked 
| 235|0x00000004f2600000, 0x00000004f2600000, 0x00000004f2800000|  0%| F|  |TAMS 0x00000004f2600000| PB 0x00000004f2600000| Untracked 
| 236|0x00000004f2800000, 0x00000004f2800000, 0x00000004f2a00000|  0%| F|  |TAMS 0x00000004f2800000| PB 0x00000004f2800000| Untracked 
| 237|0x00000004f2a00000, 0x00000004f2a00000, 0x00000004f2c00000|  0%| F|  |TAMS 0x00000004f2a00000| PB 0x00000004f2a00000| Untracked 
| 238|0x00000004f2c00000, 0x00000004f2c00000, 0x00000004f2e00000|  0%| F|  |TAMS 0x00000004f2c00000| PB 0x00000004f2c00000| Untracked 
| 239|0x00000004f2e00000, 0x00000004f2e00000, 0x00000004f3000000|  0%| F|  |TAMS 0x00000004f2e00000| PB 0x00000004f2e00000| Untracked 
| 240|0x00000004f3000000, 0x00000004f3000000, 0x00000004f3200000|  0%| F|  |TAMS 0x00000004f3000000| PB 0x00000004f3000000| Untracked 
| 241|0x00000004f3200000, 0x00000004f3200000, 0x00000004f3400000|  0%| F|  |TAMS 0x00000004f3200000| PB 0x00000004f3200000| Untracked 
| 242|0x00000004f3400000, 0x00000004f3400000, 0x00000004f3600000|  0%| F|  |TAMS 0x00000004f3400000| PB 0x00000004f3400000| Untracked 
| 243|0x00000004f3600000, 0x00000004f3600000, 0x00000004f3800000|  0%| F|  |TAMS 0x00000004f3600000| PB 0x00000004f3600000| Untracked 
| 244|0x00000004f3800000, 0x00000004f3800000, 0x00000004f3a00000|  0%| F|  |TAMS 0x00000004f3800000| PB 0x00000004f3800000| Untracked 
| 245|0x00000004f3a00000, 0x00000004f3a00000, 0x00000004f3c00000|  0%| F|  |TAMS 0x00000004f3a00000| PB 0x00000004f3a00000| Untracked 
| 246|0x00000004f3c00000, 0x00000004f3c00000, 0x00000004f3e00000|  0%| F|  |TAMS 0x00000004f3c00000| PB 0x00000004f3c00000| Untracked 
| 247|0x00000004f3e00000, 0x00000004f3e00000, 0x00000004f4000000|  0%| F|  |TAMS 0x00000004f3e00000| PB 0x00000004f3e00000| Untracked 
| 248|0x00000004f4000000, 0x00000004f4000000, 0x00000004f4200000|  0%| F|  |TAMS 0x00000004f4000000| PB 0x00000004f4000000| Untracked 
| 249|0x00000004f4200000, 0x00000004f4200000, 0x00000004f4400000|  0%| F|  |TAMS 0x00000004f4200000| PB 0x00000004f4200000| Untracked 
| 250|0x00000004f4400000, 0x00000004f4400000, 0x00000004f4600000|  0%| F|  |TAMS 0x00000004f4400000| PB 0x00000004f4400000| Untracked 
| 251|0x00000004f4600000, 0x00000004f4600000, 0x00000004f4800000|  0%| F|  |TAMS 0x00000004f4600000| PB 0x00000004f4600000| Untracked 
| 252|0x00000004f4800000, 0x00000004f4800000, 0x00000004f4a00000|  0%| F|  |TAMS 0x00000004f4800000| PB 0x00000004f4800000| Untracked 
| 253|0x00000004f4a00000, 0x00000004f4a00000, 0x00000004f4c00000|  0%| F|  |TAMS 0x00000004f4a00000| PB 0x00000004f4a00000| Untracked 
| 254|0x00000004f4c00000, 0x00000004f4c00000, 0x00000004f4e00000|  0%| F|  |TAMS 0x00000004f4c00000| PB 0x00000004f4c00000| Untracked 
| 255|0x00000004f4e00000, 0x00000004f4e00000, 0x00000004f5000000|  0%| F|  |TAMS 0x00000004f4e00000| PB 0x00000004f4e00000| Untracked 
| 256|0x00000004f5000000, 0x00000004f5000000, 0x00000004f5200000|  0%| F|  |TAMS 0x00000004f5000000| PB 0x00000004f5000000| Untracked 
| 257|0x00000004f5200000, 0x00000004f5200000, 0x00000004f5400000|  0%| F|  |TAMS 0x00000004f5200000| PB 0x00000004f5200000| Untracked 
| 258|0x00000004f5400000, 0x00000004f5400000, 0x00000004f5600000|  0%| F|  |TAMS 0x00000004f5400000| PB 0x00000004f5400000| Untracked 
| 259|0x00000004f5600000, 0x00000004f5600000, 0x00000004f5800000|  0%| F|  |TAMS 0x00000004f5600000| PB 0x00000004f5600000| Untracked 
| 260|0x00000004f5800000, 0x00000004f5800000, 0x00000004f5a00000|  0%| F|  |TAMS 0x00000004f5800000| PB 0x00000004f5800000| Untracked 
| 261|0x00000004f5a00000, 0x00000004f5a00000, 0x00000004f5c00000|  0%| F|  |TAMS 0x00000004f5a00000| PB 0x00000004f5a00000| Untracked 
| 262|0x00000004f5c00000, 0x00000004f5c00000, 0x00000004f5e00000|  0%| F|  |TAMS 0x00000004f5c00000| PB 0x00000004f5c00000| Untracked 
| 263|0x00000004f5e00000, 0x00000004f5e00000, 0x00000004f6000000|  0%| F|  |TAMS 0x00000004f5e00000| PB 0x00000004f5e00000| Untracked 
| 264|0x00000004f6000000, 0x00000004f6000000, 0x00000004f6200000|  0%| F|  |TAMS 0x00000004f6000000| PB 0x00000004f6000000| Untracked 
| 265|0x00000004f6200000, 0x00000004f6200000, 0x00000004f6400000|  0%| F|  |TAMS 0x00000004f6200000| PB 0x00000004f6200000| Untracked 
| 266|0x00000004f6400000, 0x00000004f6400000, 0x00000004f6600000|  0%| F|  |TAMS 0x00000004f6400000| PB 0x00000004f6400000| Untracked 
| 267|0x00000004f6600000, 0x00000004f6600000, 0x00000004f6800000|  0%| F|  |TAMS 0x00000004f6600000| PB 0x00000004f6600000| Untracked 
| 268|0x00000004f6800000, 0x00000004f6800000, 0x00000004f6a00000|  0%| F|  |TAMS 0x00000004f6800000| PB 0x00000004f6800000| Untracked 
| 269|0x00000004f6a00000, 0x00000004f6a00000, 0x00000004f6c00000|  0%| F|  |TAMS 0x00000004f6a00000| PB 0x00000004f6a00000| Untracked 
| 270|0x00000004f6c00000, 0x00000004f6c00000, 0x00000004f6e00000|  0%| F|  |TAMS 0x00000004f6c00000| PB 0x00000004f6c00000| Untracked 
| 271|0x00000004f6e00000, 0x00000004f6e00000, 0x00000004f7000000|  0%| F|  |TAMS 0x00000004f6e00000| PB 0x00000004f6e00000| Untracked 
| 272|0x00000004f7000000, 0x00000004f7000000, 0x00000004f7200000|  0%| F|  |TAMS 0x00000004f7000000| PB 0x00000004f7000000| Untracked 
| 273|0x00000004f7200000, 0x00000004f7200000, 0x00000004f7400000|  0%| F|  |TAMS 0x00000004f7200000| PB 0x00000004f7200000| Untracked 
| 274|0x00000004f7400000, 0x00000004f7400000, 0x00000004f7600000|  0%| F|  |TAMS 0x00000004f7400000| PB 0x00000004f7400000| Untracked 
| 275|0x00000004f7600000, 0x00000004f7600000, 0x00000004f7800000|  0%| F|  |TAMS 0x00000004f7600000| PB 0x00000004f7600000| Untracked 
| 276|0x00000004f7800000, 0x00000004f7800000, 0x00000004f7a00000|  0%| F|  |TAMS 0x00000004f7800000| PB 0x00000004f7800000| Untracked 
| 277|0x00000004f7a00000, 0x00000004f7a00000, 0x00000004f7c00000|  0%| F|  |TAMS 0x00000004f7a00000| PB 0x00000004f7a00000| Untracked 
| 278|0x00000004f7c00000, 0x00000004f7c00000, 0x00000004f7e00000|  0%| F|  |TAMS 0x00000004f7c00000| PB 0x00000004f7c00000| Untracked 
| 279|0x00000004f7e00000, 0x00000004f7e00000, 0x00000004f8000000|  0%| F|  |TAMS 0x00000004f7e00000| PB 0x00000004f7e00000| Untracked 
| 280|0x00000004f8000000, 0x00000004f8000000, 0x00000004f8200000|  0%| F|  |TAMS 0x00000004f8000000| PB 0x00000004f8000000| Untracked 
| 281|0x00000004f8200000, 0x00000004f8200000, 0x00000004f8400000|  0%| F|  |TAMS 0x00000004f8200000| PB 0x00000004f8200000| Untracked 
| 282|0x00000004f8400000, 0x00000004f8400000, 0x00000004f8600000|  0%| F|  |TAMS 0x00000004f8400000| PB 0x00000004f8400000| Untracked 
| 283|0x00000004f8600000, 0x00000004f8600000, 0x00000004f8800000|  0%| F|  |TAMS 0x00000004f8600000| PB 0x00000004f8600000| Untracked 
| 284|0x00000004f8800000, 0x00000004f8800000, 0x00000004f8a00000|  0%| F|  |TAMS 0x00000004f8800000| PB 0x00000004f8800000| Untracked 
| 285|0x00000004f8a00000, 0x00000004f8a00000, 0x00000004f8c00000|  0%| F|  |TAMS 0x00000004f8a00000| PB 0x00000004f8a00000| Untracked 
| 286|0x00000004f8c00000, 0x00000004f8c00000, 0x00000004f8e00000|  0%| F|  |TAMS 0x00000004f8c00000| PB 0x00000004f8c00000| Untracked 
| 287|0x00000004f8e00000, 0x00000004f8e00000, 0x00000004f9000000|  0%| F|  |TAMS 0x00000004f8e00000| PB 0x00000004f8e00000| Untracked 
| 288|0x00000004f9000000, 0x00000004f9000000, 0x00000004f9200000|  0%| F|  |TAMS 0x00000004f9000000| PB 0x00000004f9000000| Untracked 
| 289|0x00000004f9200000, 0x00000004f9200000, 0x00000004f9400000|  0%| F|  |TAMS 0x00000004f9200000| PB 0x00000004f9200000| Untracked 
| 290|0x00000004f9400000, 0x00000004f9400000, 0x00000004f9600000|  0%| F|  |TAMS 0x00000004f9400000| PB 0x00000004f9400000| Untracked 
| 291|0x00000004f9600000, 0x00000004f9600000, 0x00000004f9800000|  0%| F|  |TAMS 0x00000004f9600000| PB 0x00000004f9600000| Untracked 
| 292|0x00000004f9800000, 0x00000004f9800000, 0x00000004f9a00000|  0%| F|  |TAMS 0x00000004f9800000| PB 0x00000004f9800000| Untracked 
| 293|0x00000004f9a00000, 0x00000004f9a00000, 0x00000004f9c00000|  0%| F|  |TAMS 0x00000004f9a00000| PB 0x00000004f9a00000| Untracked 
| 294|0x00000004f9c00000, 0x00000004f9c00000, 0x00000004f9e00000|  0%| F|  |TAMS 0x00000004f9c00000| PB 0x00000004f9c00000| Untracked 
| 295|0x00000004f9e00000, 0x00000004f9e00000, 0x00000004fa000000|  0%| F|  |TAMS 0x00000004f9e00000| PB 0x00000004f9e00000| Untracked 
| 296|0x00000004fa000000, 0x00000004fa000000, 0x00000004fa200000|  0%| F|  |TAMS 0x00000004fa000000| PB 0x00000004fa000000| Untracked 
| 297|0x00000004fa200000, 0x00000004fa200000, 0x00000004fa400000|  0%| F|  |TAMS 0x00000004fa200000| PB 0x00000004fa200000| Untracked 
| 298|0x00000004fa400000, 0x00000004fa400000, 0x00000004fa600000|  0%| F|  |TAMS 0x00000004fa400000| PB 0x00000004fa400000| Untracked 
| 299|0x00000004fa600000, 0x00000004fa600000, 0x00000004fa800000|  0%| F|  |TAMS 0x00000004fa600000| PB 0x00000004fa600000| Untracked 
| 300|0x00000004fa800000, 0x00000004fa800000, 0x00000004faa00000|  0%| F|  |TAMS 0x00000004fa800000| PB 0x00000004fa800000| Untracked 
| 301|0x00000004faa00000, 0x00000004faa00000, 0x00000004fac00000|  0%| F|  |TAMS 0x00000004faa00000| PB 0x00000004faa00000| Untracked 
| 302|0x00000004fac00000, 0x00000004fac00000, 0x00000004fae00000|  0%| F|  |TAMS 0x00000004fac00000| PB 0x00000004fac00000| Untracked 
| 303|0x00000004fae00000, 0x00000004fae00000, 0x00000004fb000000|  0%| F|  |TAMS 0x00000004fae00000| PB 0x00000004fae00000| Untracked 
| 304|0x00000004fb000000, 0x00000004fb000000, 0x00000004fb200000|  0%| F|  |TAMS 0x00000004fb000000| PB 0x00000004fb000000| Untracked 
| 305|0x00000004fb200000, 0x00000004fb200000, 0x00000004fb400000|  0%| F|  |TAMS 0x00000004fb200000| PB 0x00000004fb200000| Untracked 
| 306|0x00000004fb400000, 0x00000004fb400000, 0x00000004fb600000|  0%| F|  |TAMS 0x00000004fb400000| PB 0x00000004fb400000| Untracked 
| 307|0x00000004fb600000, 0x00000004fb600000, 0x00000004fb800000|  0%| F|  |TAMS 0x00000004fb600000| PB 0x00000004fb600000| Untracked 
| 308|0x00000004fb800000, 0x00000004fb800000, 0x00000004fba00000|  0%| F|  |TAMS 0x00000004fb800000| PB 0x00000004fb800000| Untracked 
| 309|0x00000004fba00000, 0x00000004fba00000, 0x00000004fbc00000|  0%| F|  |TAMS 0x00000004fba00000| PB 0x00000004fba00000| Untracked 
| 310|0x00000004fbc00000, 0x00000004fbc00000, 0x00000004fbe00000|  0%| F|  |TAMS 0x00000004fbc00000| PB 0x00000004fbc00000| Untracked 
| 311|0x00000004fbe00000, 0x00000004fbe00000, 0x00000004fc000000|  0%| F|  |TAMS 0x00000004fbe00000| PB 0x00000004fbe00000| Untracked 
| 312|0x00000004fc000000, 0x00000004fc000000, 0x00000004fc200000|  0%| F|  |TAMS 0x00000004fc000000| PB 0x00000004fc000000| Untracked 
| 313|0x00000004fc200000, 0x00000004fc200000, 0x00000004fc400000|  0%| F|  |TAMS 0x00000004fc200000| PB 0x00000004fc200000| Untracked 
| 314|0x00000004fc400000, 0x00000004fc400000, 0x00000004fc600000|  0%| F|  |TAMS 0x00000004fc400000| PB 0x00000004fc400000| Untracked 
| 315|0x00000004fc600000, 0x00000004fc600000, 0x00000004fc800000|  0%| F|  |TAMS 0x00000004fc600000| PB 0x00000004fc600000| Untracked 
| 316|0x00000004fc800000, 0x00000004fc800000, 0x00000004fca00000|  0%| F|  |TAMS 0x00000004fc800000| PB 0x00000004fc800000| Untracked 
| 317|0x00000004fca00000, 0x00000004fca00000, 0x00000004fcc00000|  0%| F|  |TAMS 0x00000004fca00000| PB 0x00000004fca00000| Untracked 
| 318|0x00000004fcc00000, 0x00000004fcc00000, 0x00000004fce00000|  0%| F|  |TAMS 0x00000004fcc00000| PB 0x00000004fcc00000| Untracked 
| 319|0x00000004fce00000, 0x00000004fce00000, 0x00000004fd000000|  0%| F|  |TAMS 0x00000004fce00000| PB 0x00000004fce00000| Untracked 
| 320|0x00000004fd000000, 0x00000004fd000000, 0x00000004fd200000|  0%| F|  |TAMS 0x00000004fd000000| PB 0x00000004fd000000| Untracked 
| 321|0x00000004fd200000, 0x00000004fd200000, 0x00000004fd400000|  0%| F|  |TAMS 0x00000004fd200000| PB 0x00000004fd200000| Untracked 
| 322|0x00000004fd400000, 0x00000004fd400000, 0x00000004fd600000|  0%| F|  |TAMS 0x00000004fd400000| PB 0x00000004fd400000| Untracked 
| 323|0x00000004fd600000, 0x00000004fd600000, 0x00000004fd800000|  0%| F|  |TAMS 0x00000004fd600000| PB 0x00000004fd600000| Untracked 
| 324|0x00000004fd800000, 0x00000004fd800000, 0x00000004fda00000|  0%| F|  |TAMS 0x00000004fd800000| PB 0x00000004fd800000| Untracked 
| 325|0x00000004fda00000, 0x00000004fda00000, 0x00000004fdc00000|  0%| F|  |TAMS 0x00000004fda00000| PB 0x00000004fda00000| Untracked 
| 326|0x00000004fdc00000, 0x00000004fdc00000, 0x00000004fde00000|  0%| F|  |TAMS 0x00000004fdc00000| PB 0x00000004fdc00000| Untracked 
| 327|0x00000004fde00000, 0x00000004fde00000, 0x00000004fe000000|  0%| F|  |TAMS 0x00000004fde00000| PB 0x00000004fde00000| Untracked 
| 328|0x00000004fe000000, 0x00000004fe000000, 0x00000004fe200000|  0%| F|  |TAMS 0x00000004fe000000| PB 0x00000004fe000000| Untracked 
| 329|0x00000004fe200000, 0x00000004fe200000, 0x00000004fe400000|  0%| F|  |TAMS 0x00000004fe200000| PB 0x00000004fe200000| Untracked 
| 330|0x00000004fe400000, 0x00000004fe400000, 0x00000004fe600000|  0%| F|  |TAMS 0x00000004fe400000| PB 0x00000004fe400000| Untracked 
| 331|0x00000004fe600000, 0x00000004fe600000, 0x00000004fe800000|  0%| F|  |TAMS 0x00000004fe600000| PB 0x00000004fe600000| Untracked 
| 332|0x00000004fe800000, 0x00000004fe800000, 0x00000004fea00000|  0%| F|  |TAMS 0x00000004fe800000| PB 0x00000004fe800000| Untracked 
| 333|0x00000004fea00000, 0x00000004fea00000, 0x00000004fec00000|  0%| F|  |TAMS 0x00000004fea00000| PB 0x00000004fea00000| Untracked 
| 334|0x00000004fec00000, 0x00000004fec00000, 0x00000004fee00000|  0%| F|  |TAMS 0x00000004fec00000| PB 0x00000004fec00000| Untracked 
| 335|0x00000004fee00000, 0x00000004fee00000, 0x00000004ff000000|  0%| F|  |TAMS 0x00000004fee00000| PB 0x00000004fee00000| Untracked 
| 336|0x00000004ff000000, 0x00000004ff000000, 0x00000004ff200000|  0%| F|  |TAMS 0x00000004ff000000| PB 0x00000004ff000000| Untracked 
| 337|0x00000004ff200000, 0x00000004ff200000, 0x00000004ff400000|  0%| F|  |TAMS 0x00000004ff200000| PB 0x00000004ff200000| Untracked 
| 338|0x00000004ff400000, 0x00000004ff400000, 0x00000004ff600000|  0%| F|  |TAMS 0x00000004ff400000| PB 0x00000004ff400000| Untracked 
| 339|0x00000004ff600000, 0x00000004ff600000, 0x00000004ff800000|  0%| F|  |TAMS 0x00000004ff600000| PB 0x00000004ff600000| Untracked 
| 340|0x00000004ff800000, 0x00000004ff800000, 0x00000004ffa00000|  0%| F|  |TAMS 0x00000004ff800000| PB 0x00000004ff800000| Untracked 
| 341|0x00000004ffa00000, 0x00000004ffa00000, 0x00000004ffc00000|  0%| F|  |TAMS 0x00000004ffa00000| PB 0x00000004ffa00000| Untracked 
| 342|0x00000004ffc00000, 0x00000004ffc00000, 0x00000004ffe00000|  0%| F|  |TAMS 0x00000004ffc00000| PB 0x00000004ffc00000| Untracked 
| 343|0x00000004ffe00000, 0x00000004ffe00000, 0x0000000500000000|  0%| F|  |TAMS 0x00000004ffe00000| PB 0x00000004ffe00000| Untracked 
| 344|0x0000000500000000, 0x0000000500000000, 0x0000000500200000|  0%| F|  |TAMS 0x0000000500000000| PB 0x0000000500000000| Untracked 
| 345|0x0000000500200000, 0x0000000500200000, 0x0000000500400000|  0%| F|  |TAMS 0x0000000500200000| PB 0x0000000500200000| Untracked 
| 346|0x0000000500400000, 0x0000000500400000, 0x0000000500600000|  0%| F|  |TAMS 0x0000000500400000| PB 0x0000000500400000| Untracked 
| 347|0x0000000500600000, 0x0000000500600000, 0x0000000500800000|  0%| F|  |TAMS 0x0000000500600000| PB 0x0000000500600000| Untracked 
| 348|0x0000000500800000, 0x0000000500800000, 0x0000000500a00000|  0%| F|  |TAMS 0x0000000500800000| PB 0x0000000500800000| Untracked 
| 349|0x0000000500a00000, 0x0000000500a00000, 0x0000000500c00000|  0%| F|  |TAMS 0x0000000500a00000| PB 0x0000000500a00000| Untracked 
| 350|0x0000000500c00000, 0x0000000500c00000, 0x0000000500e00000|  0%| F|  |TAMS 0x0000000500c00000| PB 0x0000000500c00000| Untracked 
| 351|0x0000000500e00000, 0x0000000500e00000, 0x0000000501000000|  0%| F|  |TAMS 0x0000000500e00000| PB 0x0000000500e00000| Untracked 
| 352|0x0000000501000000, 0x0000000501000000, 0x0000000501200000|  0%| F|  |TAMS 0x0000000501000000| PB 0x0000000501000000| Untracked 
| 353|0x0000000501200000, 0x0000000501200000, 0x0000000501400000|  0%| F|  |TAMS 0x0000000501200000| PB 0x0000000501200000| Untracked 
| 354|0x0000000501400000, 0x0000000501400000, 0x0000000501600000|  0%| F|  |TAMS 0x0000000501400000| PB 0x0000000501400000| Untracked 
| 355|0x0000000501600000, 0x0000000501600000, 0x0000000501800000|  0%| F|  |TAMS 0x0000000501600000| PB 0x0000000501600000| Untracked 
| 356|0x0000000501800000, 0x0000000501800000, 0x0000000501a00000|  0%| F|  |TAMS 0x0000000501800000| PB 0x0000000501800000| Untracked 
| 357|0x0000000501a00000, 0x0000000501a00000, 0x0000000501c00000|  0%| F|  |TAMS 0x0000000501a00000| PB 0x0000000501a00000| Untracked 
| 358|0x0000000501c00000, 0x0000000501c00000, 0x0000000501e00000|  0%| F|  |TAMS 0x0000000501c00000| PB 0x0000000501c00000| Untracked 
| 359|0x0000000501e00000, 0x0000000501e00000, 0x0000000502000000|  0%| F|  |TAMS 0x0000000501e00000| PB 0x0000000501e00000| Untracked 
| 360|0x0000000502000000, 0x0000000502000000, 0x0000000502200000|  0%| F|  |TAMS 0x0000000502000000| PB 0x0000000502000000| Untracked 
| 361|0x0000000502200000, 0x0000000502200000, 0x0000000502400000|  0%| F|  |TAMS 0x0000000502200000| PB 0x0000000502200000| Untracked 
| 362|0x0000000502400000, 0x0000000502400000, 0x0000000502600000|  0%| F|  |TAMS 0x0000000502400000| PB 0x0000000502400000| Untracked 
| 363|0x0000000502600000, 0x0000000502600000, 0x0000000502800000|  0%| F|  |TAMS 0x0000000502600000| PB 0x0000000502600000| Untracked 
| 364|0x0000000502800000, 0x0000000502800000, 0x0000000502a00000|  0%| F|  |TAMS 0x0000000502800000| PB 0x0000000502800000| Untracked 
| 365|0x0000000502a00000, 0x0000000502a00000, 0x0000000502c00000|  0%| F|  |TAMS 0x0000000502a00000| PB 0x0000000502a00000| Untracked 
| 366|0x0000000502c00000, 0x0000000502d00000, 0x0000000502e00000| 50%| E|  |TAMS 0x0000000502c00000| PB 0x0000000502c00000| Complete 
| 367|0x0000000502e00000, 0x0000000503000000, 0x0000000503000000|100%| E|CS|TAMS 0x0000000502e00000| PB 0x0000000502e00000| Complete 
| 368|0x0000000503000000, 0x0000000503200000, 0x0000000503200000|100%| E|CS|TAMS 0x0000000503000000| PB 0x0000000503000000| Complete 
| 369|0x0000000503200000, 0x0000000503400000, 0x0000000503400000|100%| E|CS|TAMS 0x0000000503200000| PB 0x0000000503200000| Complete 
| 370|0x0000000503400000, 0x0000000503600000, 0x0000000503600000|100%| E|CS|TAMS 0x0000000503400000| PB 0x0000000503400000| Complete 
| 371|0x0000000503600000, 0x0000000503800000, 0x0000000503800000|100%| E|CS|TAMS 0x0000000503600000| PB 0x0000000503600000| Complete 
| 372|0x0000000503800000, 0x0000000503a00000, 0x0000000503a00000|100%| E|CS|TAMS 0x0000000503800000| PB 0x0000000503800000| Complete 
| 373|0x0000000503a00000, 0x0000000503c00000, 0x0000000503c00000|100%| E|CS|TAMS 0x0000000503a00000| PB 0x0000000503a00000| Complete 
| 374|0x0000000503c00000, 0x0000000503e00000, 0x0000000503e00000|100%| E|CS|TAMS 0x0000000503c00000| PB 0x0000000503c00000| Complete 
| 375|0x0000000503e00000, 0x0000000504000000, 0x0000000504000000|100%| E|CS|TAMS 0x0000000503e00000| PB 0x0000000503e00000| Complete 
| 376|0x0000000504000000, 0x0000000504200000, 0x0000000504200000|100%| E|CS|TAMS 0x0000000504000000| PB 0x0000000504000000| Complete 
| 377|0x0000000504200000, 0x0000000504400000, 0x0000000504400000|100%| E|CS|TAMS 0x0000000504200000| PB 0x0000000504200000| Complete 
| 378|0x0000000504400000, 0x0000000504600000, 0x0000000504600000|100%| E|CS|TAMS 0x0000000504400000| PB 0x0000000504400000| Complete 
| 379|0x0000000504600000, 0x0000000504800000, 0x0000000504800000|100%| E|CS|TAMS 0x0000000504600000| PB 0x0000000504600000| Complete 
| 380|0x0000000504800000, 0x0000000504a00000, 0x0000000504a00000|100%| E|CS|TAMS 0x0000000504800000| PB 0x0000000504800000| Complete 
| 381|0x0000000504a00000, 0x0000000504c00000, 0x0000000504c00000|100%| E|CS|TAMS 0x0000000504a00000| PB 0x0000000504a00000| Complete 
| 382|0x0000000504c00000, 0x0000000504e00000, 0x0000000504e00000|100%| E|CS|TAMS 0x0000000504c00000| PB 0x0000000504c00000| Complete 
| 383|0x0000000504e00000, 0x0000000505000000, 0x0000000505000000|100%| E|CS|TAMS 0x0000000504e00000| PB 0x0000000504e00000| Complete 
| 384|0x0000000505000000, 0x0000000505200000, 0x0000000505200000|100%| E|CS|TAMS 0x0000000505000000| PB 0x0000000505000000| Complete 
| 385|0x0000000505200000, 0x0000000505400000, 0x0000000505400000|100%| E|CS|TAMS 0x0000000505200000| PB 0x0000000505200000| Complete 
| 386|0x0000000505400000, 0x0000000505600000, 0x0000000505600000|100%| E|CS|TAMS 0x0000000505400000| PB 0x0000000505400000| Complete 
| 387|0x0000000505600000, 0x0000000505800000, 0x0000000505800000|100%| E|CS|TAMS 0x0000000505600000| PB 0x0000000505600000| Complete 
| 388|0x0000000505800000, 0x0000000505a00000, 0x0000000505a00000|100%| E|CS|TAMS 0x0000000505800000| PB 0x0000000505800000| Complete 
| 389|0x0000000505a00000, 0x0000000505c00000, 0x0000000505c00000|100%| E|CS|TAMS 0x0000000505a00000| PB 0x0000000505a00000| Complete 
| 390|0x0000000505c00000, 0x0000000505e00000, 0x0000000505e00000|100%| E|CS|TAMS 0x0000000505c00000| PB 0x0000000505c00000| Complete 
| 391|0x0000000505e00000, 0x0000000506000000, 0x0000000506000000|100%| E|CS|TAMS 0x0000000505e00000| PB 0x0000000505e00000| Complete 
| 392|0x0000000506000000, 0x0000000506200000, 0x0000000506200000|100%| E|CS|TAMS 0x0000000506000000| PB 0x0000000506000000| Complete 
| 393|0x0000000506200000, 0x0000000506400000, 0x0000000506400000|100%| E|CS|TAMS 0x0000000506200000| PB 0x0000000506200000| Complete 
| 394|0x0000000506400000, 0x0000000506600000, 0x0000000506600000|100%| E|CS|TAMS 0x0000000506400000| PB 0x0000000506400000| Complete 
| 395|0x0000000506600000, 0x0000000506800000, 0x0000000506800000|100%| E|CS|TAMS 0x0000000506600000| PB 0x0000000506600000| Complete 
| 396|0x0000000506800000, 0x0000000506a00000, 0x0000000506a00000|100%| E|CS|TAMS 0x0000000506800000| PB 0x0000000506800000| Complete 
| 397|0x0000000506a00000, 0x0000000506c00000, 0x0000000506c00000|100%| E|CS|TAMS 0x0000000506a00000| PB 0x0000000506a00000| Complete 
| 398|0x0000000506c00000, 0x0000000506e00000, 0x0000000506e00000|100%| E|CS|TAMS 0x0000000506c00000| PB 0x0000000506c00000| Complete 
| 399|0x0000000506e00000, 0x0000000507000000, 0x0000000507000000|100%| E|CS|TAMS 0x0000000506e00000| PB 0x0000000506e00000| Complete 
| 400|0x0000000507000000, 0x0000000507200000, 0x0000000507200000|100%| E|CS|TAMS 0x0000000507000000| PB 0x0000000507000000| Complete 
| 401|0x0000000507200000, 0x0000000507400000, 0x0000000507400000|100%| E|CS|TAMS 0x0000000507200000| PB 0x0000000507200000| Complete 
| 402|0x0000000507400000, 0x0000000507600000, 0x0000000507600000|100%| E|CS|TAMS 0x0000000507400000| PB 0x0000000507400000| Complete 
| 403|0x0000000507600000, 0x0000000507800000, 0x0000000507800000|100%| E|CS|TAMS 0x0000000507600000| PB 0x0000000507600000| Complete 
| 404|0x0000000507800000, 0x0000000507a00000, 0x0000000507a00000|100%| E|CS|TAMS 0x0000000507800000| PB 0x0000000507800000| Complete 
| 405|0x0000000507a00000, 0x0000000507c00000, 0x0000000507c00000|100%| E|CS|TAMS 0x0000000507a00000| PB 0x0000000507a00000| Complete 
| 406|0x0000000507c00000, 0x0000000507e00000, 0x0000000507e00000|100%| E|CS|TAMS 0x0000000507c00000| PB 0x0000000507c00000| Complete 
| 407|0x0000000507e00000, 0x0000000508000000, 0x0000000508000000|100%| E|CS|TAMS 0x0000000507e00000| PB 0x0000000507e00000| Complete 
| 408|0x0000000508000000, 0x0000000508200000, 0x0000000508200000|100%| E|CS|TAMS 0x0000000508000000| PB 0x0000000508000000| Complete 
| 409|0x0000000508200000, 0x0000000508400000, 0x0000000508400000|100%| E|CS|TAMS 0x0000000508200000| PB 0x0000000508200000| Complete 
| 410|0x0000000508400000, 0x0000000508600000, 0x0000000508600000|100%| E|CS|TAMS 0x0000000508400000| PB 0x0000000508400000| Complete 
| 411|0x0000000508600000, 0x0000000508800000, 0x0000000508800000|100%| E|CS|TAMS 0x0000000508600000| PB 0x0000000508600000| Complete 
| 412|0x0000000508800000, 0x0000000508a00000, 0x0000000508a00000|100%| E|CS|TAMS 0x0000000508800000| PB 0x0000000508800000| Complete 
| 413|0x0000000508a00000, 0x0000000508c00000, 0x0000000508c00000|100%| E|CS|TAMS 0x0000000508a00000| PB 0x0000000508a00000| Complete 
| 414|0x0000000508c00000, 0x0000000508e00000, 0x0000000508e00000|100%| E|CS|TAMS 0x0000000508c00000| PB 0x0000000508c00000| Complete 
| 415|0x0000000508e00000, 0x0000000509000000, 0x0000000509000000|100%| E|CS|TAMS 0x0000000508e00000| PB 0x0000000508e00000| Complete 
| 416|0x0000000509000000, 0x0000000509200000, 0x0000000509200000|100%| E|CS|TAMS 0x0000000509000000| PB 0x0000000509000000| Complete 
| 417|0x0000000509200000, 0x0000000509400000, 0x0000000509400000|100%| E|CS|TAMS 0x0000000509200000| PB 0x0000000509200000| Complete 
| 418|0x0000000509400000, 0x0000000509600000, 0x0000000509600000|100%| E|CS|TAMS 0x0000000509400000| PB 0x0000000509400000| Complete 
| 419|0x0000000509600000, 0x0000000509800000, 0x0000000509800000|100%| E|CS|TAMS 0x0000000509600000| PB 0x0000000509600000| Complete 
| 420|0x0000000509800000, 0x0000000509a00000, 0x0000000509a00000|100%| E|CS|TAMS 0x0000000509800000| PB 0x0000000509800000| Complete 
| 421|0x0000000509a00000, 0x0000000509c00000, 0x0000000509c00000|100%| E|CS|TAMS 0x0000000509a00000| PB 0x0000000509a00000| Complete 
| 422|0x0000000509c00000, 0x0000000509e00000, 0x0000000509e00000|100%| E|CS|TAMS 0x0000000509c00000| PB 0x0000000509c00000| Complete 
| 423|0x0000000509e00000, 0x000000050a000000, 0x000000050a000000|100%| E|CS|TAMS 0x0000000509e00000| PB 0x0000000509e00000| Complete 
| 424|0x000000050a000000, 0x000000050a200000, 0x000000050a200000|100%| E|CS|TAMS 0x000000050a000000| PB 0x000000050a000000| Complete 
| 425|0x000000050a200000, 0x000000050a400000, 0x000000050a400000|100%| E|CS|TAMS 0x000000050a200000| PB 0x000000050a200000| Complete 
| 426|0x000000050a400000, 0x000000050a600000, 0x000000050a600000|100%| E|CS|TAMS 0x000000050a400000| PB 0x000000050a400000| Complete 
| 427|0x000000050a600000, 0x000000050a800000, 0x000000050a800000|100%| E|CS|TAMS 0x000000050a600000| PB 0x000000050a600000| Complete 
| 428|0x000000050a800000, 0x000000050aa00000, 0x000000050aa00000|100%| E|CS|TAMS 0x000000050a800000| PB 0x000000050a800000| Complete 
| 429|0x000000050aa00000, 0x000000050ac00000, 0x000000050ac00000|100%| E|CS|TAMS 0x000000050aa00000| PB 0x000000050aa00000| Complete 
| 430|0x000000050ac00000, 0x000000050ae00000, 0x000000050ae00000|100%| E|CS|TAMS 0x000000050ac00000| PB 0x000000050ac00000| Complete 
| 431|0x000000050ae00000, 0x000000050b000000, 0x000000050b000000|100%| E|CS|TAMS 0x000000050ae00000| PB 0x000000050ae00000| Complete 
| 432|0x000000050b000000, 0x000000050b200000, 0x000000050b200000|100%| E|CS|TAMS 0x000000050b000000| PB 0x000000050b000000| Complete 
| 433|0x000000050b200000, 0x000000050b400000, 0x000000050b400000|100%| E|CS|TAMS 0x000000050b200000| PB 0x000000050b200000| Complete 
| 434|0x000000050b400000, 0x000000050b600000, 0x000000050b600000|100%| E|CS|TAMS 0x000000050b400000| PB 0x000000050b400000| Complete 
| 435|0x000000050b600000, 0x000000050b800000, 0x000000050b800000|100%| E|CS|TAMS 0x000000050b600000| PB 0x000000050b600000| Complete 
| 436|0x000000050b800000, 0x000000050ba00000, 0x000000050ba00000|100%| E|CS|TAMS 0x000000050b800000| PB 0x000000050b800000| Complete 
| 437|0x000000050ba00000, 0x000000050bc00000, 0x000000050bc00000|100%| E|CS|TAMS 0x000000050ba00000| PB 0x000000050ba00000| Complete 
| 438|0x000000050bc00000, 0x000000050be00000, 0x000000050be00000|100%| E|CS|TAMS 0x000000050bc00000| PB 0x000000050bc00000| Complete 
| 439|0x000000050be00000, 0x000000050c000000, 0x000000050c000000|100%| E|CS|TAMS 0x000000050be00000| PB 0x000000050be00000| Complete 
| 440|0x000000050c000000, 0x000000050c200000, 0x000000050c200000|100%| E|CS|TAMS 0x000000050c000000| PB 0x000000050c000000| Complete 
| 441|0x000000050c200000, 0x000000050c400000, 0x000000050c400000|100%| E|CS|TAMS 0x000000050c200000| PB 0x000000050c200000| Complete 
| 442|0x000000050c400000, 0x000000050c600000, 0x000000050c600000|100%| E|CS|TAMS 0x000000050c400000| PB 0x000000050c400000| Complete 
| 443|0x000000050c600000, 0x000000050c800000, 0x000000050c800000|100%| E|CS|TAMS 0x000000050c600000| PB 0x000000050c600000| Complete 
| 444|0x000000050c800000, 0x000000050ca00000, 0x000000050ca00000|100%| E|CS|TAMS 0x000000050c800000| PB 0x000000050c800000| Complete 
| 445|0x000000050ca00000, 0x000000050cc00000, 0x000000050cc00000|100%| E|CS|TAMS 0x000000050ca00000| PB 0x000000050ca00000| Complete 
| 446|0x000000050cc00000, 0x000000050ce00000, 0x000000050ce00000|100%| E|CS|TAMS 0x000000050cc00000| PB 0x000000050cc00000| Complete 
| 447|0x000000050ce00000, 0x000000050d000000, 0x000000050d000000|100%| E|CS|TAMS 0x000000050ce00000| PB 0x000000050ce00000| Complete 
| 448|0x000000050d000000, 0x000000050d200000, 0x000000050d200000|100%| E|CS|TAMS 0x000000050d000000| PB 0x000000050d000000| Complete 
| 449|0x000000050d200000, 0x000000050d400000, 0x000000050d400000|100%| E|CS|TAMS 0x000000050d200000| PB 0x000000050d200000| Complete 
| 450|0x000000050d400000, 0x000000050d600000, 0x000000050d600000|100%| E|CS|TAMS 0x000000050d400000| PB 0x000000050d400000| Complete 
| 451|0x000000050d600000, 0x000000050d800000, 0x000000050d800000|100%| E|CS|TAMS 0x000000050d600000| PB 0x000000050d600000| Complete 
| 452|0x000000050d800000, 0x000000050da00000, 0x000000050da00000|100%| E|CS|TAMS 0x000000050d800000| PB 0x000000050d800000| Complete 
| 453|0x000000050da00000, 0x000000050dc00000, 0x000000050dc00000|100%| E|CS|TAMS 0x000000050da00000| PB 0x000000050da00000| Complete 
| 454|0x000000050dc00000, 0x000000050de00000, 0x000000050de00000|100%| E|CS|TAMS 0x000000050dc00000| PB 0x000000050dc00000| Complete 
| 455|0x000000050de00000, 0x000000050e000000, 0x000000050e000000|100%| E|CS|TAMS 0x000000050de00000| PB 0x000000050de00000| Complete 
| 456|0x000000050e000000, 0x000000050e200000, 0x000000050e200000|100%| E|CS|TAMS 0x000000050e000000| PB 0x000000050e000000| Complete 
| 457|0x000000050e200000, 0x000000050e400000, 0x000000050e400000|100%| E|CS|TAMS 0x000000050e200000| PB 0x000000050e200000| Complete 
| 458|0x000000050e400000, 0x000000050e600000, 0x000000050e600000|100%| E|CS|TAMS 0x000000050e400000| PB 0x000000050e400000| Complete 
| 459|0x000000050e600000, 0x000000050e800000, 0x000000050e800000|100%| E|CS|TAMS 0x000000050e600000| PB 0x000000050e600000| Complete 
| 460|0x000000050e800000, 0x000000050ea00000, 0x000000050ea00000|100%| E|CS|TAMS 0x000000050e800000| PB 0x000000050e800000| Complete 
| 461|0x000000050ea00000, 0x000000050ec00000, 0x000000050ec00000|100%| E|CS|TAMS 0x000000050ea00000| PB 0x000000050ea00000| Complete 
| 462|0x000000050ec00000, 0x000000050ee00000, 0x000000050ee00000|100%| E|CS|TAMS 0x000000050ec00000| PB 0x000000050ec00000| Complete 
| 463|0x000000050ee00000, 0x000000050f000000, 0x000000050f000000|100%| E|CS|TAMS 0x000000050ee00000| PB 0x000000050ee00000| Complete 
| 464|0x000000050f000000, 0x000000050f200000, 0x000000050f200000|100%| E|CS|TAMS 0x000000050f000000| PB 0x000000050f000000| Complete 
| 465|0x000000050f200000, 0x000000050f400000, 0x000000050f400000|100%| E|CS|TAMS 0x000000050f200000| PB 0x000000050f200000| Complete 
| 466|0x000000050f400000, 0x000000050f600000, 0x000000050f600000|100%| E|CS|TAMS 0x000000050f400000| PB 0x000000050f400000| Complete 
| 467|0x000000050f600000, 0x000000050f800000, 0x000000050f800000|100%| E|CS|TAMS 0x000000050f600000| PB 0x000000050f600000| Complete 
| 468|0x000000050f800000, 0x000000050fa00000, 0x000000050fa00000|100%| E|CS|TAMS 0x000000050f800000| PB 0x000000050f800000| Complete 
| 469|0x000000050fa00000, 0x000000050fc00000, 0x000000050fc00000|100%| E|CS|TAMS 0x000000050fa00000| PB 0x000000050fa00000| Complete 
| 470|0x000000050fc00000, 0x000000050fe00000, 0x000000050fe00000|100%| E|CS|TAMS 0x000000050fc00000| PB 0x000000050fc00000| Complete 
| 471|0x000000050fe00000, 0x0000000510000000, 0x0000000510000000|100%| E|CS|TAMS 0x000000050fe00000| PB 0x000000050fe00000| Complete 
| 472|0x0000000510000000, 0x0000000510200000, 0x0000000510200000|100%| E|CS|TAMS 0x0000000510000000| PB 0x0000000510000000| Complete 
| 473|0x0000000510200000, 0x0000000510400000, 0x0000000510400000|100%| E|CS|TAMS 0x0000000510200000| PB 0x0000000510200000| Complete 
| 474|0x0000000510400000, 0x0000000510600000, 0x0000000510600000|100%| E|CS|TAMS 0x0000000510400000| PB 0x0000000510400000| Complete 
| 475|0x0000000510600000, 0x0000000510800000, 0x0000000510800000|100%| E|CS|TAMS 0x0000000510600000| PB 0x0000000510600000| Complete 
| 476|0x0000000510800000, 0x0000000510a00000, 0x0000000510a00000|100%| E|CS|TAMS 0x0000000510800000| PB 0x0000000510800000| Complete 
| 477|0x0000000510a00000, 0x0000000510c00000, 0x0000000510c00000|100%| E|CS|TAMS 0x0000000510a00000| PB 0x0000000510a00000| Complete 
| 478|0x0000000510c00000, 0x0000000510e00000, 0x0000000510e00000|100%| E|CS|TAMS 0x0000000510c00000| PB 0x0000000510c00000| Complete 
| 479|0x0000000510e00000, 0x0000000511000000, 0x0000000511000000|100%| E|CS|TAMS 0x0000000510e00000| PB 0x0000000510e00000| Complete 
| 480|0x0000000511000000, 0x0000000511200000, 0x0000000511200000|100%| E|CS|TAMS 0x0000000511000000| PB 0x0000000511000000| Complete 
| 481|0x0000000511200000, 0x0000000511400000, 0x0000000511400000|100%| E|CS|TAMS 0x0000000511200000| PB 0x0000000511200000| Complete 
| 482|0x0000000511400000, 0x0000000511600000, 0x0000000511600000|100%| E|CS|TAMS 0x0000000511400000| PB 0x0000000511400000| Complete 
| 483|0x0000000511600000, 0x0000000511800000, 0x0000000511800000|100%| E|CS|TAMS 0x0000000511600000| PB 0x0000000511600000| Complete 
| 484|0x0000000511800000, 0x0000000511a00000, 0x0000000511a00000|100%| E|CS|TAMS 0x0000000511800000| PB 0x0000000511800000| Complete 
| 485|0x0000000511a00000, 0x0000000511c00000, 0x0000000511c00000|100%| E|CS|TAMS 0x0000000511a00000| PB 0x0000000511a00000| Complete 
| 486|0x0000000511c00000, 0x0000000511e00000, 0x0000000511e00000|100%| E|CS|TAMS 0x0000000511c00000| PB 0x0000000511c00000| Complete 
| 487|0x0000000511e00000, 0x0000000512000000, 0x0000000512000000|100%| E|CS|TAMS 0x0000000511e00000| PB 0x0000000511e00000| Complete 
| 488|0x0000000512000000, 0x0000000512200000, 0x0000000512200000|100%| E|CS|TAMS 0x0000000512000000| PB 0x0000000512000000| Complete 
| 489|0x0000000512200000, 0x0000000512400000, 0x0000000512400000|100%| E|CS|TAMS 0x0000000512200000| PB 0x0000000512200000| Complete 
| 490|0x0000000512400000, 0x0000000512600000, 0x0000000512600000|100%| E|CS|TAMS 0x0000000512400000| PB 0x0000000512400000| Complete 
| 491|0x0000000512600000, 0x0000000512800000, 0x0000000512800000|100%| E|CS|TAMS 0x0000000512600000| PB 0x0000000512600000| Complete 
| 492|0x0000000512800000, 0x0000000512a00000, 0x0000000512a00000|100%| E|CS|TAMS 0x0000000512800000| PB 0x0000000512800000| Complete 
| 493|0x0000000512a00000, 0x0000000512c00000, 0x0000000512c00000|100%| E|CS|TAMS 0x0000000512a00000| PB 0x0000000512a00000| Complete 
| 494|0x0000000512c00000, 0x0000000512e00000, 0x0000000512e00000|100%| E|CS|TAMS 0x0000000512c00000| PB 0x0000000512c00000| Complete 
| 495|0x0000000512e00000, 0x0000000513000000, 0x0000000513000000|100%| E|CS|TAMS 0x0000000512e00000| PB 0x0000000512e00000| Complete 
| 496|0x0000000513000000, 0x0000000513200000, 0x0000000513200000|100%| E|CS|TAMS 0x0000000513000000| PB 0x0000000513000000| Complete 
| 497|0x0000000513200000, 0x0000000513400000, 0x0000000513400000|100%| E|CS|TAMS 0x0000000513200000| PB 0x0000000513200000| Complete 
| 498|0x0000000513400000, 0x0000000513600000, 0x0000000513600000|100%| E|CS|TAMS 0x0000000513400000| PB 0x0000000513400000| Complete 
| 499|0x0000000513600000, 0x0000000513800000, 0x0000000513800000|100%| E|CS|TAMS 0x0000000513600000| PB 0x0000000513600000| Complete 
| 500|0x0000000513800000, 0x0000000513a00000, 0x0000000513a00000|100%| E|CS|TAMS 0x0000000513800000| PB 0x0000000513800000| Complete 
| 501|0x0000000513a00000, 0x0000000513c00000, 0x0000000513c00000|100%| E|CS|TAMS 0x0000000513a00000| PB 0x0000000513a00000| Complete 
| 502|0x0000000513c00000, 0x0000000513e00000, 0x0000000513e00000|100%| E|CS|TAMS 0x0000000513c00000| PB 0x0000000513c00000| Complete 
| 503|0x0000000513e00000, 0x0000000514000000, 0x0000000514000000|100%| E|CS|TAMS 0x0000000513e00000| PB 0x0000000513e00000| Complete 
| 504|0x0000000514000000, 0x0000000514200000, 0x0000000514200000|100%| E|CS|TAMS 0x0000000514000000| PB 0x0000000514000000| Complete 
| 505|0x0000000514200000, 0x0000000514400000, 0x0000000514400000|100%| E|CS|TAMS 0x0000000514200000| PB 0x0000000514200000| Complete 
| 506|0x0000000514400000, 0x0000000514600000, 0x0000000514600000|100%| E|CS|TAMS 0x0000000514400000| PB 0x0000000514400000| Complete 
| 507|0x0000000514600000, 0x0000000514800000, 0x0000000514800000|100%| E|CS|TAMS 0x0000000514600000| PB 0x0000000514600000| Complete 
| 508|0x0000000514800000, 0x0000000514a00000, 0x0000000514a00000|100%| E|CS|TAMS 0x0000000514800000| PB 0x0000000514800000| Complete 
| 509|0x0000000514a00000, 0x0000000514c00000, 0x0000000514c00000|100%| E|CS|TAMS 0x0000000514a00000| PB 0x0000000514a00000| Complete 
| 510|0x0000000514c00000, 0x0000000514e00000, 0x0000000514e00000|100%| E|CS|TAMS 0x0000000514c00000| PB 0x0000000514c00000| Complete 
| 511|0x0000000514e00000, 0x0000000515000000, 0x0000000515000000|100%| E|CS|TAMS 0x0000000514e00000| PB 0x0000000514e00000| Complete 
| 512|0x0000000515000000, 0x0000000515200000, 0x0000000515200000|100%| E|CS|TAMS 0x0000000515000000| PB 0x0000000515000000| Complete 
| 513|0x0000000515200000, 0x0000000515400000, 0x0000000515400000|100%| E|CS|TAMS 0x0000000515200000| PB 0x0000000515200000| Complete 
| 514|0x0000000515400000, 0x0000000515600000, 0x0000000515600000|100%| E|CS|TAMS 0x0000000515400000| PB 0x0000000515400000| Complete 
| 515|0x0000000515600000, 0x0000000515800000, 0x0000000515800000|100%| E|CS|TAMS 0x0000000515600000| PB 0x0000000515600000| Complete 
| 516|0x0000000515800000, 0x0000000515a00000, 0x0000000515a00000|100%| E|CS|TAMS 0x0000000515800000| PB 0x0000000515800000| Complete 
| 517|0x0000000515a00000, 0x0000000515c00000, 0x0000000515c00000|100%| E|CS|TAMS 0x0000000515a00000| PB 0x0000000515a00000| Complete 
| 518|0x0000000515c00000, 0x0000000515e00000, 0x0000000515e00000|100%| E|CS|TAMS 0x0000000515c00000| PB 0x0000000515c00000| Complete 
| 519|0x0000000515e00000, 0x0000000516000000, 0x0000000516000000|100%| E|CS|TAMS 0x0000000515e00000| PB 0x0000000515e00000| Complete 
| 520|0x0000000516000000, 0x0000000516200000, 0x0000000516200000|100%| E|CS|TAMS 0x0000000516000000| PB 0x0000000516000000| Complete 
| 521|0x0000000516200000, 0x0000000516400000, 0x0000000516400000|100%| E|CS|TAMS 0x0000000516200000| PB 0x0000000516200000| Complete 
| 522|0x0000000516400000, 0x0000000516600000, 0x0000000516600000|100%| E|CS|TAMS 0x0000000516400000| PB 0x0000000516400000| Complete 
| 523|0x0000000516600000, 0x0000000516800000, 0x0000000516800000|100%| E|CS|TAMS 0x0000000516600000| PB 0x0000000516600000| Complete 
| 524|0x0000000516800000, 0x0000000516a00000, 0x0000000516a00000|100%| E|CS|TAMS 0x0000000516800000| PB 0x0000000516800000| Complete 
| 525|0x0000000516a00000, 0x0000000516c00000, 0x0000000516c00000|100%| E|CS|TAMS 0x0000000516a00000| PB 0x0000000516a00000| Complete 
| 526|0x0000000516c00000, 0x0000000516e00000, 0x0000000516e00000|100%| E|CS|TAMS 0x0000000516c00000| PB 0x0000000516c00000| Complete 
| 527|0x0000000516e00000, 0x0000000517000000, 0x0000000517000000|100%| E|CS|TAMS 0x0000000516e00000| PB 0x0000000516e00000| Complete 
| 528|0x0000000517000000, 0x0000000517200000, 0x0000000517200000|100%| E|CS|TAMS 0x0000000517000000| PB 0x0000000517000000| Complete 
|2047|0x00000005d4e00000, 0x00000005d5000000, 0x00000005d5000000|100%| E|CS|TAMS 0x00000005d4e00000| PB 0x00000005d4e00000| Complete 

Card table byte_map: [0x000000011f23c000,0x000000011fa3c000] _byte_map_base: 0x000000011cb94000

Marking Bits: (CMBitMap*) 0x00000009a8c0ca10
 Bits: [0x000000011fa3c000, 0x0000000123a3c000)

Polling page: 0x0000000100dd4000

Metaspace:

Usage:
  Non-class:     75.23 MB used.
      Class:     13.97 MB used.
       Both:     89.20 MB used.

Virtual space:
  Non-class space:      128.00 MB reserved,      75.50 MB ( 59%) committed,  2 nodes.
      Class space:        1.00 GB reserved,      14.19 MB (  1%) committed,  1 nodes.
             Both:        1.12 GB reserved,      89.69 MB (  8%) committed. 

Chunk freelists:
   Non-Class:  3.77 MB
       Class:  1.70 MB
        Both:  5.47 MB

MaxMetaspaceSize: unlimited
CompressedClassSpaceSize: 1.00 GB
Initial GC threshold: 21.00 MB
Current GC threshold: 137.81 MB
CDS: on
 - commit_granule_bytes: 65536.
 - commit_granule_words: 8192.
 - virtual_space_node_default_size: 8388608.
 - enlarge_chunks_in_place: 1.
 - use_allocation_guard: 0.


Internal statistics:

num_allocs_failed_limit: 17.
num_arena_births: 706.
num_arena_deaths: 74.
num_vsnodes_births: 3.
num_vsnodes_deaths: 0.
num_space_committed: 1420.
num_space_uncommitted: 0.
num_chunks_returned_to_freelist: 114.
num_chunks_taken_from_freelist: 3656.
num_chunk_merges: 34.
num_chunk_splits: 2773.
num_chunks_enlarged: 2269.
num_inconsistent_stats: 0.

CodeHeap 'non-profiled nmethods': size=120032Kb used=10606Kb max_used=10606Kb free=109425Kb
 bounds [0x0000000117d04000, 0x0000000118764000, 0x000000011f23c000]
CodeHeap 'profiled nmethods': size=120016Kb used=33456Kb max_used=35474Kb free=86559Kb
 bounds [0x000000011023c000, 0x00000001124ec000, 0x0000000117770000]
CodeHeap 'non-nmethods': size=5712Kb used=2296Kb max_used=2366Kb free=3415Kb
 bounds [0x0000000117770000, 0x00000001179e0000, 0x0000000117d04000]
CodeCache: size=245760Kb, used=46358Kb, max_used=48446Kb, free=199399Kb
 total_blobs=18339, nmethods=16788, adapters=1458, full_count=0
Compilation: enabled, stopped_count=0, restarted_count=0

Compilation events (20 events):
Event: 13.449 Thread 0x00000009a912e000 nmethod 18726 0x0000000118752a10 code [0x0000000118752bc0, 0x0000000118752e88]
Event: 13.449 Thread 0x00000009a912e000 18738       4       Concurrent.Channel.Def$selectHelper$612502::staticApply (194 bytes)
Event: 13.450 Thread 0x00000009a912e000 nmethod 18738 0x0000000118753090 code [0x0000000118753240, 0x0000000118753490]
Event: 13.450 Thread 0x00000009a912e000 18739       4       Concurrent.Channel.Def$selectHelper$612513::staticApply (132 bytes)
Event: 13.451 Thread 0x00000009a912e000 nmethod 18739 0x0000000118753710 code [0x00000001187538c0, 0x0000000118753b88]
Event: 13.451 Thread 0x00000009a912e000 18741       4       Concurrent.Channel.Def$selectHelper$612511::staticApply (132 bytes)
Event: 13.452 Thread 0x00000009a912e000 nmethod 18741 0x0000000118753d90 code [0x0000000118753f40, 0x0000000118754208]
Event: 13.452 Thread 0x00000009a912e000 18747       4       Overlay.Def$addCollisionShapes$316100::staticApply (336 bytes)
Event: 13.457 Thread 0x00000009a912e000 nmethod 18747 0x0000000118754410 code [0x0000000118754700, 0x00000001187551c0]
Event: 13.457 Thread 0x00000009a912e000 18751       4       Map.Def$insert$329839::staticApply (205 bytes)
Event: 13.461 Thread 0x00000009a912e000 nmethod 18751 0x0000000118755910 code [0x0000000118755b80, 0x0000000118756158]
Event: 13.461 Thread 0x00000009a912e000 18723       4       Concurrent.Channel.Def$selectFrom$610583::staticApply (132 bytes)
Event: 13.465 Thread 0x00000009a912e000 nmethod 18723 0x0000000118756590 code [0x0000000118756740, 0x0000000118756a08]
Event: 13.465 Thread 0x00000009a912e000 18720       4       List.Def$toArray$610244::staticApply (184 bytes)
Event: 13.466 Thread 0x00000009a912e000 nmethod 18720 0x0000000118756c10 code [0x0000000118756e00, 0x0000000118757188]
Event: 13.466 Thread 0x00000009a912e000 18708       4       Editor.Def$pollReload$$Lambda/0x0000000301e08230::apply (10 bytes)
Event: 13.468 Thread 0x00000009a912e000 nmethod 18708 0x0000000118757490 code [0x0000000118757680, 0x0000000118757bf8]
Event: 13.468 Thread 0x00000009a912e000 18757       4       Scene.Def$findActiveCamera$612503::staticApply (632 bytes)
Event: 13.473 Thread 0x00000009a912e000 nmethod 18757 0x0000000118757f10 code [0x00000001187581c0, 0x0000000118758a68]
Event: 13.473 Thread 0x00000009a912e000 18758   !   4       Scene.Def$renderOrderFromEntry$334327::staticApply (1058 bytes)

GC Heap History (20 events):
Event: 3.550 GC heap before
{Heap before GC invocations=24 (full 0):
 garbage-first heap   total 552960K, used 462976K [0x00000004d5000000, 0x00000005d5000000)
  region size 2048K, 85 young (174080K), 4 survivors (8192K)
 Metaspace       used 51540K, committed 51904K, reserved 1114112K
  class space    used 7620K, committed 7808K, reserved 1048576K
}
Event: 3.557 GC heap after
{Heap after GC invocations=25 (full 0):
 garbage-first heap   total 552960K, used 301964K [0x00000004d5000000, 0x00000005d5000000)
  region size 2048K, 6 young (12288K), 6 survivors (12288K)
 Metaspace       used 51540K, committed 51904K, reserved 1114112K
  class space    used 7620K, committed 7808K, reserved 1048576K
}
Event: 3.682 GC heap before
{Heap before GC invocations=25 (full 0):
 garbage-first heap   total 552960K, used 476044K [0x00000004d5000000, 0x00000005d5000000)
  region size 2048K, 92 young (188416K), 6 survivors (12288K)
 Metaspace       used 51852K, committed 52224K, reserved 1114112K
  class space    used 7662K, committed 7808K, reserved 1048576K
}
Event: 3.691 GC heap after
{Heap after GC invocations=26 (full 0):
 garbage-first heap   total 1069056K, used 301948K [0x00000004d5000000, 0x00000005d5000000)
  region size 2048K, 8 young (16384K), 8 survivors (16384K)
 Metaspace       used 51852K, committed 52224K, reserved 1114112K
  class space    used 7662K, committed 7808K, reserved 1048576K
}
Event: 4.105 GC heap before
{Heap before GC invocations=26 (full 0):
 garbage-first heap   total 1069056K, used 873340K [0x00000004d5000000, 0x00000005d5000000)
  region size 2048K, 287 young (587776K), 8 survivors (16384K)
 Metaspace       used 52604K, committed 53056K, reserved 1114112K
  class space    used 7753K, committed 7936K, reserved 1048576K
}
Event: 4.122 GC heap after
{Heap after GC invocations=27 (full 0):
 garbage-first heap   total 1069056K, used 315601K [0x00000004d5000000, 0x00000005d5000000)
  region size 2048K, 15 young (30720K), 15 survivors (30720K)
 Metaspace       used 52604K, committed 53056K, reserved 1114112K
  class space    used 7753K, committed 7936K, reserved 1048576K
}
Event: 4.496 GC heap before
{Heap before GC invocations=27 (full 0):
 garbage-first heap   total 1069056K, used 925905K [0x00000004d5000000, 0x00000005d5000000)
  region size 2048K, 313 young (641024K), 15 survivors (30720K)
 Metaspace       used 53592K, committed 54016K, reserved 1114112K
  class space    used 7839K, committed 8000K, reserved 1048576K
}
Event: 4.514 GC heap after
{Heap after GC invocations=28 (full 0):
 garbage-first heap   total 1069056K, used 327733K [0x00000004d5000000, 0x00000005d5000000)
  region size 2048K, 21 young (43008K), 21 survivors (43008K)
 Metaspace       used 53592K, committed 54016K, reserved 1114112K
  class space    used 7839K, committed 8000K, reserved 1048576K
}
Event: 4.725 GC heap before
{Heap before GC invocations=28 (full 0):
 garbage-first heap   total 1069056K, used 923701K [0x00000004d5000000, 0x00000005d5000000)
  region size 2048K, 313 young (641024K), 21 survivors (43008K)
 Metaspace       used 53861K, committed 54272K, reserved 1114112K
  class space    used 7876K, committed 8064K, reserved 1048576K
}
Event: 4.740 GC heap after
{Heap after GC invocations=29 (full 0):
 garbage-first heap   total 1069056K, used 339836K [0x00000004d5000000, 0x00000005d5000000)
  region size 2048K, 27 young (55296K), 27 survivors (55296K)
 Metaspace       used 53861K, committed 54272K, reserved 1114112K
  class space    used 7876K, committed 8064K, reserved 1048576K
}
Event: 5.283 GC heap before
{Heap before GC invocations=29 (full 0):
 garbage-first heap   total 1069056K, used 925564K [0x00000004d5000000, 0x00000005d5000000)
  region size 2048K, 313 young (641024K), 27 survivors (55296K)
 Metaspace       used 59511K, committed 59968K, reserved 1114112K
  class space    used 9056K, committed 9280K, reserved 1048576K
}
Event: 5.304 GC heap after
{Heap after GC invocations=30 (full 0):
 garbage-first heap   total 1069056K, used 356553K [0x00000004d5000000, 0x00000005d5000000)
  region size 2048K, 30 young (61440K), 30 survivors (61440K)
 Metaspace       used 59511K, committed 59968K, reserved 1114112K
  class space    used 9056K, committed 9280K, reserved 1048576K
}
Event: 5.967 GC heap before
{Heap before GC invocations=30 (full 0):
 garbage-first heap   total 1069056K, used 934089K [0x00000004d5000000, 0x00000005d5000000)
  region size 2048K, 313 young (641024K), 30 survivors (61440K)
 Metaspace       used 62151K, committed 62592K, reserved 1114112K
  class space    used 9472K, committed 9664K, reserved 1048576K
}
Event: 5.998 GC heap after
{Heap after GC invocations=31 (full 0):
 garbage-first heap   total 1069056K, used 395117K [0x00000004d5000000, 0x00000005d5000000)
  region size 2048K, 40 young (81920K), 40 survivors (81920K)
 Metaspace       used 62151K, committed 62592K, reserved 1114112K
  class space    used 9472K, committed 9664K, reserved 1048576K
}
Event: 6.645 GC heap before
{Heap before GC invocations=31 (full 0):
 garbage-first heap   total 1069056K, used 929645K [0x00000004d5000000, 0x00000005d5000000)
  region size 2048K, 302 young (618496K), 40 survivors (81920K)
 Metaspace       used 65191K, committed 65664K, reserved 1114112K
  class space    used 10070K, committed 10304K, reserved 1048576K
}
Event: 6.663 GC heap after
{Heap after GC invocations=32 (full 0):
 garbage-first heap   total 1212416K, used 388096K [0x00000004d5000000, 0x00000005d5000000)
  region size 2048K, 9 young (18432K), 9 survivors (18432K)
 Metaspace       used 65191K, committed 65664K, reserved 1114112K
  class space    used 10070K, committed 10304K, reserved 1048576K
}
Event: 11.150 GC heap before
{Heap before GC invocations=32 (full 0):
 garbage-first heap   total 1212416K, used 910336K [0x00000004d5000000, 0x00000005d5000000)
  region size 2048K, 266 young (544768K), 9 survivors (18432K)
 Metaspace       used 83789K, committed 84288K, reserved 1179648K
  class space    used 13517K, committed 13760K, reserved 1048576K
}
Event: 11.160 GC heap after
{Heap after GC invocations=33 (full 0):
 garbage-first heap   total 1212416K, used 383679K [0x00000004d5000000, 0x00000005d5000000)
  region size 2048K, 7 young (14336K), 7 survivors (14336K)
 Metaspace       used 83789K, committed 84288K, reserved 1179648K
  class space    used 13517K, committed 13760K, reserved 1048576K
}
Event: 13.378 GC heap before
{Heap before GC invocations=34 (full 0):
 garbage-first heap   total 1085440K, used 961215K [0x00000004d5000000, 0x00000005d5000000)
  region size 2048K, 318 young (651264K), 7 survivors (14336K)
 Metaspace       used 91340K, committed 91840K, reserved 1179648K
  class space    used 14309K, committed 14528K, reserved 1048576K
}
Event: 13.385 GC heap after
{Heap after GC invocations=35 (full 0):
 garbage-first heap   total 1085440K, used 323933K [0x00000004d5000000, 0x00000005d5000000)
  region size 2048K, 7 young (14336K), 7 survivors (14336K)
 Metaspace       used 91340K, committed 91840K, reserved 1179648K
  class space    used 14309K, committed 14528K, reserved 1048576K
}

Dll operation events (12 events):
Event: 0.008 Loaded shared library /nix/store/n3rmmip6djs9s68zkazn1c6gsxbjg7fs-zulu-ca-jdk-21.0.8/Library/Java/JavaVirtualMachines/zulu-21.jdk/Contents/Home/lib/libjava.dylib
Event: 0.057 Loaded shared library /nix/store/n3rmmip6djs9s68zkazn1c6gsxbjg7fs-zulu-ca-jdk-21.0.8/Library/Java/JavaVirtualMachines/zulu-21.jdk/Contents/Home/lib/libnio.dylib
Event: 0.068 Loaded shared library /nix/store/n3rmmip6djs9s68zkazn1c6gsxbjg7fs-zulu-ca-jdk-21.0.8/Library/Java/JavaVirtualMachines/zulu-21.jdk/Contents/Home/lib/libzip.dylib
Event: 0.249 Loaded shared library /nix/store/n3rmmip6djs9s68zkazn1c6gsxbjg7fs-zulu-ca-jdk-21.0.8/Library/Java/JavaVirtualMachines/zulu-21.jdk/Contents/Home/lib/libjimage.dylib
Event: 0.304 Loaded shared library /nix/store/n3rmmip6djs9s68zkazn1c6gsxbjg7fs-zulu-ca-jdk-21.0.8/Library/Java/JavaVirtualMachines/zulu-21.jdk/Contents/Home/lib/libnet.dylib
Event: 7.155 Loaded shared library /nix/store/n3rmmip6djs9s68zkazn1c6gsxbjg7fs-zulu-ca-jdk-21.0.8/Library/Java/JavaVirtualMachines/zulu-21.jdk/Contents/Home/lib/libverify.dylib
Event: 8.543 Loaded shared library /private/var/folders/0l/g6sywy1d5s138fm98j6g7b0h0000gn/T/lwjgl_abab/3.4.1+2/arm64/liblwjgl.dylib
Event: 10.760 Loaded shared library /nix/store/n3rmmip6djs9s68zkazn1c6gsxbjg7fs-zulu-ca-jdk-21.0.8/Library/Java/JavaVirtualMachines/zulu-21.jdk/Contents/Home/lib/libawt.dylib
Event: 10.786 Loaded shared library /nix/store/n3rmmip6djs9s68zkazn1c6gsxbjg7fs-zulu-ca-jdk-21.0.8/Library/Java/JavaVirtualMachines/zulu-21.jdk/Contents/Home/lib/libawt_lwawt.dylib
Event: 10.866 Loaded shared library /nix/store/n3rmmip6djs9s68zkazn1c6gsxbjg7fs-zulu-ca-jdk-21.0.8/Library/Java/JavaVirtualMachines/zulu-21.jdk/Contents/Home/lib/libfontmanager.dylib
Event: 11.258 Loaded shared library /nix/store/n3rmmip6djs9s68zkazn1c6gsxbjg7fs-zulu-ca-jdk-21.0.8/Library/Java/JavaVirtualMachines/zulu-21.jdk/Contents/Home/lib/libosxui.dylib
Event: 12.498 Loaded shared library /private/var/folders/0l/g6sywy1d5s138fm98j6g7b0h0000gn/T/lwjgl_abab/3.4.1+2/arm64/liblwjgl_opengl.dylib

Deoptimization events (20 events):
Event: 13.037 Thread 0x00000001013f55a0 Uncommon trap: trap_request=0xffffffd6 fr.pc=0x00000001186fe76c relative=0x00000000000003ac
Event: 13.037 Thread 0x00000001013f55a0 Uncommon trap: reason=array_check action=maybe_recompile pc=0x00000001186fe76c method=java.util.Arrays.fill([Ljava/lang/Object;Ljava/lang/Object;)V @ 13 c2
Event: 13.037 Thread 0x00000001013f55a0 DEOPT PACKING pc=0x00000001186fe76c sp=0x000000016f2e0800
Event: 13.037 Thread 0x00000001013f55a0 DEOPT UNPACKING pc=0x00000001177b301c sp=0x000000016f2e07a0 mode 2
Event: 13.037 Thread 0x00000001013f55a0 Uncommon trap: trap_request=0xffffffd6 fr.pc=0x00000001186fe76c relative=0x00000000000003ac
Event: 13.037 Thread 0x00000001013f55a0 Uncommon trap: reason=array_check action=maybe_recompile pc=0x00000001186fe76c method=java.util.Arrays.fill([Ljava/lang/Object;Ljava/lang/Object;)V @ 13 c2
Event: 13.037 Thread 0x00000001013f55a0 DEOPT PACKING pc=0x00000001186fe76c sp=0x000000016f2e06e0
Event: 13.037 Thread 0x00000001013f55a0 DEOPT UNPACKING pc=0x00000001177b301c sp=0x000000016f2e0680 mode 2
Event: 13.385 Thread 0x0000000101409270 Uncommon trap: trap_request=0xffffff45 fr.pc=0x0000000118697458 relative=0x0000000000000d98
Event: 13.385 Thread 0x0000000101409270 Uncommon trap: reason=unstable_if action=reinterpret pc=0x0000000118697458 method=java.lang.ref.ReferenceQueue.enqueue0(Ljava/lang/ref/Reference;)Z @ 85 c2
Event: 13.385 Thread 0x0000000101409270 DEOPT PACKING pc=0x0000000118697458 sp=0x000000017045a920
Event: 13.385 Thread 0x0000000101409270 DEOPT UNPACKING pc=0x00000001177b301c sp=0x000000017045a7b0 mode 2
Event: 13.385 Thread 0x0000000101409270 Uncommon trap: trap_request=0xffffff45 fr.pc=0x0000000118699d60 relative=0x0000000000000420
Event: 13.385 Thread 0x0000000101409270 Uncommon trap: reason=unstable_if action=reinterpret pc=0x0000000118699d60 method=java.lang.ref.ReferenceQueue.enqueue0(Ljava/lang/ref/Reference;)Z @ 85 c2
Event: 13.385 Thread 0x0000000101409270 DEOPT PACKING pc=0x0000000118699d60 sp=0x000000017045a870
Event: 13.385 Thread 0x0000000101409270 DEOPT UNPACKING pc=0x00000001177b301c sp=0x000000017045a7f0 mode 2
Event: 13.385 Thread 0x00000009a9154000 Uncommon trap: trap_request=0xffffff45 fr.pc=0x000000011869b05c relative=0x000000000000029c
Event: 13.385 Thread 0x00000009a9154000 Uncommon trap: reason=unstable_if action=reinterpret pc=0x000000011869b05c method=java.lang.ref.ReferenceQueue.poll0()Ljava/lang/ref/Reference; @ 54 c2
Event: 13.385 Thread 0x00000009a9154000 DEOPT PACKING pc=0x000000011869b05c sp=0x00000001706668f0
Event: 13.385 Thread 0x00000009a9154000 DEOPT UNPACKING pc=0x00000001177b301c sp=0x0000000170666860 mode 2

Classes loaded (20 events):
Event: 13.237 Loading class javax/accessibility/AccessibleBundle done
Event: 13.237 Loading class javax/accessibility/AccessibleRole done
Event: 13.237 Loading class javax/accessibility/AccessibleBundle$1
Event: 13.237 Loading class sun/awt/AWTAccessor$AccessibleBundleAccessor
Event: 13.238 Loading class sun/awt/AWTAccessor$AccessibleBundleAccessor done
Event: 13.238 Loading class javax/accessibility/AccessibleBundle$1 done
Event: 13.244 Loading class sun/lwawt/macosx/CAccessibility$15
Event: 13.244 Loading class sun/lwawt/macosx/CAccessibility$15 done
Event: 13.244 Loading class java/awt/Container$AccessibleAWTContainer$AccessibleContainerHandler
Event: 13.244 Loading class java/awt/Container$AccessibleAWTContainer$AccessibleContainerHandler done
Event: 13.244 Loading class javax/swing/JLayeredPane$AccessibleJLayeredPane
Event: 13.244 Loading class javax/swing/JLayeredPane$AccessibleJLayeredPane done
Event: 13.244 Loading class javax/swing/JRootPane$AccessibleJRootPane
Event: 13.244 Loading class javax/swing/JRootPane$AccessibleJRootPane done
Event: 13.245 Loading class javax/swing/JFrame$AccessibleJFrame
Event: 13.245 Loading class java/awt/Frame$AccessibleAWTFrame
Event: 13.245 Loading class java/awt/Window$AccessibleAWTWindow
Event: 13.245 Loading class java/awt/Window$AccessibleAWTWindow done
Event: 13.245 Loading class java/awt/Frame$AccessibleAWTFrame done
Event: 13.245 Loading class javax/swing/JFrame$AccessibleJFrame done

Classes unloaded (20 events):
Event: 11.199 Thread 0x00000009a8ca5c00 Unloading class 0x00000003018d1800 'java/lang/invoke/LambdaForm$MH+0x00000003018d1800'
Event: 11.199 Thread 0x00000009a8ca5c00 Unloading class 0x00000003018d1000 'java/lang/invoke/LambdaForm$DMH+0x00000003018d1000'
Event: 11.199 Thread 0x00000009a8ca5c00 Unloading class 0x00000003018d0c00 'java/lang/invoke/LambdaForm$DMH+0x00000003018d0c00'
Event: 11.199 Thread 0x00000009a8ca5c00 Unloading class 0x00000003018d0400 'java/lang/invoke/LambdaForm$DMH+0x00000003018d0400'
Event: 11.199 Thread 0x00000009a8ca5c00 Unloading class 0x00000003018d0000 'java/lang/invoke/LambdaForm$DMH+0x00000003018d0000'
Event: 11.199 Thread 0x00000009a8ca5c00 Unloading class 0x00000003018c9800 'java/lang/invoke/LambdaForm$DMH+0x00000003018c9800'
Event: 11.199 Thread 0x00000009a8ca5c00 Unloading class 0x00000003018c9400 'java/lang/invoke/LambdaForm$DMH+0x00000003018c9400'
Event: 11.199 Thread 0x00000009a8ca5c00 Unloading class 0x00000003018c9000 'java/lang/invoke/LambdaForm$DMH+0x00000003018c9000'
Event: 11.199 Thread 0x00000009a8ca5c00 Unloading class 0x00000003018c8c00 'java/lang/invoke/LambdaForm$DMH+0x00000003018c8c00'
Event: 11.199 Thread 0x00000009a8ca5c00 Unloading class 0x00000003018c8800 'java/lang/invoke/LambdaForm$DMH+0x00000003018c8800'
Event: 11.199 Thread 0x00000009a8ca5c00 Unloading class 0x0000000301880400 'java/lang/invoke/LambdaForm$DMH+0x0000000301880400'
Event: 11.199 Thread 0x00000009a8ca5c00 Unloading class 0x000000030187dc00 'java/lang/invoke/LambdaForm$DMH+0x000000030187dc00'
Event: 11.199 Thread 0x00000009a8ca5c00 Unloading class 0x000000030187d800 'java/lang/invoke/LambdaForm$DMH+0x000000030187d800'
Event: 11.199 Thread 0x00000009a8ca5c00 Unloading class 0x000000030187d400 'java/lang/invoke/LambdaForm$DMH+0x000000030187d400'
Event: 11.199 Thread 0x00000009a8ca5c00 Unloading class 0x000000030187d000 'java/lang/invoke/LambdaForm$DMH+0x000000030187d000'
Event: 11.199 Thread 0x00000009a8ca5c00 Unloading class 0x000000030187cc00 'java/lang/invoke/LambdaForm$DMH+0x000000030187cc00'
Event: 11.199 Thread 0x00000009a8ca5c00 Unloading class 0x000000030187c800 'java/lang/invoke/LambdaForm$DMH+0x000000030187c800'
Event: 11.199 Thread 0x00000009a8ca5c00 Unloading class 0x000000030187c400 'java/lang/invoke/LambdaForm$DMH+0x000000030187c400'
Event: 11.199 Thread 0x00000009a8ca5c00 Unloading class 0x0000000301858800 'java/lang/invoke/LambdaForm$DMH+0x0000000301858800'
Event: 11.199 Thread 0x00000009a8ca5c00 Unloading class 0x0000000301858400 'java/lang/invoke/LambdaForm$DMH+0x0000000301858400'

Classes redefined (0 events):
No events

Internal exceptions (20 events):
Event: 11.319 Thread 0x00000001013f55a0 Implicit null exception at 0x0000000118695854 to 0x0000000118695b04
Event: 11.319 Thread 0x00000001013f55a0 Implicit null exception at 0x0000000117d73454 to 0x0000000117d73704
Event: 12.046 Thread 0x00000001013f55a0 Exception <a 'java/lang/NoSuchMethodError'{0x0000000516e267a8}: 'java.lang.Object java.lang.invoke.DirectMethodHandle$Holder.invokeSpecial(java.lang.Object, java.lang.Object, double, double)'> (0x0000000516e267a8) 
thrown [src/hotspot/share/interpreter/linkResolver.cpp, line 773]
Event: 12.047 Thread 0x00000001013f55a0 Exception <a 'java/lang/NoSuchMethodError'{0x0000000516e2d368}: 'void java.lang.invoke.DirectMethodHandle$Holder.invokeStatic(java.lang.Object, java.lang.Object, long)'> (0x0000000516e2d368) 
thrown [src/hotspot/share/interpreter/linkResolver.cpp, line 773]
Event: 12.087 Thread 0x00000001013f55a0 Exception <a 'java/lang/NoSuchMethodError'{0x0000000516e5f358}: 'void java.lang.invoke.DirectMethodHandle$Holder.invokeStatic(java.lang.Object, int, long)'> (0x0000000516e5f358) 
thrown [src/hotspot/share/interpreter/linkResolver.cpp, line 773]
Event: 12.089 Thread 0x00000009ac8c0000 Exception <a 'java/lang/NoSuchMethodError'{0x0000000516f01b78}: 'void java.lang.invoke.DirectMethodHandle$Holder.invokeStatic(java.lang.Object, long)'> (0x0000000516f01b78) 
thrown [src/hotspot/share/interpreter/linkResolver.cpp, line 773]
Event: 12.097 Thread 0x00000001013f55a0 Exception <a 'java/lang/NoSuchMethodError'{0x0000000516e7c6b0}: 'java.lang.Object java.lang.invoke.DirectMethodHandle$Holder.newInvokeSpecial(java.lang.Object, int, int, int, int)'> (0x0000000516e7c6b0) 
thrown [src/hotspot/share/interpreter/linkResolver.cpp, line 773]
Event: 12.104 Thread 0x00000009ab2fc700 Exception <a 'java/lang/NoSuchMethodError'{0x0000000516d36460}: 'void java.lang.invoke.DirectMethodHandle$Holder.invokeSpecial(java.lang.Object, java.lang.Object, long)'> (0x0000000516d36460) 
thrown [src/hotspot/share/interpreter/linkResolver.cpp, line 773]
Event: 12.181 Thread 0x00000001013f55a0 Exception <a 'java/lang/NoSuchMethodError'{0x0000000516e9a7e0}: 'void java.lang.invoke.DirectMethodHandle$Holder.invokeStatic(java.lang.Object, long, long)'> (0x0000000516e9a7e0) 
thrown [src/hotspot/share/interpreter/linkResolver.cpp, line 773]
Event: 12.195 Thread 0x00000001013f55a0 Exception <a 'java/lang/NoSuchMethodError'{0x0000000516ead088}: 'int java.lang.invoke.DirectMethodHandle$Holder.invokeStaticInit(java.lang.Object, java.lang.Object)'> (0x0000000516ead088) 
thrown [src/hotspot/share/interpreter/linkResolver.cpp, line 773]
Event: 12.431 Thread 0x00000009ac8c0000 Exception <a 'java/lang/NoSuchMethodError'{0x0000000516fb8368}: 'java.lang.Object java.lang.invoke.DirectMethodHandle$Holder.newInvokeSpecial(java.lang.Object, java.lang.Object, int, int, int, int)'> (0x0000000516fb8368) 
thrown [src/hotspot/share/interpreter/linkResolver.cpp, line 773]
Event: 12.486 Thread 0x00000009ac8c0e00 Exception <a 'java/lang/NoSuchMethodError'{0x0000000516dca878}: 'void java.lang.System.load(java.lang.String, java.lang.Class)'> (0x0000000516dca878) 
thrown [src/hotspot/share/interpreter/linkResolver.cpp, line 773]
Event: 12.487 Thread 0x00000009ac8c0e00 Implicit null exception at 0x0000000117df9f64 to 0x0000000117dfa698
Event: 12.489 Thread 0x00000009ac8c0e00 Exception <a 'java/lang/NoSuchMethodError'{0x0000000516dcd2e0}: 'void java.lang.System.loadLibrary(java.lang.String, java.lang.Class)'> (0x0000000516dcd2e0) 
thrown [src/hotspot/share/interpreter/linkResolver.cpp, line 773]
Event: 12.490 Thread 0x00000009ac8c0e00 Implicit null exception at 0x0000000117f55970 to 0x0000000117f55c38
Event: 12.718 Thread 0x00000001013f55a0 Exception <a 'sun/nio/fs/UnixException'{0x0000000516ee0260}> (0x0000000516ee0260) 
thrown [src/hotspot/share/prims/jni.cpp, line 520]
Event: 12.721 Thread 0x00000001013f55a0 Exception <a 'sun/nio/fs/UnixException'{0x0000000516eece10}> (0x0000000516eece10) 
thrown [src/hotspot/share/prims/jni.cpp, line 520]
Event: 12.974 Thread 0x00000009ac8c0e00 Exception <a 'sun/nio/fs/UnixException'{0x00000005164b8ea0}> (0x00000005164b8ea0) 
thrown [src/hotspot/share/prims/jni.cpp, line 520]
Event: 13.225 Thread 0x00000009ac8c0e00 Exception <a 'sun/nio/fs/UnixException'{0x00000005164be190}> (0x00000005164be190) 
thrown [src/hotspot/share/prims/jni.cpp, line 520]
Event: 13.477 Thread 0x00000009ac8c0e00 Exception <a 'sun/nio/fs/UnixException'{0x00000005d4f81f88}> (0x00000005d4f81f88) 
thrown [src/hotspot/share/prims/jni.cpp, line 520]

ZGC Phase Switch (0 events):
No events

VM Operations (20 events):
Event: 10.794 Executing VM operation: Cleanup
Event: 10.794 Executing VM operation: Cleanup done
Event: 11.150 Executing VM operation: CollectForMetadataAllocation (Metadata GC Threshold)
Event: 11.160 Executing VM operation: CollectForMetadataAllocation (Metadata GC Threshold) done
Event: 11.189 Executing VM operation: CollectForMetadataAllocation (Metadata GC Threshold)
Event: 11.199 Executing VM operation: CollectForMetadataAllocation (Metadata GC Threshold) done
Event: 11.199 Executing VM operation: G1PauseRemark
Event: 11.221 Executing VM operation: G1PauseRemark done
Event: 11.227 Executing VM operation: G1PauseCleanup
Event: 11.227 Executing VM operation: G1PauseCleanup done
Event: 12.130 Executing VM operation: ICBufferFull
Event: 12.130 Executing VM operation: ICBufferFull done
Event: 12.195 Executing VM operation: HandshakeAllThreads (Deoptimize)
Event: 12.195 Executing VM operation: HandshakeAllThreads (Deoptimize) done
Event: 12.759 Executing VM operation: ICBufferFull
Event: 12.759 Executing VM operation: ICBufferFull done
Event: 12.809 Executing VM operation: ICBufferFull
Event: 12.810 Executing VM operation: ICBufferFull done
Event: 13.378 Executing VM operation: G1CollectForAllocation (G1 Evacuation Pause)
Event: 13.385 Executing VM operation: G1CollectForAllocation (G1 Evacuation Pause) done

Memory protections (20 events):
Event: 8.529 Protecting memory [0x0000000173790000,0x000000017379c000] with protection modes 3
Event: 8.529 Protecting memory [0x0000000173584000,0x0000000173590000] with protection modes 3
Event: 8.529 Protecting memory [0x0000000173378000,0x0000000173384000] with protection modes 3
Event: 8.529 Protecting memory [0x0000000173fc0000,0x0000000173fcc000] with protection modes 3
Event: 8.529 Protecting memory [0x000000017399c000,0x00000001739a8000] with protection modes 3
Event: 8.529 Protecting memory [0x000000017316c000,0x0000000173178000] with protection modes 3
Event: 8.529 Protecting memory [0x0000000173db4000,0x0000000173dc0000] with protection modes 3
Event: 10.870 Protecting memory [0x000000016e858000,0x000000016e864000] with protection modes 0
Event: 10.923 Protecting memory [0x0000000173658000,0x0000000173664000] with protection modes 0
Event: 11.172 Protecting memory [0x00000001738f0000,0x00000001738fc000] with protection modes 0
Event: 11.180 Protecting memory [0x0000000173afc000,0x0000000173b08000] with protection modes 0
Event: 12.035 Protecting memory [0x000000039af88000,0x000000039af94000] with protection modes 0
Event: 12.052 Protecting memory [0x000000039b194000,0x000000039b1a0000] with protection modes 0
Event: 12.198 Protecting memory [0x0000000343334000,0x0000000343340000] with protection modes 0
Event: 12.198 Protecting memory [0x0000000343540000,0x000000034354c000] with protection modes 0
Event: 12.409 Protecting memory [0x0000000343d1c000,0x0000000343d28000] with protection modes 0
Event: 12.409 Protecting memory [0x0000000344d5c000,0x0000000344d68000] with protection modes 0
Event: 12.483 Protecting memory [0x000000039d2f0000,0x000000039d2fc000] with protection modes 0
Event: 12.491 Protecting memory [0x000000039d4fc000,0x000000039d508000] with protection modes 0
Event: 12.495 Protecting memory [0x000000039d708000,0x000000039d714000] with protection modes 0

Nmethod flushes (20 events):
Event: 11.219 Thread 0x00000009a8ca5c00 flushing  nmethod 0x0000000111114010
Event: 11.219 Thread 0x00000009a8ca5c00 flushing  nmethod 0x000000011111ea10
Event: 11.219 Thread 0x00000009a8ca5c00 flushing  nmethod 0x000000011111ee10
Event: 11.219 Thread 0x00000009a8ca5c00 flushing  nmethod 0x000000011111f210
Event: 11.219 Thread 0x00000009a8ca5c00 flushing  nmethod 0x0000000111125310
Event: 11.219 Thread 0x00000009a8ca5c00 flushing  nmethod 0x0000000111125710
Event: 11.219 Thread 0x00000009a8ca5c00 flushing  nmethod 0x0000000111125b90
Event: 11.219 Thread 0x00000009a8ca5c00 flushing  nmethod 0x0000000111184910
Event: 11.219 Thread 0x00000009a8ca5c00 flushing  nmethod 0x0000000111187d90
Event: 11.219 Thread 0x00000009a8ca5c00 flushing  nmethod 0x0000000111188610
Event: 11.219 Thread 0x00000009a8ca5c00 flushing  nmethod 0x0000000111188e90
Event: 11.219 Thread 0x00000009a8ca5c00 flushing  nmethod 0x0000000111189710
Event: 11.219 Thread 0x00000009a8ca5c00 flushing  nmethod 0x000000011118b590
Event: 11.219 Thread 0x00000009a8ca5c00 flushing  nmethod 0x00000001111b0010
Event: 11.219 Thread 0x00000009a8ca5c00 flushing  nmethod 0x00000001111b1790
Event: 11.219 Thread 0x00000009a8ca5c00 flushing  nmethod 0x00000001111b1d10
Event: 11.219 Thread 0x00000009a8ca5c00 flushing  nmethod 0x00000001111b2490
Event: 11.219 Thread 0x00000009a8ca5c00 flushing  nmethod 0x00000001111b5190
Event: 11.219 Thread 0x00000009a8ca5c00 flushing  nmethod 0x00000001111b8390
Event: 11.219 Thread 0x00000009a8ca5c00 flushing  nmethod 0x0000000111210890

Events (20 events):
Event: 8.529 Thread 0x00000009ab2ff800 Thread exited: 0x00000009ab2ff800
Event: 8.529 Thread 0x00000009ab2ff100 Thread exited: 0x00000009ab2ff100
Event: 8.529 Thread 0x00000009ab2fdc00 Thread exited: 0x00000009ab2fdc00
Event: 8.529 Thread 0x00000009aa94dc00 Thread exited: 0x00000009aa94dc00
Event: 8.529 Thread 0x00000009aa94c000 Thread exited: 0x00000009aa94c000
Event: 8.529 Thread 0x00000009ab2fc700 Thread exited: 0x00000009ab2fc700
Event: 8.529 Thread 0x00000009aa94c700 Thread exited: 0x00000009aa94c700
Event: 10.870 Thread 0x00000009ab2fc700 Thread added: 0x00000009ab2fc700
Event: 10.923 Thread 0x00000009ab2fc700 Thread added: 0x00000009ab2ff100
Event: 11.172 Thread 0x00000001013f55a0 Thread added: 0x00000009ab2ff800
Event: 11.179 Thread 0x00000001013f55a0 Thread added: 0x00000009aa94c700
Event: 12.035 Thread 0x00000001013f55a0 Thread added: 0x00000009ac8c0000
Event: 12.052 Thread 0x00000001013f55a0 Thread added: 0x00000009ac8c0700
Event: 12.198 Thread 0x00000001013f55a0 Thread added: 0x00000009ac8c0e00
Event: 12.198 Thread 0x00000009ac8c0e00 Thread added: 0x00000009ac8c1500
Event: 12.409 Thread 0x00000009ac8c0e00 Thread added: 0x00000009ac8c1c00
Event: 12.409 Thread 0x00000009ac8c0e00 Thread added: 0x00000009ac8c2300
Event: 12.483 Thread 0x00000009ac8c0e00 Thread added: 0x00000009ac8c2a00
Event: 12.491 Thread 0x00000009ac8c0e00 Thread added: 0x00000009ac8c3100
Event: 12.495 Thread 0x00000009ac8c0e00 Thread added: 0x00000009ac8c3800


Dynamic libraries:
0x0000000100dec000 	/nix/store/n3rmmip6djs9s68zkazn1c6gsxbjg7fs-zulu-ca-jdk-21.0.8/Library/Java/JavaVirtualMachines/zulu-21.jdk/Contents/Home/lib/libjli.dylib
0x00000001bdfef000 	/System/Library/Frameworks/Cocoa.framework/Versions/A/Cocoa
0x00000001a337c000 	/System/Library/Frameworks/AppKit.framework/Versions/C/AppKit
0x00000001a69f0000 	/System/Library/Frameworks/CoreData.framework/Versions/A/CoreData
0x00000001a0776000 	/System/Library/Frameworks/Foundation.framework/Versions/C/Foundation
0x00000001ae9b3000 	/usr/lib/libSystem.B.dylib
0x00000001a4aa9000 	/System/Library/PrivateFrameworks/UIFoundation.framework/Versions/A/UIFoundation
0x00000002587c1000 	/System/Library/PrivateFrameworks/CollectionViewCore.framework/Versions/A/CollectionViewCore
0x00000001abd44000 	/System/Library/PrivateFrameworks/XCTTargetBootstrap.framework/Versions/A/XCTTargetBootstrap
0x00000001b141c000 	/System/Library/PrivateFrameworks/InternationalSupport.framework/Versions/A/InternationalSupport
0x00000001b1776000 	/System/Library/PrivateFrameworks/UserActivity.framework/Versions/A/UserActivity
0x00000001a7080000 	/System/Library/PrivateFrameworks/BaseBoard.framework/Versions/A/BaseBoard
0x0000000260f8e000 	/System/Library/PrivateFrameworks/FrontBoard.framework/Versions/A/FrontBoard
0x00000001b8e2f000 	/System/Library/PrivateFrameworks/FrontBoardServices.framework/Versions/A/FrontBoardServices
0x000000029cf2d000 	/usr/lib/libRosetta.dylib
0x00000002907e2000 	/System/Library/PrivateFrameworks/UIIntelligenceSupport.framework/Versions/A/UIIntelligenceSupport
0x000000024d6ca000 	/System/Library/Frameworks/SwiftUICore.framework/Versions/A/SwiftUICore
0x0000000296d96000 	/System/Library/PrivateFrameworks/WritingTools.framework/Versions/A/WritingTools
0x0000000295be7000 	/System/Library/PrivateFrameworks/WindowManagement.framework/Versions/A/WindowManagement
0x00000001a03d5000 	/System/Library/Frameworks/SystemConfiguration.framework/Versions/A/SystemConfiguration
0x00000001b064e000 	/usr/lib/libspindump.dylib
0x00000001a4c64000 	/System/Library/Frameworks/UniformTypeIdentifiers.framework/Versions/A/UniformTypeIdentifiers
0x00000001adc4a000 	/usr/lib/libbsm.0.dylib
0x00000001a944e000 	/usr/lib/libapp_launch_measurement.dylib
0x00000001a8743000 	/System/Library/PrivateFrameworks/CoreAnalytics.framework/Versions/A/CoreAnalytics
0x00000001a9452000 	/System/Library/PrivateFrameworks/CoreAutoLayout.framework/Versions/A/CoreAutoLayout
0x00000001ab28f000 	/System/Library/Frameworks/Metal.framework/Versions/A/Metal
0x00000001ac697000 	/usr/lib/liblangid.dylib
0x00000001abd4a000 	/System/Library/PrivateFrameworks/CoreSVG.framework/Versions/A/CoreSVG
0x00000001a56c5000 	/System/Library/PrivateFrameworks/SkyLight.framework/Versions/A/SkyLight
0x0000000260cc7000 	/System/Library/PrivateFrameworks/FocusEngine.framework/Versions/A/FocusEngine
0x00000001a5c8c000 	/System/Library/Frameworks/CoreGraphics.framework/Versions/A/CoreGraphics
0x000000025e8c2000 	/System/Library/PrivateFrameworks/DesignLibrary.framework/Versions/A/DesignLibrary
0x00000001b70f7000 	/System/Library/Frameworks/Accelerate.framework/Versions/A/Accelerate
0x00000001b0443000 	/System/Library/PrivateFrameworks/IconServices.framework/Versions/A/IconServices
0x00000001ab267000 	/System/Library/Frameworks/IOSurface.framework/Versions/A/IOSurface
0x00000001a8773000 	/usr/lib/libDiagnosticMessagesClient.dylib
0x00000001ae8fc000 	/usr/lib/libz.1.dylib
0x00000001bb41f000 	/System/Library/Frameworks/ApplicationServices.framework/Versions/A/ApplicationServices
0x00000001abd2f000 	/System/Library/PrivateFrameworks/DFRFoundation.framework/Versions/A/DFRFoundation
0x00000001a2bcb000 	/usr/lib/libicucore.A.dylib
0x00000001b29b3000 	/System/Library/Frameworks/AudioToolbox.framework/Versions/A/AudioToolbox
0x00000001b1724000 	/System/Library/PrivateFrameworks/DataDetectorsCore.framework/Versions/A/DataDetectorsCore
0x00000002913f5000 	/System/Library/PrivateFrameworks/UpdateCycle.framework/Versions/A/UpdateCycle
0x00000001cf61a000 	/System/Library/PrivateFrameworks/TextInput.framework/Versions/A/TextInput
0x00000001a5607000 	/usr/lib/libMobileGestalt.dylib
0x00000001aba2b000 	/System/Library/Frameworks/Carbon.framework/Versions/A/Frameworks/HIToolbox.framework/Versions/A/HIToolbox
0x00000001a8ca8000 	/System/Library/Frameworks/QuartzCore.framework/Versions/A/QuartzCore
0x00000001a27a6000 	/System/Library/Frameworks/Security.framework/Versions/A/Security
0x00000001b6a76000 	/System/Library/Frameworks/Carbon.framework/Versions/A/Frameworks/SpeechRecognition.framework/Versions/A/SpeechRecognition
0x00000001a911d000 	/System/Library/PrivateFrameworks/CoreUI.framework/Versions/A/CoreUI
0x00000001a1ff4000 	/System/Library/Frameworks/CoreAudio.framework/Versions/A/CoreAudio
0x00000001a8867000 	/System/Library/Frameworks/DiskArbitration.framework/Versions/A/DiskArbitration
0x00000001b0bf6000 	/System/Library/PrivateFrameworks/MultitouchSupport.framework/Versions/A/MultitouchSupport
0x00000001a5605000 	/usr/lib/libenergytrace.dylib
0x00000001c2afe000 	/System/Library/PrivateFrameworks/RenderBox.framework/Versions/A/RenderBox
0x00000001a3223000 	/System/Library/Frameworks/IOKit.framework/Versions/A/IOKit
0x00000001b6e80000 	/System/Library/Frameworks/CoreServices.framework/Versions/A/CoreServices
0x00000001a93df000 	/System/Library/PrivateFrameworks/PerformanceAnalysis.framework/Versions/A/PerformanceAnalysis
0x00000002430b4000 	/System/Library/Frameworks/OpenGL.framework/Versions/A/OpenGL
0x00000001a949c000 	/usr/lib/libxml2.2.dylib
0x00000001adb2b000 	/System/Library/PrivateFrameworks/MobileKeyBag.framework/Versions/A/MobileKeyBag
0x000000019ea8c000 	/usr/lib/libobjc.A.dylib
0x000000019edf2000 	/usr/lib/libc++.1.dylib
0x00000001b6dfd000 	/System/Library/Frameworks/Accessibility.framework/Versions/A/Accessibility
0x00000001a63e6000 	/System/Library/Frameworks/ColorSync.framework/Versions/A/ColorSync
0x000000019ef23000 	/System/Library/Frameworks/CoreFoundation.framework/Versions/A/CoreFoundation
0x00000001ac0d7000 	/System/Library/Frameworks/CoreImage.framework/Versions/A/CoreImage
0x00000001a1dc7000 	/System/Library/Frameworks/CoreText.framework/Versions/A/CoreText
0x00000002449be000 	/System/Library/Frameworks/CoreTransferable.framework/Versions/A/CoreTransferable
0x0000000244efa000 	/System/Library/Frameworks/DataDetection.framework/Versions/A/DataDetection
0x0000000244f0f000 	/System/Library/Frameworks/DeveloperToolsSupport.framework/Versions/A/DeveloperToolsSupport
0x00000001abd88000 	/System/Library/Frameworks/ImageIO.framework/Versions/A/ImageIO
0x000000024e63f000 	/System/Library/Frameworks/Symbols.framework/Versions/A/Symbols
0x00000001d483f000 	/System/Library/PrivateFrameworks/AttributeGraph.framework/Versions/A/AttributeGraph
0x00000001b8f0e000 	/System/Library/PrivateFrameworks/BoardServices.framework/Versions/A/BoardServices
0x00000001f8ffe000 	/System/Library/PrivateFrameworks/FeatureFlags.framework/Versions/A/FeatureFlags
0x0000000269f07000 	/System/Library/PrivateFrameworks/Gestures.framework/Versions/A/Gestures
0x00000001ae9b8000 	/System/Library/PrivateFrameworks/SoftLinking.framework/Versions/A/SoftLinking
0x00000001e30e3000 	/usr/lib/swift/libswiftAccelerate.dylib
0x00000001d955a000 	/usr/lib/swift/libswiftCompression.dylib
0x00000001b231b000 	/usr/lib/swift/libswiftCore.dylib
0x00000001cb8eb000 	/usr/lib/swift/libswiftCoreFoundation.dylib
0x00000001cb944000 	/usr/lib/swift/libswiftCoreImage.dylib
0x00000001b8baa000 	/usr/lib/swift/libswiftDispatch.dylib
0x00000001cb945000 	/usr/lib/swift/libswiftIOKit.dylib
0x00000001d954d000 	/usr/lib/swift/libswiftMetal.dylib
0x00000001e88d2000 	/usr/lib/swift/libswiftOSLog.dylib
0x00000001bba70000 	/usr/lib/swift/libswiftObjectiveC.dylib
0x000000029e16e000 	/usr/lib/swift/libswiftObservation.dylib
0x00000001de866000 	/usr/lib/swift/libswiftQuartzCore.dylib
0x000000029e2ad000 	/usr/lib/swift/libswiftSynchronization.dylib
0x00000001e30d4000 	/usr/lib/swift/libswiftUniformTypeIdentifiers.dylib
0x00000001cb8fd000 	/usr/lib/swift/libswiftXPC.dylib
0x000000029e2e7000 	/usr/lib/swift/libswift_Builtin_float.dylib
0x000000029e2ea000 	/usr/lib/swift/libswift_Concurrency.dylib
0x00000001bba74000 	/usr/lib/swift/libswiftos.dylib
0x00000001cf3aa000 	/usr/lib/swift/libswiftsimd.dylib
0x00000001aebdf000 	/usr/lib/libcompression.dylib
0x00000001b137c000 	/System/Library/PrivateFrameworks/TextureIO.framework/Versions/A/TextureIO
0x00000001a6592000 	/System/Library/Frameworks/ApplicationServices.framework/Versions/A/Frameworks/HIServices.framework/Versions/A/HIServices
0x00000001b00cc000 	/usr/lib/libate.dylib
0x00000001ae9ad000 	/usr/lib/system/libcache.dylib
0x00000001ae968000 	/usr/lib/system/libcommonCrypto.dylib
0x00000001ae993000 	/usr/lib/system/libcompiler_rt.dylib
0x00000001ae988000 	/usr/lib/system/libcopyfile.dylib
0x000000019ec2c000 	/usr/lib/system/libcorecrypto.dylib
0x000000019ed25000 	/usr/lib/system/libdispatch.dylib
0x000000019eae0000 	/usr/lib/system/libdyld.dylib
0x00000001ae9a3000 	/usr/lib/system/libkeymgr.dylib
0x00000001ae94b000 	/usr/lib/system/libmacho.dylib
0x00000001adc22000 	/usr/lib/system/libquarantine.dylib
0x00000001ae9a0000 	/usr/lib/system/libremovefile.dylib
0x00000001a5688000 	/usr/lib/system/libsystem_asl.dylib
0x000000019ebb1000 	/usr/lib/system/libsystem_blocks.dylib
0x000000019ed6f000 	/usr/lib/system/libsystem_c.dylib
0x00000001ae997000 	/usr/lib/system/libsystem_collections.dylib
0x00000001ac684000 	/usr/lib/system/libsystem_configuration.dylib
0x00000001ab22e000 	/usr/lib/system/libsystem_containermanager.dylib
0x00000001ae3b2000 	/usr/lib/system/libsystem_coreservices.dylib
0x00000001a2e9d000 	/usr/lib/system/libsystem_darwin.dylib
0x000000029e63d000 	/usr/lib/system/libsystem_darwindirectory.dylib
0x00000001ae9a4000 	/usr/lib/system/libsystem_dnssd.dylib
0x000000029e641000 	/usr/lib/system/libsystem_eligibility.dylib
0x000000019ed6c000 	/usr/lib/system/libsystem_featureflags.dylib
0x000000019eef3000 	/usr/lib/system/libsystem_info.dylib
0x00000001ae90c000 	/usr/lib/system/libsystem_m.dylib
0x000000019ecd9000 	/usr/lib/system/libsystem_malloc.dylib
0x00000001a55ea000 	/usr/lib/system/libsystem_networkextension.dylib
0x00000001a330e000 	/usr/lib/system/libsystem_notify.dylib
0x00000001ac689000 	/usr/lib/system/libsystem_sandbox.dylib
0x000000029e64b000 	/usr/lib/system/libsystem_sanitizers.dylib
0x00000001ae99c000 	/usr/lib/system/libsystem_secinit.dylib
0x000000019eea0000 	/usr/lib/system/libsystem_kernel.dylib
0x000000019eeea000 	/usr/lib/system/libsystem_platform.dylib
0x000000019eedd000 	/usr/lib/system/libsystem_pthread.dylib
0x00000001a7264000 	/usr/lib/system/libsystem_symptoms.dylib
0x000000019ec0b000 	/usr/lib/system/libsystem_trace.dylib
0x000000029e653000 	/usr/lib/system/libsystem_trial.dylib
0x00000001ae976000 	/usr/lib/system/libunwind.dylib
0x000000019ebb5000 	/usr/lib/system/libxpc.dylib
0x000000019ee85000 	/usr/lib/libc++abi.dylib
0x000000029de7e000 	/usr/lib/libswiftPrespecialized.dylib
0x00000001ae9b5000 	/usr/lib/libfakelink.dylib
0x00000001a522e000 	/System/Library/Frameworks/CFNetwork.framework/Versions/A/CFNetwork
0x00000001aea09000 	/usr/lib/libarchive.2.dylib
0x00000001b4b8b000 	/System/Library/Frameworks/Combine.framework/Versions/A/Combine
0x00000002587e6000 	/System/Library/PrivateFrameworks/CollectionsInternal.framework/Versions/A/CollectionsInternal
0x000000027f965000 	/System/Library/PrivateFrameworks/ReflectionInternal.framework/Versions/A/ReflectionInternal
0x00000002807f1000 	/System/Library/PrivateFrameworks/RuntimeInternal.framework/Versions/A/RuntimeInternal
0x00000001c8792000 	/usr/lib/swift/libswiftDarwin.dylib
0x000000029e2b5000 	/usr/lib/swift/libswiftSystem.dylib
0x000000029e374000 	/usr/lib/swift/libswift_DarwinFoundation1.dylib
0x000000029e455000 	/usr/lib/swift/libswift_StringProcessing.dylib
0x00000001a31a2000 	/System/Library/PrivateFrameworks/CoreServicesInternal.framework/Versions/A/CoreServicesInternal
0x00000001ae980000 	/usr/lib/liboah.dylib
0x00000001baebd000 	/System/Library/PrivateFrameworks/DiskImages.framework/Versions/A/DiskImages
0x00000001c8254000 	/System/Library/Frameworks/NetFS.framework/Versions/A/NetFS
0x00000001a9416000 	/System/Library/Frameworks/CoreServices.framework/Versions/A/Frameworks/FSEvents.framework/Versions/A/FSEvents
0x00000001a2ea8000 	/System/Library/Frameworks/CoreServices.framework/Versions/A/Frameworks/CarbonCore.framework/Versions/A/CarbonCore
0x00000001a87db000 	/System/Library/Frameworks/CoreServices.framework/Versions/A/Frameworks/Metadata.framework/Versions/A/Metadata
0x00000001ae3ba000 	/System/Library/Frameworks/CoreServices.framework/Versions/A/Frameworks/OSServices.framework/Versions/A/OSServices
0x00000001aeb01000 	/System/Library/Frameworks/CoreServices.framework/Versions/A/Frameworks/SearchKit.framework/Versions/A/SearchKit
0x00000001a71dd000 	/System/Library/Frameworks/CoreServices.framework/Versions/A/Frameworks/AE.framework/Versions/A/AE
0x000000019f46d000 	/System/Library/Frameworks/CoreServices.framework/Versions/A/Frameworks/LaunchServices.framework/Versions/A/LaunchServices
0x00000001aff22000 	/System/Library/Frameworks/CoreServices.framework/Versions/A/Frameworks/DictionaryServices.framework/Versions/A/DictionaryServices
0x00000001a9424000 	/System/Library/Frameworks/CoreServices.framework/Versions/A/Frameworks/SharedFileList.framework/Versions/A/SharedFileList
0x00000001aeb96000 	/usr/lib/libapple_nghttp2.dylib
0x00000001a6df7000 	/usr/lib/libsqlite3.dylib
0x00000001bb105000 	/System/Library/PrivateFrameworks/AppSupport.framework/Versions/A/AppSupport
0x00000001b304d000 	/System/Library/Frameworks/GSS.framework/Versions/A/GSS
0x00000001a7171000 	/System/Library/PrivateFrameworks/RunningBoardServices.framework/Versions/A/RunningBoardServices
0x00000001bb9fe000 	/System/Library/PrivateFrameworks/StreamingZip.framework/Versions/A/StreamingZip
0x00000001a726d000 	/System/Library/Frameworks/Network.framework/Versions/A/Network
0x00000001ae94f000 	/usr/lib/system/libkxld.dylib
0x0000000254047000 	/System/Library/PrivateFrameworks/AppleKeyStore.framework/Versions/A/AppleKeyStore
0x000000029cc10000 	/usr/lib/libCoreEntitlements.dylib
0x0000000275837000 	/System/Library/PrivateFrameworks/MessageSecurity.framework/Versions/A/MessageSecurity
0x00000001a6ddb000 	/System/Library/PrivateFrameworks/ProtocolBuffer.framework/Versions/A/ProtocolBuffer
0x00000001b7fab000 	/System/Library/PrivateFrameworks/SymptomDiagnosticReporter.framework/Versions/A/SymptomDiagnosticReporter
0x00000001b0166000 	/System/Library/PrivateFrameworks/CrashReporterSupport.framework/Versions/A/CrashReporterSupport
0x00000001ae399000 	/System/Library/PrivateFrameworks/AppleFSCompression.framework/Versions/A/AppleFSCompression
0x00000001adc32000 	/usr/lib/libcoretls.dylib
0x00000001aff99000 	/usr/lib/libcoretls_cfhelpers.dylib
0x00000001aebd8000 	/usr/lib/libpam.2.dylib
0x00000001b000b000 	/usr/lib/libxar.1.dylib
0x00000001aff9b000 	/System/Library/PrivateFrameworks/APFS.framework/Versions/A/APFS
0x000000028b29d000 	/System/Library/PrivateFrameworks/SwiftASN1Internal.framework/Versions/A/SwiftASN1Internal
0x00000001b001a000 	/usr/lib/libutil.dylib
0x00000001ac692000 	/System/Library/PrivateFrameworks/AppleSystemInfo.framework/Versions/A/AppleSystemInfo
0x00000001ad91a000 	/System/Library/PrivateFrameworks/IOMobileFramebuffer.framework/Versions/A/IOMobileFramebuffer
0x00000001cb7b1000 	/System/Library/PrivateFrameworks/LoggingSupport.framework/Versions/A/LoggingSupport
0x00000001b30b0000 	/System/Library/PrivateFrameworks/MobileAsset.framework/Versions/A/MobileAsset
0x00000001b7fbb000 	/System/Library/PrivateFrameworks/PowerLog.framework/Versions/A/PowerLog
0x000000024d55c000 	/System/Library/Frameworks/SwiftData.framework/Versions/A/SwiftData
0x00000001a9649000 	/System/Library/PrivateFrameworks/UserManagement.framework/Versions/A/UserManagement
0x00000001a5159000 	/usr/lib/libboringssl.dylib
0x00000001a7252000 	/usr/lib/libdns_services.dylib
0x00000001ca7e8000 	/usr/lib/libquic.dylib
0x00000001b22ab000 	/usr/lib/libusrtcp.dylib
0x0000000254e39000 	/System/Library/PrivateFrameworks/AtomicsInternal.framework/Versions/A/AtomicsInternal
0x00000001f115e000 	/System/Library/PrivateFrameworks/InternalSwiftProtobuf.framework/Versions/A/InternalSwiftProtobuf
0x000000029e145000 	/usr/lib/swift/libswiftDistributed.dylib
0x00000001ac690000 	/System/Library/PrivateFrameworks/AggregateDictionary.framework/Versions/A/AggregateDictionary
0x00000002555cc000 	/System/Library/PrivateFrameworks/BiomeLibrary.framework/Versions/A/BiomeLibrary
0x00000001da56d000 	/System/Library/PrivateFrameworks/BiomeStreams.framework/Versions/A/BiomeStreams
0x00000001d6738000 	/System/Library/PrivateFrameworks/BiomeFoundation.framework/Versions/A/BiomeFoundation
0x00000001e062e000 	/System/Library/PrivateFrameworks/BiomePubSub.framework/Versions/A/BiomePubSub
0x00000001bca2a000 	/System/Library/PrivateFrameworks/ProactiveSupport.framework/Versions/A/ProactiveSupport
0x00000001aff7a000 	/usr/lib/liblzma.5.dylib
0x00000001bb420000 	/System/Library/PrivateFrameworks/InternationalTextSearch.framework/Versions/A/InternationalTextSearch
0x00000001d2c3c000 	/System/Library/PrivateFrameworks/SoftwareUpdateCoreSupport.framework/Versions/A/SoftwareUpdateCoreSupport
0x00000001daff1000 	/System/Library/PrivateFrameworks/SoftwareUpdateCoreConnect.framework/Versions/A/SoftwareUpdateCoreConnect
0x00000001bafbb000 	/System/Library/PrivateFrameworks/RemoteServiceDiscovery.framework/Versions/A/RemoteServiceDiscovery
0x00000001d2833000 	/System/Library/PrivateFrameworks/MSUDataAccessor.framework/Versions/A/MSUDataAccessor
0x00000001cd90d000 	/usr/lib/libbootpolicy.dylib
0x00000001bafd2000 	/System/Library/PrivateFrameworks/RemoteXPC.framework/Versions/A/RemoteXPC
0x00000001da439000 	/usr/lib/libFDR.dylib
0x00000001e024f000 	/usr/lib/libamsupport.dylib
0x000000029cf25000 	/usr/lib/libReverseProxyDevice.dylib
0x0000000253970000 	/System/Library/PrivateFrameworks/AppleDeviceQuerySupport.framework/Versions/A/AppleDeviceQuerySupport
0x00000001e32e3000 	/usr/lib/libpartition2_dynamic.dylib
0x00000001aeb72000 	/System/Library/PrivateFrameworks/AppleSauce.framework/Versions/A/AppleSauce
0x000000029cab1000 	/usr/lib/libAppleArchive.dylib
0x00000001ae3a5000 	/usr/lib/libbz2.1.0.dylib
0x00000001a8871000 	/System/Library/Frameworks/Accelerate.framework/Versions/A/Frameworks/vImage.framework/Versions/A/vImage
0x00000001b6e5a000 	/System/Library/Frameworks/Accelerate.framework/Versions/A/Frameworks/vecLib.framework/Versions/A/vecLib
0x00000001b0051000 	/System/Library/Frameworks/Accelerate.framework/Versions/A/Frameworks/vecLib.framework/Versions/A/libvMisc.dylib
0x000000019f96d000 	/System/Library/Frameworks/Accelerate.framework/Versions/A/Frameworks/vecLib.framework/Versions/A/libBLAS.dylib
0x00000001a9583000 	/System/Library/Frameworks/CoreVideo.framework/Versions/A/CoreVideo
0x00000001b2c54000 	/System/Library/Frameworks/ApplicationServices.framework/Versions/A/Frameworks/ATS.framework/Versions/A/ATS
0x00000001b1305000 	/System/Library/Frameworks/ApplicationServices.framework/Versions/A/Frameworks/PrintCore.framework/Versions/A/PrintCore
0x00000001b3016000 	/System/Library/Frameworks/ApplicationServices.framework/Versions/A/Frameworks/QD.framework/Versions/A/QD
0x00000001b3011000 	/System/Library/Frameworks/ApplicationServices.framework/Versions/A/Frameworks/ColorSyncLegacy.framework/Versions/A/ColorSyncLegacy
0x00000001b2c26000 	/System/Library/Frameworks/ApplicationServices.framework/Versions/A/Frameworks/SpeechSynthesis.framework/Versions/A/SpeechSynthesis
0x00000001ab759000 	/System/Library/PrivateFrameworks/FontServices.framework/libFontParser.dylib
0x00000001bace1000 	/System/Library/PrivateFrameworks/BackBoardServices.framework/Versions/A/BackBoardServices
0x00000002554e5000 	/System/Library/PrivateFrameworks/BackBoardHIDEventFoundation.framework/Versions/A/BackBoardHIDEventFoundation
0x00000001a18d8000 	/System/Library/Frameworks/CoreDisplay.framework/Versions/A/CoreDisplay
0x00000001b0c3c000 	/System/Library/Frameworks/VideoToolbox.framework/Versions/A/VideoToolbox
0x00000001aebd6000 	/System/Library/Frameworks/MetalPerformanceShaders.framework/Versions/A/MetalPerformanceShaders
0x000000027e9d1000 	/System/Library/PrivateFrameworks/ProDisplayLibrary.framework/Versions/A/ProDisplayLibrary
0x00000001beac1000 	/System/Library/PrivateFrameworks/IOSurfaceAccelerator.framework/Versions/A/IOSurfaceAccelerator
0x00000001ab284000 	/System/Library/PrivateFrameworks/IOAccelerator.framework/Versions/A/IOAccelerator
0x00000001ab59c000 	/System/Library/Frameworks/CoreMedia.framework/Versions/A/CoreMedia
0x00000001a56a0000 	/System/Library/PrivateFrameworks/TCC.framework/Versions/A/TCC
0x00000001b0bf4000 	/System/Library/PrivateFrameworks/WatchdogClient.framework/Versions/A/WatchdogClient
0x00000001cb8cb000 	/usr/lib/swift/libswiftCoreAudio.dylib
0x00000001e712b000 	/usr/lib/swift/libswiftCoreMedia.dylib
0x000000029e2cf000 	/usr/lib/swift/libswiftVideoToolbox.dylib
0x00000001e068c000 	/System/Library/PrivateFrameworks/BiomeStorage.framework/Versions/A/BiomeStorage
0x000000026fe97000 	/System/Library/PrivateFrameworks/IntelligencePlatformLibrary.framework/Versions/A/IntelligencePlatformLibrary
0x000000027dcd0000 	/System/Library/PrivateFrameworks/PoirotSchematizer.framework/Versions/A/PoirotSchematizer
0x0000000255e14000 	/System/Library/PrivateFrameworks/BiomeSync.framework/Versions/A/BiomeSync
0x00000002555b2000 	/System/Library/PrivateFrameworks/BiomeDSL.framework/Versions/A/BiomeDSL
0x000000027dd3a000 	/System/Library/PrivateFrameworks/PoirotUDFs.framework/Versions/A/PoirotUDFs
0x000000027dc9f000 	/System/Library/PrivateFrameworks/PoirotSQLite.framework/Versions/A/PoirotSQLite
0x00000001b942b000 	/System/Library/PrivateFrameworks/CoreTime.framework/Versions/A/CoreTime
0x00000001ae9ee000 	/usr/lib/libiconv.2.dylib
0x00000001ae94a000 	/usr/lib/libcharset.1.dylib
0x000000029e3b5000 	/usr/lib/swift/libswift_RegexParser.dylib
0x0000000257425000 	/System/Library/PrivateFrameworks/CascadeSets.framework/Versions/A/CascadeSets
0x00000001b3220000 	/System/Library/PrivateFrameworks/CorePhoneNumbers.framework/Versions/A/CorePhoneNumbers
0x00000001b09dc000 	/System/Library/PrivateFrameworks/AppleJPEG.framework/Versions/A/AppleJPEG
0x00000001b03be000 	/usr/lib/libexpat.1.dylib
0x00000001b11d8000 	/System/Library/Frameworks/ImageIO.framework/Versions/A/Resources/libPng.dylib
0x00000001b1204000 	/System/Library/Frameworks/ImageIO.framework/Versions/A/Resources/libTIFF.dylib
0x00000001b12ee000 	/System/Library/Frameworks/ImageIO.framework/Versions/A/Resources/libGIF.dylib
0x00000001b0a21000 	/System/Library/Frameworks/ImageIO.framework/Versions/A/Resources/libJP2.dylib
0x00000001b1294000 	/System/Library/Frameworks/ImageIO.framework/Versions/A/Resources/libJPEG.dylib
0x00000001b128b000 	/System/Library/Frameworks/ImageIO.framework/Versions/A/Resources/libRadiance.dylib
0x0000000266675000 	/System/Library/PrivateFrameworks/GPUCompiler.framework/Versions/32023/Libraries/libllvm-flatbuffers.dylib
0x0000000260f81000 	/System/Library/PrivateFrameworks/FramePacing.framework/Versions/A/FramePacing
0x00000002430a6000 	/System/Library/Frameworks/OpenGL.framework/Versions/A/Libraries/libCoreFSCache.dylib
0x00000002620c2000 	/System/Library/PrivateFrameworks/GPUCompiler.framework/Versions/32023/Libraries/libGPUCompilerUtils.dylib
0x00000001b8fdb000 	/System/Library/PrivateFrameworks/GraphicsServices.framework/Versions/A/GraphicsServices
0x00000001bcbb6000 	/System/Library/PrivateFrameworks/ASEProcessing.framework/Versions/A/ASEProcessing
0x00000001ec92d000 	/System/Library/PrivateFrameworks/Symbolication.framework/Versions/A/Symbolication
0x000000027d8bc000 	/System/Library/PrivateFrameworks/PhotosensitivityProcessing.framework/Versions/A/PhotosensitivityProcessing
0x0000000280a2a000 	/System/Library/PrivateFrameworks/SILManager.framework/Versions/A/SILManager
0x00000001b05f0000 	/System/Library/PrivateFrameworks/GraphVisualizer.framework/Versions/A/GraphVisualizer
0x0000000243105000 	/System/Library/Frameworks/OpenGL.framework/Versions/A/Libraries/libGLU.dylib
0x00000002430c8000 	/System/Library/Frameworks/OpenGL.framework/Versions/A/Libraries/libGFXShared.dylib
0x0000000243294000 	/System/Library/Frameworks/OpenGL.framework/Versions/A/Libraries/libGL.dylib
0x00000002430d1000 	/System/Library/Frameworks/OpenGL.framework/Versions/A/Libraries/libGLImage.dylib
0x00000002430c5000 	/System/Library/Frameworks/OpenGL.framework/Versions/A/Libraries/libCVMSPluginSupport.dylib
0x00000002430ae000 	/System/Library/Frameworks/OpenGL.framework/Versions/A/Libraries/libCoreVMClient.dylib
0x0000000260e8c000 	/System/Library/PrivateFrameworks/FontServices.framework/Versions/A/FontServices
0x00000001b0600000 	/System/Library/PrivateFrameworks/OTSVG.framework/Versions/A/OTSVG
0x00000001a90ca000 	/System/Library/Frameworks/ApplicationServices.framework/Versions/A/Frameworks/ATS.framework/Versions/A/Resources/libFontRegistry.dylib
0x000000029d435000 	/usr/lib/libhvf.dylib
0x000000027a6f4000 	/System/Library/PrivateFrameworks/ParsingInternal.framework/Versions/A/ParsingInternal
0x0000000260e90000 	/System/Library/PrivateFrameworks/FontServices.framework/libXTFontStaticRegistryData.dylib
0x00000001ac5cf000 	/System/Library/Frameworks/MetalPerformanceShaders.framework/Versions/A/Frameworks/MPSCore.framework/Versions/A/MPSCore
0x00000001ae304000 	/System/Library/Frameworks/MetalPerformanceShaders.framework/Versions/A/Frameworks/MPSImage.framework/Versions/A/MPSImage
0x00000001adcd5000 	/System/Library/Frameworks/MetalPerformanceShaders.framework/Versions/A/Frameworks/MPSNeuralNetwork.framework/Versions/A/MPSNeuralNetwork
0x00000001ae10d000 	/System/Library/Frameworks/MetalPerformanceShaders.framework/Versions/A/Frameworks/MPSMatrix.framework/Versions/A/MPSMatrix
0x00000001adf22000 	/System/Library/Frameworks/MetalPerformanceShaders.framework/Versions/A/Frameworks/MPSRayIntersector.framework/Versions/A/MPSRayIntersector
0x00000001ae13f000 	/System/Library/Frameworks/MetalPerformanceShaders.framework/Versions/A/Frameworks/MPSNDArray.framework/Versions/A/MPSNDArray
0x000000024723d000 	/System/Library/Frameworks/MetalPerformanceShaders.framework/Versions/A/Frameworks/MPSFunctions.framework/Versions/A/MPSFunctions
0x000000024721e000 	/System/Library/Frameworks/MetalPerformanceShaders.framework/Versions/A/Frameworks/MPSBenchmarkLoop.framework/Versions/A/MPSBenchmarkLoop
0x0000000247252000 	/System/Library/Frameworks/MetalPerformanceShaders.framework/Versions/A/Frameworks/MPSHost.framework/Versions/A/MPSHost
0x000000019f789000 	/System/Library/PrivateFrameworks/MetalTools.framework/Versions/A/MetalTools
0x00000001d0a56000 	/System/Library/PrivateFrameworks/IOAccelMemoryInfo.framework/Versions/A/IOAccelMemoryInfo
0x00000001dec5c000 	/System/Library/PrivateFrameworks/kperf.framework/Versions/A/kperf
0x00000001cb8c7000 	/System/Library/PrivateFrameworks/GPURawCounter.framework/Versions/A/GPURawCounter
0x00000001b9314000 	/System/Library/PrivateFrameworks/CoreSymbolication.framework/Versions/A/CoreSymbolication
0x00000001cb83e000 	/System/Library/PrivateFrameworks/MallocStackLogging.framework/Versions/A/MallocStackLogging
0x00000001b92f1000 	/System/Library/PrivateFrameworks/DebugSymbols.framework/Versions/A/DebugSymbols
0x00000001dd4c2000 	/System/Library/PrivateFrameworks/OSAnalytics.framework/Versions/A/OSAnalytics
0x000000025ed79000 	/System/Library/PrivateFrameworks/DeviceRecovery.framework/Versions/A/DeviceRecovery
0x0000000245054000 	/System/Library/Frameworks/ExtensionFoundation.framework/Versions/A/ExtensionFoundation
0x00000001b0641000 	/System/Library/PrivateFrameworks/AppServerSupport.framework/Versions/A/AppServerSupport
0x00000002463bc000 	/System/Library/Frameworks/LightweightCodeRequirements.framework/Versions/A/LightweightCodeRequirements
0x00000001b02bd000 	/System/Library/PrivateFrameworks/PlugInKit.framework/Versions/A/PlugInKit
0x00000001adb43000 	/System/Library/PrivateFrameworks/AssertionServices.framework/Versions/A/AssertionServices
0x00000001b03e3000 	/System/Library/PrivateFrameworks/IconFoundation.framework/Versions/A/IconFoundation
0x000000026cd99000 	/System/Library/PrivateFrameworks/IconRendering.framework/Versions/A/IconRendering
0x00000002809a2000 	/System/Library/PrivateFrameworks/SFSymbols.framework/Versions/A/SFSymbols
0x00000001a19fc000 	/System/Library/PrivateFrameworks/AudioToolboxCore.framework/Versions/A/AudioToolboxCore
0x00000001b2b8e000 	/System/Library/PrivateFrameworks/AudioSession.framework/Versions/A/AudioSession
0x00000001bde02000 	/System/Library/Frameworks/CoreMIDI.framework/Versions/A/CoreMIDI
0x00000001b2c0d000 	/usr/lib/libAudioStatistics.dylib
0x00000001ab573000 	/System/Library/PrivateFrameworks/caulk.framework/Versions/A/caulk
0x00000001b11b2000 	/usr/lib/libAudioToolboxUtility.dylib
0x00000001d207c000 	/usr/lib/swift/libswiftCoreMIDI.dylib
0x00000001b301f000 	/System/Library/PrivateFrameworks/perfdata.framework/Versions/A/perfdata
0x00000001ca8e5000 	/System/Library/PrivateFrameworks/SystemPolicy.framework/Versions/A/SystemPolicy
0x00000001b2ec4000 	/usr/lib/libSMC.dylib
0x00000001b302d000 	/usr/lib/libperfcheck.dylib
0x0000000254ef9000 	/System/Library/PrivateFrameworks/AudioAnalytics.framework/Versions/A/AudioAnalytics
0x000000029e378000 	/usr/lib/swift/libswift_DarwinFoundation2.dylib
0x000000029e379000 	/usr/lib/swift/libswift_DarwinFoundation3.dylib
0x00000001f0e5b000 	/System/Library/Frameworks/OSLog.framework/Versions/A/OSLog
0x00000001cb870000 	/usr/lib/libmis.dylib
0x00000001b0501000 	/System/Library/PrivateFrameworks/MediaExperience.framework/Versions/A/MediaExperience
0x00000001b295c000 	/System/Library/PrivateFrameworks/AudioSession.framework/libSessionUtility.dylib
0x00000001b12f4000 	/System/Library/PrivateFrameworks/CMCaptureCore.framework/Versions/A/CMCaptureCore
0x00000001b7ea5000 	/System/Library/Frameworks/CoreBluetooth.framework/Versions/A/CoreBluetooth
0x00000001ad9af000 	/System/Library/PrivateFrameworks/CoreUtils.framework/Versions/A/CoreUtils
0x00000001c3825000 	/System/Library/PrivateFrameworks/HID.framework/Versions/A/HID
0x000000025e176000 	/System/Library/PrivateFrameworks/CoreUtilsExtras.framework/Versions/A/CoreUtilsExtras
0x000000026ccee000 	/System/Library/PrivateFrameworks/IO80211.framework/Versions/A/IO80211
0x00000001b48de000 	/System/Library/Frameworks/IOBluetooth.framework/Versions/A/IOBluetooth
0x0000000254ae7000 	/System/Library/PrivateFrameworks/ArgumentParserInternal.framework/Versions/A/ArgumentParserInternal
0x00000001b015d000 	/usr/lib/libIOReport.dylib
0x00000001adb52000 	/System/Library/Frameworks/SecurityFoundation.framework/Versions/A/SecurityFoundation
0x00000001a014d000 	/System/Library/PrivateFrameworks/Lexicon.framework/Versions/A/Lexicon
0x00000001adcbd000 	/usr/lib/libgermantok.dylib
0x00000001ac7bb000 	/System/Library/PrivateFrameworks/LinguisticData.framework/Versions/A/LinguisticData
0x00000001b80ad000 	/System/Library/PrivateFrameworks/MediaKit.framework/Versions/A/MediaKit
0x00000001b7ff8000 	/System/Library/Frameworks/DiscRecording.framework/Versions/A/DiscRecording
0x00000001b03d9000 	/usr/lib/libheimdal-asn1.dylib
0x00000001bb9d4000 	/System/Library/Frameworks/AudioUnit.framework/Versions/A/AudioUnit
0x00000001a93e9000 	/System/Library/Frameworks/OpenDirectory.framework/Versions/A/OpenDirectory
0x00000001a93f7000 	/System/Library/Frameworks/OpenDirectory.framework/Versions/A/Frameworks/CFOpenDirectory.framework/Versions/A/CFOpenDirectory
0x0000000243618000 	/System/Library/Frameworks/AVFAudio.framework/Versions/A/AVFAudio
0x00000001c47f6000 	/usr/lib/libAccessibility.dylib
0x0000000270a3e000 	/System/Library/PrivateFrameworks/IsolatedCoreAudioClient.framework/Versions/A/IsolatedCoreAudioClient
0x000000028e878000 	/System/Library/PrivateFrameworks/Tightbeam.framework/Versions/A/Tightbeam
0x000000025a074000 	/System/Library/PrivateFrameworks/CoreAudioOrchestration.framework/Versions/A/CoreAudioOrchestration
0x00000001e3836000 	/System/Library/PrivateFrameworks/AFKUser.framework/Versions/A/AFKUser
0x00000001b7147000 	/System/Library/Frameworks/MediaAccessibility.framework/Versions/A/MediaAccessibility
0x0000000292a97000 	/System/Library/PrivateFrameworks/VideoToolboxParavirtualizationSupport.framework/Versions/A/VideoToolboxParavirtualizationSupport
0x00000001b0375000 	/System/Library/PrivateFrameworks/AppleVA.framework/Versions/A/AppleVA
0x00000001b1286000 	/System/Library/PrivateFrameworks/GPUWrangler.framework/Versions/A/GPUWrangler
0x00000001b1266000 	/System/Library/PrivateFrameworks/IOPresentment.framework/Versions/A/IOPresentment
0x00000001b128e000 	/System/Library/PrivateFrameworks/DSExternalDisplay.framework/Versions/A/DSExternalDisplay
0x000000025493e000 	/System/Library/PrivateFrameworks/AppleMobileFileIntegrity.framework/Versions/A/AppleMobileFileIntegrity
0x000000029cfb2000 	/usr/lib/libTLE.dylib
0x0000000202161000 	/System/Library/PrivateFrameworks/ConfigProfileHelper.framework/Versions/A/ConfigProfileHelper
0x00000001f6f6e000 	/usr/lib/libedit.3.dylib
0x0000000271fbe000 	/System/Library/PrivateFrameworks/MIL.framework/Versions/A/MIL
0x00000001d0a19000 	/usr/lib/libncurses.5.4.dylib
0x00000001ad8e4000 	/System/Library/PrivateFrameworks/CoreEmoji.framework/Versions/A/CoreEmoji
0x00000001a0469000 	/usr/lib/libCRFSuite.dylib
0x00000001ac699000 	/System/Library/PrivateFrameworks/CoreNLP.framework/Versions/A/CoreNLP
0x00000001adc5c000 	/usr/lib/libmecab.dylib
0x00000001aeb69000 	/usr/lib/libThaiTokenizer.dylib
0x00000001f1326000 	/System/Library/PrivateFrameworks/HIDDisplay.framework/Versions/A/HIDDisplay
0x00000001b12c0000 	/System/Library/Frameworks/ApplicationServices.framework/Versions/A/Frameworks/ATSUI.framework/Versions/A/ATSUI
0x00000001b2fa5000 	/usr/lib/libcups.2.dylib
0x00000001b303b000 	/System/Library/Frameworks/Kerberos.framework/Versions/A/Kerberos
0x00000001b2c9c000 	/usr/lib/libresolv.9.dylib
0x00000001b0655000 	/System/Library/PrivateFrameworks/Heimdal.framework/Versions/A/Heimdal
0x00000001bb9d3000 	/System/Library/Frameworks/Kerberos.framework/Versions/A/Libraries/libHeimdalProxy.dylib
0x00000001b309f000 	/System/Library/PrivateFrameworks/CommonAuth.framework/Versions/A/CommonAuth
0x00000001c46f1000 	/System/Library/PrivateFrameworks/AXCoreUtilities.framework/Versions/A/AXCoreUtilities
0x000000029c9cb000 	/usr/lib/libAXSafeCategoryBundle.dylib
0x00000001ad7aa000 	/System/Library/Frameworks/Accelerate.framework/Versions/A/Frameworks/vecLib.framework/Versions/A/libvDSP.dylib
0x00000001aecb6000 	/System/Library/Frameworks/Accelerate.framework/Versions/A/Frameworks/vecLib.framework/Versions/A/libLAPACK.dylib
0x00000001adcc0000 	/System/Library/Frameworks/Accelerate.framework/Versions/A/Frameworks/vecLib.framework/Versions/A/libLinearAlgebra.dylib
0x00000001aebaf000 	/System/Library/Frameworks/Accelerate.framework/Versions/A/Frameworks/vecLib.framework/Versions/A/libSparseBLAS.dylib
0x00000001aecb1000 	/System/Library/Frameworks/Accelerate.framework/Versions/A/Frameworks/vecLib.framework/Versions/A/libQuadrature.dylib
0x00000001ac7c2000 	/System/Library/Frameworks/Accelerate.framework/Versions/A/Frameworks/vecLib.framework/Versions/A/libBNNS.dylib
0x00000001a0262000 	/System/Library/Frameworks/Accelerate.framework/Versions/A/Frameworks/vecLib.framework/Versions/A/libSparse.dylib
0x00000001b3004000 	/System/Library/PrivateFrameworks/NetAuth.framework/Versions/A/NetAuth
0x00000001a9608000 	/System/Library/PrivateFrameworks/login.framework/Versions/A/Frameworks/loginsupport.framework/Versions/A/loginsupport
0x00000001adc26000 	/usr/lib/libCheckFix.dylib
0x00000001a8775000 	/System/Library/PrivateFrameworks/MetadataUtilities.framework/Versions/A/MetadataUtilities
0x000000026d7b6000 	/System/Library/PrivateFrameworks/InstalledContentLibrary.framework/Versions/A/InstalledContentLibrary
0x00000001a31e3000 	/System/Library/PrivateFrameworks/CoreServicesStore.framework/Versions/A/CoreServicesStore
0x00000001ded63000 	/System/Library/PrivateFrameworks/MobileSystemServices.framework/Versions/A/MobileSystemServices
0x00000001b001e000 	/usr/lib/libxslt.1.dylib
0x00000001adbe5000 	/System/Library/PrivateFrameworks/BackgroundTaskManagement.framework/Versions/A/BackgroundTaskManagement
0x00000001bb07d000 	/usr/lib/libcurl.4.dylib
0x000000029d1eb000 	/usr/lib/libcrypto.46.dylib
0x000000029de0b000 	/usr/lib/libssl.48.dylib
0x00000001bad53000 	/System/Library/Frameworks/LDAP.framework/Versions/A/LDAP
0x00000001bad8f000 	/System/Library/PrivateFrameworks/TrustEvaluationAgent.framework/Versions/A/TrustEvaluationAgent
0x00000001b2cb9000 	/usr/lib/libsasl2.2.dylib
0x00000001c8791000 	/usr/lib/swift/libswiftCoreGraphics.dylib
0x00000001b7843000 	/usr/lib/swift/libswiftFoundation.dylib
0x0000000201b1d000 	/usr/lib/swift/libswiftSwiftOnoneSupport.dylib
0x000000029e4ea000 	/usr/lib/swift/libswiftsys_time.dylib
0x00000001ed0ea000 	/System/Library/PrivateFrameworks/CoreMaterial.framework/Versions/A/CoreMaterial
0x000000029e230000 	/usr/lib/swift/libswiftSpatial.dylib
0x000000029cfaf000 	/usr/lib/libSpatial.dylib
0x000000029c8e9000 	/System/Library/SubFrameworks/UIUtilities.framework/Versions/A/UIUtilities
0x0000000106940000 	/nix/store/n3rmmip6djs9s68zkazn1c6gsxbjg7fs-zulu-ca-jdk-21.0.8/Library/Java/JavaVirtualMachines/zulu-21.jdk/Contents/Home/lib/server/libjvm.dylib
0x0000000100e14000 	/nix/store/n3rmmip6djs9s68zkazn1c6gsxbjg7fs-zulu-ca-jdk-21.0.8/Library/Java/JavaVirtualMachines/zulu-21.jdk/Contents/Home/lib/libjimage.dylib
0x0000000100e98000 	/nix/store/n3rmmip6djs9s68zkazn1c6gsxbjg7fs-zulu-ca-jdk-21.0.8/Library/Java/JavaVirtualMachines/zulu-21.jdk/Contents/Home/lib/libjava.dylib
0x00000001010f0000 	/nix/store/n3rmmip6djs9s68zkazn1c6gsxbjg7fs-zulu-ca-jdk-21.0.8/Library/Java/JavaVirtualMachines/zulu-21.jdk/Contents/Home/lib/libnio.dylib
0x00000001061b0000 	/nix/store/n3rmmip6djs9s68zkazn1c6gsxbjg7fs-zulu-ca-jdk-21.0.8/Library/Java/JavaVirtualMachines/zulu-21.jdk/Contents/Home/lib/libnet.dylib
0x00000001061cc000 	/nix/store/n3rmmip6djs9s68zkazn1c6gsxbjg7fs-zulu-ca-jdk-21.0.8/Library/Java/JavaVirtualMachines/zulu-21.jdk/Contents/Home/lib/libzip.dylib
0x00000001061f4000 	/nix/store/n3rmmip6djs9s68zkazn1c6gsxbjg7fs-zulu-ca-jdk-21.0.8/Library/Java/JavaVirtualMachines/zulu-21.jdk/Contents/Home/lib/libverify.dylib
0x00000001062dc000 	/private/var/folders/0l/g6sywy1d5s138fm98j6g7b0h0000gn/T/lwjgl_abab/3.4.1+2/arm64/liblwjgl.dylib
0x000000010644c000 	/private/var/folders/0l/g6sywy1d5s138fm98j6g7b0h0000gn/T/lwjgl_abab/3.4.1+2/arm64/libopenal.dylib
0x00000001ca6bf000 	/System/Library/Frameworks/AVFoundation.framework/Versions/A/AVFoundation
0x00000001ba89d000 	/System/Library/PrivateFrameworks/CoreWiFi.framework/Versions/A/CoreWiFi
0x00000001b9436000 	/System/Library/PrivateFrameworks/Rapport.framework/Versions/A/Rapport
0x000000024f59a000 	/System/Library/Frameworks/_LocationEssentials.framework/Versions/A/_LocationEssentials
0x00000001ae75d000 	/System/Library/Frameworks/UserNotifications.framework/Versions/A/UserNotifications
0x00000001f9083000 	/System/Library/PrivateFrameworks/WiFiPeerToPeer.framework/Versions/A/WiFiPeerToPeer
0x00000002574c5000 	/System/Library/PrivateFrameworks/Centauri.framework/Versions/A/Centauri
0x000000029d91f000 	/usr/lib/libmrc.dylib
0x000000026cd58000 	/System/Library/PrivateFrameworks/IPConfiguration.framework/Versions/A/IPConfiguration
0x00000001ed0ac000 	/System/Library/PrivateFrameworks/Netrb.framework/Versions/A/Netrb
0x00000001b4c82000 	/System/Library/PrivateFrameworks/GeoServices.framework/Versions/A/GeoServices
0x00000001b2923000 	/System/Library/PrivateFrameworks/LocationSupport.framework/Versions/A/LocationSupport
0x0000000269d61000 	/System/Library/PrivateFrameworks/GeoServicesCore.framework/Versions/A/GeoServicesCore
0x00000001c46e5000 	/System/Library/PrivateFrameworks/PhoneNumbers.framework/Versions/A/PhoneNumbers
0x0000000271eaf000 	/System/Library/PrivateFrameworks/LocationLogEncryption.framework/Versions/A/LocationLogEncryption
0x000000024375d000 	/System/Library/Frameworks/AVRouting.framework/Versions/A/AVRouting
0x00000001b17e4000 	/System/Library/Frameworks/MediaToolbox.framework/Versions/A/MediaToolbox
0x00000001b81d5000 	/System/Library/PrivateFrameworks/CoreAVCHD.framework/Versions/A/CoreAVCHD
0x00000001b81d1000 	/System/Library/PrivateFrameworks/Mangrove.framework/Versions/A/Mangrove
0x0000000256b41000 	/System/Library/PrivateFrameworks/CMPhoto.framework/Versions/A/CMPhoto
0x00000001b89bb000 	/System/Library/Frameworks/CoreTelephony.framework/Versions/A/CoreTelephony
0x00000001b81c4000 	/System/Library/PrivateFrameworks/CoreAUC.framework/Versions/A/CoreAUC
0x0000000253e72000 	/System/Library/PrivateFrameworks/AppleJPEGXL.framework/Versions/A/AppleJPEGXL
0x00000001b3230000 	/usr/lib/libTelephonyUtilDynamic.dylib
0x00000001f3d3e000 	/System/Library/Frameworks/CryptoKit.framework/Versions/A/CryptoKit
0x00000001bb9cf000 	/System/Library/PrivateFrameworks/CryptoKitCBridging.framework/Versions/A/CryptoKitCBridging
0x00000001b8fed000 	/System/Library/Frameworks/CryptoTokenKit.framework/Versions/A/CryptoTokenKit
0x00000001bbb53000 	/System/Library/PrivateFrameworks/Espresso.framework/Versions/A/Espresso
0x000000020275d000 	/System/Library/PrivateFrameworks/ANECompiler.framework/Versions/A/ANECompiler
0x00000001bdc4c000 	/System/Library/PrivateFrameworks/AppleNeuralEngine.framework/Versions/A/AppleNeuralEngine
0x0000000247257000 	/System/Library/Frameworks/MetalPerformanceShadersGraph.framework/Versions/A/MetalPerformanceShadersGraph
0x0000000272763000 	/System/Library/PrivateFrameworks/MLCompilerServices.framework/Versions/A/MLCompilerServices
0x00000001bc9f7000 	/System/Library/PrivateFrameworks/ANEServices.framework/Versions/A/ANEServices
0x00000001a3320000 	/usr/lib/libsandbox.1.dylib
0x00000001b02ff000 	/usr/lib/libMatch.1.dylib
0x0000000279b10000 	/System/Library/PrivateFrameworks/ODIE.framework/Versions/A/ODIE
0x0000000272707000 	/System/Library/PrivateFrameworks/MLCompilerRuntime.framework/Versions/A/MLCompilerRuntime
0x00000001b8bc1000 	/System/Library/PrivateFrameworks/AVFCore.framework/Versions/A/AVFCore
0x00000001c2121000 	/System/Library/PrivateFrameworks/AVFCapture.framework/Versions/A/AVFCapture
0x000000025692a000 	/System/Library/PrivateFrameworks/CMImaging.framework/Versions/A/CMImaging
0x00000001c236b000 	/System/Library/PrivateFrameworks/Quagga.framework/Versions/A/Quagga
0x00000001c249f000 	/System/Library/PrivateFrameworks/CMCapture.framework/Versions/A/CMCapture
0x00000001b2db3000 	/System/Library/Frameworks/CoreMediaIO.framework/Versions/A/CoreMediaIO
0x0000000256866000 	/System/Library/PrivateFrameworks/CMCaptureDevice.framework/Versions/A/CMCaptureDevice
0x00000001b073a000 	/System/Library/PrivateFrameworks/CoreBrightness.framework/Versions/A/CoreBrightness
0x000000025797c000 	/System/Library/PrivateFrameworks/CinematicFraming.framework/Versions/A/CinematicFraming
0x00000002767c6000 	/System/Library/PrivateFrameworks/ModelManagerServices.framework/Versions/A/ModelManagerServices
0x00000001e5bff000 	/System/Library/PrivateFrameworks/CPMS.framework/Versions/A/CPMS
0x000000028bf4f000 	/System/Library/PrivateFrameworks/SystemStatus.framework/Versions/A/SystemStatus
0x00000001ca2b7000 	/System/Library/Frameworks/CoreMotion.framework/Versions/A/CoreMotion
0x00000001da4e6000 	/System/Library/PrivateFrameworks/TimeSync.framework/Versions/A/TimeSync
0x000000025f1a6000 	/System/Library/PrivateFrameworks/DistributedSensing.framework/Versions/A/DistributedSensing
0x00000001d5a5a000 	/System/Library/PrivateFrameworks/MobileBluetooth.framework/Versions/A/MobileBluetooth
0x00000001dc1e6000 	/System/Library/PrivateFrameworks/IOKitten.framework/Versions/A/IOKitten
0x0000000253d75000 	/System/Library/PrivateFrameworks/AppleIntelligenceReporting.framework/Versions/A/AppleIntelligenceReporting
0x0000000106650000 	/System/Library/Components/CoreAudio.component/Contents/MacOS/CoreAudio
0x00000001067d0000 	/nix/store/n3rmmip6djs9s68zkazn1c6gsxbjg7fs-zulu-ca-jdk-21.0.8/Library/Java/JavaVirtualMachines/zulu-21.jdk/Contents/Home/lib/libawt.dylib
0x000000010639c000 	/nix/store/n3rmmip6djs9s68zkazn1c6gsxbjg7fs-zulu-ca-jdk-21.0.8/Library/Java/JavaVirtualMachines/zulu-21.jdk/Contents/Home/lib/libmlib_image.dylib
0x00000002463b3000 	/System/Library/Frameworks/JavaRuntimeSupport.framework/Versions/A/JavaRuntimeSupport
0x00000001ca2b6000 	/System/Library/Frameworks/Carbon.framework/Versions/A/Carbon
0x00000001c05ed000 	/System/Library/Frameworks/Carbon.framework/Versions/A/Frameworks/CommonPanels.framework/Versions/A/CommonPanels
0x00000001bb068000 	/System/Library/Frameworks/Carbon.framework/Versions/A/Frameworks/Help.framework/Versions/A/Help
0x00000001c05f1000 	/System/Library/Frameworks/Carbon.framework/Versions/A/Frameworks/ImageCapture.framework/Versions/A/ImageCapture
0x00000001c05cc000 	/System/Library/Frameworks/Carbon.framework/Versions/A/Frameworks/OpenScripting.framework/Versions/A/OpenScripting
0x00000001c05ec000 	/System/Library/Frameworks/Carbon.framework/Versions/A/Frameworks/Ink.framework/Versions/A/Ink
0x00000001c05e9000 	/System/Library/Frameworks/Carbon.framework/Versions/A/Frameworks/SecurityHI.framework/Versions/A/SecurityHI
0x000000029ce0d000 	/usr/lib/libInterpreterSecurity.dylib
0x00000001e099c000 	/System/Library/PrivateFrameworks/XprotectFramework.framework/Versions/A/XprotectFramework
0x00000001c3b3a000 	/System/Library/PrivateFrameworks/yara.framework/Versions/A/yara
0x000000029cd89000 	/usr/lib/libEndpointSecuritySystem.dylib
0x0000000125b68000 	/nix/store/n3rmmip6djs9s68zkazn1c6gsxbjg7fs-zulu-ca-jdk-21.0.8/Library/Java/JavaVirtualMachines/zulu-21.jdk/Contents/Home/lib/libawt_lwawt.dylib
0x0000000106328000 	/nix/store/n3rmmip6djs9s68zkazn1c6gsxbjg7fs-zulu-ca-jdk-21.0.8/Library/Java/JavaVirtualMachines/zulu-21.jdk/Contents/Home/lib/libosxapp.dylib
0x00000001c87f8000 	/System/Library/Frameworks/ExceptionHandling.framework/Versions/A/ExceptionHandling
0x00000001062b4000 	/nix/store/n3rmmip6djs9s68zkazn1c6gsxbjg7fs-zulu-ca-jdk-21.0.8/Library/Java/JavaVirtualMachines/zulu-21.jdk/Contents/Home/lib/libjawt.dylib
0x0000000125ddc000 	/nix/store/n3rmmip6djs9s68zkazn1c6gsxbjg7fs-zulu-ca-jdk-21.0.8/Library/Java/JavaVirtualMachines/zulu-21.jdk/Contents/Home/lib/libfontmanager.dylib
0x0000000125a3c000 	/nix/store/n3rmmip6djs9s68zkazn1c6gsxbjg7fs-zulu-ca-jdk-21.0.8/Library/Java/JavaVirtualMachines/zulu-21.jdk/Contents/Home/lib/libfreetype.dylib
0x00000001a92a6000 	/System/Library/PrivateFrameworks/ViewBridge.framework/Versions/A/ViewBridge
0x00000002438e8000 	/System/Library/Frameworks/AppIntents.framework/Versions/A/AppIntents
0x000000024cdd3000 	/System/Library/Frameworks/RelevanceKit.framework/Versions/A/RelevanceKit
0x00000001ae7ae000 	/System/Library/Frameworks/CoreSpotlight.framework/Versions/A/CoreSpotlight
0x0000000271ad1000 	/System/Library/PrivateFrameworks/LinkServices.framework/Versions/A/LinkServices
0x000000025f294000 	/System/Library/PrivateFrameworks/DoNotDisturb.framework/Versions/A/DoNotDisturb
0x000000027192c000 	/System/Library/PrivateFrameworks/LinkMetadata.framework/Versions/A/LinkMetadata
0x00000001cb8f2000 	/usr/lib/swift/libswiftIntents.dylib
0x00000001d0b73000 	/System/Library/PrivateFrameworks/IntentsCore.framework/Versions/A/IntentsCore
0x00000002553d3000 	/System/Library/PrivateFrameworks/AvailabilityKit.framework/Versions/A/AvailabilityKit
0x0000000252715000 	/System/Library/PrivateFrameworks/AppIntentSchemas.framework/Versions/A/AppIntentSchemas
0x0000000266be3000 	/System/Library/PrivateFrameworks/GRDBInternal.framework/Versions/A/GRDBInternal
0x000000028aa50000 	/System/Library/PrivateFrameworks/StatusKit.framework/Versions/A/StatusKit
0x00000001b83dc000 	/System/Library/PrivateFrameworks/GenerationalStorage.framework/Versions/A/GenerationalStorage
0x00000001b8204000 	/System/Library/Frameworks/FileProvider.framework/Versions/A/FileProvider
0x00000001a4c7b000 	/System/Library/PrivateFrameworks/DesktopServicesPriv.framework/Versions/A/DesktopServicesPriv
0x00000001a6fdf000 	/System/Library/Frameworks/Accounts.framework/Versions/A/Accounts
0x00000001cb35e000 	/System/Library/PrivateFrameworks/FTServices.framework/Versions/A/FTServices
0x00000001c37e3000 	/System/Library/PrivateFrameworks/CloudServices.framework/Versions/A/CloudServices
0x00000001aafae000 	/System/Library/Frameworks/CoreLocation.framework/Versions/A/CoreLocation
0x00000001ba233000 	/System/Library/Frameworks/Intents.framework/Versions/A/Intents
0x00000001ae3ed000 	/System/Library/PrivateFrameworks/AuthKit.framework/Versions/A/AuthKit
0x00000001b44e9000 	/System/Library/PrivateFrameworks/Sharing.framework/Versions/A/Sharing
0x00000001b4068000 	/System/Library/PrivateFrameworks/IDSFoundation.framework/Versions/A/IDSFoundation
0x00000001ba89c000 	/System/Library/PrivateFrameworks/Apple80211.framework/Versions/A/Apple80211
0x00000001ad92c000 	/System/Library/Frameworks/CoreWLAN.framework/Versions/A/CoreWLAN
0x00000001d205d000 	/usr/lib/swift/libswiftCoreLocation.dylib
0x00000001b28aa000 	/System/Library/PrivateFrameworks/IMFoundation.framework/Versions/A/IMFoundation
0x00000001c3b39000 	/System/Library/PrivateFrameworks/Marco.framework/Versions/A/Marco
0x00000001a7069000 	/System/Library/PrivateFrameworks/CommonUtilities.framework/Versions/A/CommonUtilities
0x00000001c05b4000 	/System/Library/PrivateFrameworks/Engram.framework/Versions/A/Engram
0x000000029e18f000 	/usr/lib/swift/libswiftRegexBuilder.dylib
0x00000001c0552000 	/usr/lib/libtidy.A.dylib
0x00000001b0966000 	/System/Library/PrivateFrameworks/Bom.framework/Versions/A/Bom
0x00000001b2cda000 	/usr/lib/libParallelCompression.dylib
0x00000001b2ccc000 	/System/Library/PrivateFrameworks/MultiverseSupport.framework/Versions/A/MultiverseSupport
0x00000001b80df000 	/System/Library/PrivateFrameworks/DiskManagement.framework/Versions/A/DiskManagement
0x00000001b7feb000 	/System/Library/PrivateFrameworks/AppleIDAuthSupport.framework/Versions/A/AppleIDAuthSupport
0x000000024fe7a000 	/System/Library/PrivateFrameworks/AAAFoundation.framework/Versions/A/AAAFoundation
0x00000001b31de000 	/System/Library/PrivateFrameworks/KeychainCircle.framework/Versions/A/KeychainCircle
0x00000001c46e7000 	/System/Library/PrivateFrameworks/URLFormatting.framework/Versions/A/URLFormatting
0x00000001bb071000 	/usr/lib/libcsfde.dylib
0x00000001b0307000 	/usr/lib/libCoreStorage.dylib
0x00000001b49b5000 	/System/Library/PrivateFrameworks/ProtectedCloudStorage.framework/Versions/A/ProtectedCloudStorage
0x00000001bb06c000 	/System/Library/PrivateFrameworks/EFILogin.framework/Versions/A/EFILogin
0x00000001b8403000 	/System/Library/PrivateFrameworks/OctagonTrust.framework/Versions/A/OctagonTrust
0x00000001b3e87000 	/System/Library/PrivateFrameworks/IDS.framework/Versions/A/IDS
0x00000001d9f86000 	/System/Library/PrivateFrameworks/FTAWD.framework/Versions/A/FTAWD
0x00000001bba92000 	/System/Library/PrivateFrameworks/IntentsFoundation.framework/Versions/A/IntentsFoundation
0x0000000125b50000 	/usr/lib/libobjc-trampolines.dylib
0x000000024f4a4000 	/System/Library/Frameworks/_AppIntents_AppKit.framework/Versions/A/_AppIntents_AppKit
0x00000001d5616000 	/System/Library/CoreServices/RawCamera.bundle/Contents/MacOS/RawCamera
0x00000001d2042000 	/System/Library/Frameworks/Accelerate.framework/Versions/A/Frameworks/vImage.framework/Versions/A/Libraries/libCGInterfaces.dylib
0x000000029c9cf000 	/usr/lib/libAccessibilityBaseImplementations.dylib
0x0000000296d9b000 	/System/Library/PrivateFrameworks/WritingToolsUI.framework/Versions/A/WritingToolsUI
0x0000000269743000 	/System/Library/PrivateFrameworks/GenerativeAssistantSettings.framework/Versions/A/GenerativeAssistantSettings
0x000000028c7f6000 	/System/Library/PrivateFrameworks/TextComposer.framework/Versions/A/TextComposer
0x0000000269719000 	/System/Library/PrivateFrameworks/GenerativeAssistantCommon.framework/Versions/A/GenerativeAssistantCommon
0x00000001d30f8000 	/System/Library/Frameworks/SwiftUI.framework/Versions/A/SwiftUI
0x000000024f4e3000 	/System/Library/Frameworks/_AuthenticationServices_SwiftUI.framework/Versions/A/_AuthenticationServices_SwiftUI
0x000000025244a000 	/System/Library/PrivateFrameworks/Anvil.framework/Versions/A/Anvil
0x00000001d26a5000 	/System/Library/PrivateFrameworks/AppStoreDaemon.framework/Versions/A/AppStoreDaemon
0x00000001be045000 	/System/Library/PrivateFrameworks/AppleMediaServices.framework/Versions/A/AppleMediaServices
0x0000000269bec000 	/System/Library/PrivateFrameworks/GenerativePartnerServiceUI.framework/Versions/A/GenerativePartnerServiceUI
0x0000000201087000 	/System/Library/PrivateFrameworks/JetEngine.framework/Versions/A/JetEngine
0x0000000269bc9000 	/System/Library/PrivateFrameworks/GenerativePartnerService.framework/Versions/A/GenerativePartnerService
0x00000001cb4f4000 	/System/Library/Frameworks/SafariServices.framework/Versions/A/SafariServices
0x00000001c8871000 	/System/Library/Frameworks/WebKit.framework/Versions/A/WebKit
0x00000001cea3d000 	/System/Library/PrivateFrameworks/AppleMediaServicesUI.framework/Versions/A/AppleMediaServicesUI
0x00000001cc1d5000 	/System/Library/PrivateFrameworks/OnBoardingKit.framework/Versions/A/OnBoardingKit
0x00000002823f0000 	/System/Library/PrivateFrameworks/Settings.framework/Versions/A/Settings
0x000000024518a000 	/System/Library/Frameworks/ExtensionKit.framework/Versions/A/ExtensionKit
0x00000002451ce000 	/System/Library/Frameworks/FSKit.framework/Versions/A/FSKit
0x0000000271c60000 	/System/Library/PrivateFrameworks/LiveFS.framework/Versions/A/LiveFS
0x000000028c6d3000 	/System/Library/PrivateFrameworks/TextAnimationSupport.framework/Versions/A/TextAnimationSupport
0x000000027f8d8000 	/System/Library/PrivateFrameworks/RecapPerformanceTesting.framework/Versions/A/RecapPerformanceTesting
0x00000001cc1c5000 	/System/Library/PrivateFrameworks/SignpostCollection.framework/Versions/A/SignpostCollection
0x00000001bd9d6000 	/System/Library/Frameworks/WebKit.framework/Versions/A/Frameworks/WebKitLegacy.framework/Versions/A/WebKitLegacy
0x00000001bb7b2000 	/System/Library/PrivateFrameworks/CorePrediction.framework/Versions/A/CorePrediction
0x00000001aa397000 	/System/Library/Frameworks/WebKit.framework/Versions/A/Frameworks/WebCore.framework/Versions/A/Frameworks/libwebrtc.dylib
0x00000001c87fb000 	/System/Library/PrivateFrameworks/SafariSafeBrowsing.framework/Versions/A/SafariSafeBrowsing
0x00000001b2d42000 	/System/Library/Frameworks/SecurityInterface.framework/Versions/A/SecurityInterface
0x00000001cc1d4000 	/System/Library/PrivateFrameworks/WebInspectorUI.framework/Versions/A/WebInspectorUI
0x00000001c05f4000 	/System/Library/Frameworks/JavaScriptCore.framework/Versions/A/JavaScriptCore
0x00000001c482c000 	/System/Library/Frameworks/WebKit.framework/Versions/A/Frameworks/WebCore.framework/Versions/A/WebCore
0x000000024435c000 	/System/Library/Frameworks/BrowserEngineCore.framework/Versions/A/BrowserEngineCore
0x000000024f061000 	/System/Library/Frameworks/WebKit.framework/Versions/A/Frameworks/WebCore.framework/Versions/A/Frameworks/libANGLE-shared.dylib
0x000000029563d000 	/System/Library/PrivateFrameworks/WebGPU.framework/Versions/A/WebGPU
0x00000001ce0b0000 	/System/Library/Frameworks/SceneKit.framework/Versions/A/SceneKit
0x00000001df5bc000 	/System/Library/Frameworks/ModelIO.framework/Versions/A/ModelIO
0x00000001b4aac000 	/System/Library/Frameworks/MetalKit.framework/Versions/A/MetalKit
0x00000001b6d80000 	/System/Library/Frameworks/GLKit.framework/Versions/A/GLKit
0x000000029e82a000 	/usr/lib/usd/libusd_ms.dylib
0x0000000290aa3000 	/System/Library/PrivateFrameworks/USDLib_FormatLoaderProxy.framework/Versions/A/USDLib_FormatLoaderProxy
0x000000029e4e5000 	/usr/lib/swift/libswift_errno.dylib
0x00000001cb33f000 	/System/Library/PrivateFrameworks/CoreOptimization.framework/Versions/A/CoreOptimization
0x000000025528b000 	/System/Library/PrivateFrameworks/AuthenticationServicesCore.framework/Versions/A/AuthenticationServicesCore
0x00000001d5a9c000 	/System/Library/Frameworks/AuthenticationServices.framework/Versions/A/AuthenticationServices
0x00000001b0299000 	/System/Library/PrivateFrameworks/SharedWebCredentials.framework/Versions/A/SharedWebCredentials
0x00000001cd063000 	/System/Library/PrivateFrameworks/SafariCore.framework/Versions/A/SafariCore
0x00000001d55c0000 	/System/Library/PrivateFrameworks/SafariFoundation.framework/Versions/A/SafariFoundation
0x00000001b7b03000 	/System/Library/Frameworks/Contacts.framework/Versions/A/Contacts
0x00000002564dc000 	/System/Library/PrivateFrameworks/CBORLibrary.framework/Versions/A/CBORLibrary
0x0000000257504000 	/System/Library/PrivateFrameworks/Chirp.framework/Versions/A/Chirp
0x0000000258101000 	/System/Library/PrivateFrameworks/CloudSubscriptionFeatures.framework/Versions/A/CloudSubscriptionFeatures
0x00000001b7844000 	/System/Library/PrivateFrameworks/ContactsFoundation.framework/Versions/A/ContactsFoundation
0x0000000202491000 	/System/Library/PrivateFrameworks/RemoteManagement.framework/Versions/A/RemoteManagement
0x000000027fc66000 	/System/Library/PrivateFrameworks/RemoteManagementModel.framework/Versions/A/RemoteManagementModel
0x000000027fcf7000 	/System/Library/PrivateFrameworks/RemoteManagementStore.framework/Versions/A/RemoteManagementStore
0x00000001b4aca000 	/usr/lib/libxcselect.dylib
0x00000001d552e000 	/System/Library/PrivateFrameworks/DifferentialPrivacy.framework/Versions/A/DifferentialPrivacy
0x000000027473b000 	/System/Library/PrivateFrameworks/ManagedSettingsObjC.framework/Versions/A/ManagedSettingsObjC
0x0000000271eb4000 	/System/Library/PrivateFrameworks/LockdownMode.framework/Versions/A/LockdownMode
0x00000002916eb000 	/System/Library/PrivateFrameworks/VDAF.framework/Versions/A/VDAF
0x00000001b791c000 	/System/Library/PrivateFrameworks/ContactsPersistence.framework/Versions/A/ContactsPersistence
0x00000001b6a7a000 	/System/Library/PrivateFrameworks/AppleLDAP.framework/Versions/A/AppleLDAP
0x00000001bb423000 	/System/Library/Frameworks/ClassKit.framework/Versions/A/ClassKit
0x00000001bd6d4000 	/System/Library/PrivateFrameworks/CoreSuggestions.framework/Versions/A/CoreSuggestions
0x00000001b8f9b000 	/System/Library/PrivateFrameworks/vCard.framework/Versions/A/vCard
0x0000000258d8b000 	/System/Library/PrivateFrameworks/ContactsMetrics.framework/Versions/A/ContactsMetrics
0x00000001b0716000 	/System/Library/PrivateFrameworks/login.framework/Versions/A/login
0x0000000274735000 	/System/Library/PrivateFrameworks/ManagedOrganizationContacts.framework/Versions/A/ManagedOrganizationContacts
0x00000001a9a8c000 	/System/Library/PrivateFrameworks/CloudDocs.framework/Versions/A/CloudDocs
0x00000001c40a7000 	/System/Library/PrivateFrameworks/ProactiveEventTracker.framework/Versions/A/ProactiveEventTracker
0x00000001b2d7c000 	/System/Library/PrivateFrameworks/CoreFollowUp.framework/Versions/A/CoreFollowUp
0x00000001bcbf2000 	/System/Library/PrivateFrameworks/ConfigurationProfiles.framework/Versions/A/ConfigurationProfiles
0x000000025e3fa000 	/System/Library/PrivateFrameworks/DMCUtilities.framework/Versions/A/DMCUtilities
0x0000000271f35000 	/System/Library/PrivateFrameworks/MDMClientLibrary.framework/Versions/A/MDMClientLibrary
0x000000027fceb000 	/System/Library/PrivateFrameworks/RemoteManagementProtocol.framework/Versions/A/RemoteManagementProtocol
0x00000001b715f000 	/System/Library/PrivateFrameworks/SystemAdministration.framework/Versions/A/SystemAdministration
0x00000001c2027000 	/System/Library/PrivateFrameworks/PowerlogControl.framework/Versions/A/PowerlogControl
0x00000001c2029000 	/usr/lib/libUniversalAccess.dylib
0x00000001beacc000 	/System/Library/PrivateFrameworks/FamilyControls.framework/Versions/A/FamilyControls
0x00000001b6a4f000 	/System/Library/Frameworks/DirectoryService.framework/Versions/A/DirectoryService
0x00000001bb0ff000 	/System/Library/PrivateFrameworks/LoginUIKit.framework/Versions/A/Frameworks/LoginUICore.framework/Versions/A/LoginUICore
0x00000001b0964000 	/usr/lib/libodfde.dylib
0x00000001beac6000 	/System/Library/PrivateFrameworks/UniversalAccess.framework/Versions/A/Libraries/libUAPreferences.dylib
0x00000001beaf0000 	/System/Library/PrivateFrameworks/CommerceKit.framework/Versions/A/Frameworks/CommerceCore.framework/Versions/A/CommerceCore
0x000000025e366000 	/System/Library/PrivateFrameworks/DEPClientLibrary.framework/Versions/A/DEPClientLibrary
0x000000025e38f000 	/System/Library/PrivateFrameworks/DMCEnrollmentLibrary.framework/Versions/A/DMCEnrollmentLibrary
0x00000001c2110000 	/System/Library/PrivateFrameworks/SetupAssistantFramework.framework/Versions/A/SetupAssistantFramework
0x00000001bb80a000 	/System/Library/PrivateFrameworks/AuthKitUI.framework/Versions/A/AuthKitUI
0x00000001bb149000 	/System/Library/PrivateFrameworks/AppSSO.framework/Versions/A/AppSSO
0x00000001d2401000 	/System/Library/PrivateFrameworks/LocalAuthenticationUI.framework/Versions/A/LocalAuthenticationUI
0x000000027d918000 	/System/Library/PrivateFrameworks/PlatformSSO.framework/Versions/A/PlatformSSO
0x000000027da06000 	/System/Library/PrivateFrameworks/PlatformSSOCore.framework/Versions/A/PlatformSSOCore
0x0000000246442000 	/System/Library/Frameworks/LocalAuthenticationEmbeddedUI.framework/Versions/A/LocalAuthenticationEmbeddedUI
0x00000001d2ebd000 	/System/Library/PrivateFrameworks/AOSUI.framework/Versions/A/AOSUI
0x00000001c3e6f000 	/System/Library/Frameworks/ContactsUI.framework/Versions/A/ContactsUI
0x00000001b7d94000 	/System/Library/PrivateFrameworks/FamilyCircle.framework/Versions/A/FamilyCircle
0x00000001e0d86000 	/System/Library/Frameworks/LinkPresentation.framework/Versions/A/LinkPresentation
0x00000001c3a20000 	/System/Library/PrivateFrameworks/IASUtilities.framework/Versions/A/IASUtilities
0x000000026cc21000 	/System/Library/PrivateFrameworks/IASUtilitiesCore.framework/Versions/A/IASUtilitiesCore
0x000000027fd61000 	/System/Library/PrivateFrameworks/RemoteUI.framework/Versions/A/RemoteUI
0x00000002712c3000 	/System/Library/PrivateFrameworks/LiftUI.framework/Versions/A/LiftUI
0x00000002973a9000 	/System/Library/PrivateFrameworks/_IconServices_SwiftUI.framework/Versions/A/_IconServices_SwiftUI
0x0000000258040000 	/System/Library/PrivateFrameworks/CloudSettings.framework/Versions/A/CloudSettings
0x00000001bd7a5000 	/System/Library/Frameworks/EventKit.framework/Versions/A/EventKit
0x00000001cc3e9000 	/System/Library/PrivateFrameworks/SearchFoundation.framework/Versions/A/SearchFoundation
0x00000001e2e51000 	/System/Library/PrivateFrameworks/Email.framework/Versions/A/Email
0x00000001caf41000 	/System/Library/PrivateFrameworks/CoreRoutine.framework/Versions/A/CoreRoutine
0x0000000201dfe000 	/System/Library/PrivateFrameworks/VoiceShortcutClient.framework/Versions/A/VoiceShortcutClient
0x00000001dab21000 	/System/Library/PrivateFrameworks/Categories.framework/Versions/A/Categories
0x00000001d2d6c000 	/System/Library/PrivateFrameworks/ChronoServices.framework/Versions/A/ChronoServices
0x0000000256f85000 	/System/Library/PrivateFrameworks/CalendarDatabase.framework/Versions/A/CalendarDatabase
0x0000000256ece000 	/System/Library/PrivateFrameworks/CalendarDaemon.framework/Versions/A/CalendarDaemon
0x00000001bcb15000 	/System/Library/PrivateFrameworks/CalendarFoundation.framework/Versions/A/CalendarFoundation
0x00000001bcad1000 	/System/Library/PrivateFrameworks/iCalendar.framework/Versions/A/iCalendar
0x000000025e5f9000 	/System/Library/PrivateFrameworks/DataAccessExpress.framework/Versions/A/DataAccessExpress
0x00000001c3fd1000 	/System/Library/PrivateFrameworks/ContactsAutocomplete.framework/Versions/A/ContactsAutocomplete
0x00000001d2cb9000 	/System/Library/PrivateFrameworks/FTClientServices.framework/Versions/A/FTClientServices
0x0000000279d5f000 	/System/Library/PrivateFrameworks/OSEligibility.framework/Versions/A/OSEligibility
0x000000028b02b000 	/System/Library/PrivateFrameworks/StorageContainersPrivate.framework/Versions/A/StorageContainersPrivate
0x000000029e140000 	/usr/lib/swift/libswiftCoreMediaIO.dylib
0x00000001c38aa000 	/System/Library/PrivateFrameworks/CoreDAV.framework/Versions/A/CoreDAV
0x00000001bd675000 	/System/Library/PrivateFrameworks/CalDAV.framework/Versions/A/CalDAV
0x00000001c84f7000 	/System/Library/PrivateFrameworks/TelephonyUtilities.framework/Versions/A/TelephonyUtilities
0x00000002463ff000 	/System/Library/Frameworks/LiveCommunicationKit.framework/Versions/A/LiveCommunicationKit
0x000000025893d000 	/System/Library/PrivateFrameworks/CommunicationTrust.framework/Versions/A/CommunicationTrust
0x00000001cce75000 	/System/Library/Frameworks/CallKit.framework/Versions/A/CallKit
0x00000001b7d8c000 	/System/Library/PrivateFrameworks/CommunicationsFilter.framework/Versions/A/CommunicationsFilter
0x00000001f70a9000 	/System/Library/PrivateFrameworks/IMTransferServices.framework/Versions/A/IMTransferServices
0x00000001cb358000 	/System/Library/PrivateFrameworks/IncomingCallFilter.framework/Versions/A/IncomingCallFilter
0x00000002784ae000 	/System/Library/PrivateFrameworks/NeighborhoodActivityConduit.framework/Versions/A/NeighborhoodActivityConduit
0x00000001cf3c2000 	/System/Library/PrivateFrameworks/CallHistory.framework/Versions/A/CallHistory
0x000000029cbfc000 	/usr/lib/libBASupport.dylib
0x000000025739e000 	/System/Library/PrivateFrameworks/CallsUtilities.framework/Versions/A/CallsUtilities
0x00000002573a9000 	/System/Library/PrivateFrameworks/CallsXPC.framework/Versions/A/CallsXPC
0x00000002025f2000 	/usr/lib/swift/libswiftCallKit.dylib
0x0000000257391000 	/System/Library/PrivateFrameworks/CallsPersistence.framework/Versions/A/CallsPersistence
0x000000024d0aa000 	/System/Library/Frameworks/SensitiveContentAnalysis.framework/Versions/A/SensitiveContentAnalysis
0x00000001d03ff000 	/System/Library/PrivateFrameworks/PeopleSuggester.framework/Versions/A/PeopleSuggester
0x00000001d98de000 	/System/Library/PrivateFrameworks/SpotlightReceiver.framework/Versions/A/SpotlightReceiver
0x000000029736f000 	/System/Library/PrivateFrameworks/_AppIntentsServices_AppIntents.framework/Versions/A/_AppIntentsServices_AppIntents
0x000000025277e000 	/System/Library/PrivateFrameworks/AppIntentsServices.framework/Versions/A/AppIntentsServices
0x00000001bcab9000 	/System/Library/PrivateFrameworks/CoreRecents.framework/Versions/A/CoreRecents
0x00000002458d4000 	/System/Library/Frameworks/GeoToolbox.framework/Versions/A/GeoToolbox
0x000000024f566000 	/System/Library/Frameworks/_GeoToolbox_AppIntents.framework/Versions/A/_GeoToolbox_AppIntents
0x00000001ecadf000 	/System/Library/PrivateFrameworks/DiagnosticRequest.framework/Versions/A/DiagnosticRequest
0x00000002972b3000 	/System/Library/PrivateFrameworks/XPCDistributed.framework/Versions/A/XPCDistributed
0x000000027f96e000 	/System/Library/PrivateFrameworks/RegulatoryDomain.framework/Versions/A/RegulatoryDomain
0x00000001b6e58000 	/usr/lib/libCTGreenTeaLogger.dylib
0x0000000271e86000 	/System/Library/PrivateFrameworks/LocalStatusKit.framework/Versions/A/LocalStatusKit
0x00000001c83e3000 	/System/Library/PrivateFrameworks/CoreParsec.framework/Versions/A/CoreParsec
0x00000001e2e45000 	/System/Library/PrivateFrameworks/EmailAddressing.framework/Versions/A/EmailAddressing
0x00000001dee2b000 	/System/Library/PrivateFrameworks/EmailCore.framework/Versions/A/EmailCore
0x00000001dfe59000 	/System/Library/PrivateFrameworks/EmailFoundation.framework/Versions/A/EmailFoundation
0x000000027b4a0000 	/System/Library/PrivateFrameworks/PegasusAPI.framework/Versions/A/PegasusAPI
0x000000027bff1000 	/System/Library/PrivateFrameworks/PegasusConfiguration.framework/Versions/A/PegasusConfiguration
0x000000028f30c000 	/System/Library/PrivateFrameworks/ToolKit.framework/Versions/A/ToolKit
0x00000002800f6000 	/System/Library/PrivateFrameworks/ReplicatorEngine.framework/Versions/A/ReplicatorEngine
0x0000000280298000 	/System/Library/PrivateFrameworks/ReplicatorServices.framework/Versions/A/ReplicatorServices
0x000000028bfc7000 	/System/Library/PrivateFrameworks/SystemWake.framework/Versions/A/SystemWake
0x00000001cd049000 	/System/Library/PrivateFrameworks/ContextKit.framework/Versions/A/ContextKit
0x0000000258ed8000 	/System/Library/PrivateFrameworks/ContextKitCore.framework/Versions/A/ContextKitCore
0x00000001cb5de000 	/System/Library/Frameworks/LocalAuthentication.framework/Support/DaemonUtils.framework/Versions/A/DaemonUtils
0x0000000271e1b000 	/System/Library/PrivateFrameworks/LocalAuthenticationCoreUI.framework/Versions/A/LocalAuthenticationCoreUI
0x00000001cea04000 	/System/Library/PrivateFrameworks/BridgeXPC.framework/Versions/A/BridgeXPC
0x00000001cc2b1000 	/System/Library/PrivateFrameworks/CoreKDL.framework/Versions/A/CoreKDL
0x00000001ca8de000 	/System/Library/PrivateFrameworks/EmbeddedOSSupportHost.framework/Versions/A/EmbeddedOSSupportHost
0x00000001bf5cb000 	/System/Library/PrivateFrameworks/LoginUIKit.framework/Versions/A/LoginUIKit
0x00000001db01e000 	/System/Library/PrivateFrameworks/StorageKit.framework/Versions/A/StorageKit
0x0000000203e07000 	/System/Library/Frameworks/DeviceCheck.framework/Versions/A/DeviceCheck
0x00000001db098000 	/System/Library/PrivateFrameworks/CoreWLANKit.framework/Versions/A/CoreWLANKit
0x00000002949c5000 	/System/Library/PrivateFrameworks/Wallpaper.framework/Versions/A/Wallpaper
0x000000029e15b000 	/usr/lib/swift/libswiftGLKit.dylib
0x000000029e166000 	/usr/lib/swift/libswiftMetalKit.dylib
0x000000029e16a000 	/usr/lib/swift/libswiftModelIO.dylib
0x000000029e22d000 	/usr/lib/swift/libswiftSceneKit.dylib
0x000000025ef64000 	/System/Library/PrivateFrameworks/DiskImages2.framework/Versions/A/DiskImages2
0x00000001e3d87000 	/System/Library/PrivateFrameworks/DynamicDesktop.framework/Versions/A/DynamicDesktop
0x0000000294b54000 	/System/Library/PrivateFrameworks/WallpaperFoundation.framework/Versions/A/WallpaperFoundation
0x0000000294bb2000 	/System/Library/PrivateFrameworks/WallpaperTypes.framework/Versions/A/WallpaperTypes
0x00000001f8e06000 	/System/Library/PrivateFrameworks/SystemDesktopAppearance.framework/Versions/A/SystemDesktopAppearance
0x000000029a463000 	/System/Library/PrivateFrameworks/icloudMCCKit.framework/Versions/A/icloudMCCKit
0x00000002536d8000 	/System/Library/PrivateFrameworks/AppleAccountUI.framework/Versions/A/AppleAccountUI
0x00000001ed0b6000 	/System/Library/PrivateFrameworks/PreferencePanesSupport.framework/Versions/A/PreferencePanesSupport
0x00000001d306f000 	/System/Library/PrivateFrameworks/FindMyDeviceUI.framework/Versions/A/FindMyDeviceUI
0x00000002980a9000 	/System/Library/PrivateFrameworks/iCloudQuotaUI.framework/Versions/A/iCloudQuotaUI
0x00000001ed26a000 	/System/Library/PrivateFrameworks/CoreCDPUI.framework/Versions/A/CoreCDPUI
0x00000001ccda4000 	/System/Library/PrivateFrameworks/CoreFollowUpUI.framework/Versions/A/CoreFollowUpUI
0x00000001d9b5c000 	/System/Library/PrivateFrameworks/IMCore.framework/Versions/A/IMCore
0x00000001c2090000 	/System/Library/PrivateFrameworks/CoreCDP.framework/Versions/A/CoreCDP
0x00000001be030000 	/System/Library/PrivateFrameworks/AskPermission.framework/Versions/A/AskPermission
0x00000001d0ae4000 	/System/Library/Frameworks/Quartz.framework/Versions/A/Quartz
0x00000001dd5fd000 	/System/Library/PrivateFrameworks/CloudPhotoServicesConfiguration.framework/Versions/A/CloudPhotoServicesConfiguration
0x00000001cf1e7000 	/System/Library/PrivateFrameworks/CommerceKit.framework/Versions/A/CommerceKit
0x00000001deefb000 	/System/Library/PrivateFrameworks/FindMyMac.framework/Versions/A/FindMyMac
0x00000001dedce000 	/System/Library/Frameworks/PreferencePanes.framework/Versions/A/PreferencePanes
0x00000001d24ec000 	/System/Library/Frameworks/AddressBook.framework/Versions/A/AddressBook
0x00000001bcf13000 	/System/Library/PrivateFrameworks/AOSAccounts.framework/Versions/A/AOSAccounts
0x00000001b7159000 	/System/Library/PrivateFrameworks/AppleSRP.framework/Versions/A/AppleSRP
0x00000001bb9e3000 	/System/Library/PrivateFrameworks/NetFSServer.framework/Versions/A/NetFSServer
0x00000001cdf8a000 	/System/Library/Frameworks/PDFKit.framework/Versions/A/PDFKit
0x000000024e659000 	/System/Library/Frameworks/TabularData.framework/Versions/A/TabularData
0x000000029e181000 	/usr/lib/swift/libswiftPassKit.dylib
0x00000001f1262000 	/System/Library/Frameworks/PassKit.framework/Versions/A/PassKit
0x00000001bf6d6000 	/System/Library/PrivateFrameworks/PassKitCore.framework/Versions/A/PassKitCore
0x000000027adc2000 	/System/Library/PrivateFrameworks/PassKitMacHelperTemp.framework/Versions/A/PassKitMacHelperTemp
0x000000029cb4c000 	/usr/lib/libAppleSSE.dylib
0x00000001cb62a000 	/System/Library/PrivateFrameworks/BiometricKit.framework/Versions/A/BiometricKit
0x000000028089c000 	/System/Library/PrivateFrameworks/SEService.framework/Versions/A/SEService
0x0000000245293000 	/System/Library/Frameworks/FinanceKit.framework/Versions/A/FinanceKit
0x00000001d0b93000 	/System/Library/PrivateFrameworks/NearField.framework/Versions/A/NearField
0x000000029cf4c000 	/usr/lib/libSESShared.dylib
0x0000000280b04000 	/System/Library/PrivateFrameworks/STSXPCHelperClient.framework/Versions/A/STSXPCHelperClient
0x00000001d28f8000 	/usr/lib/libnfshared.dylib
0x000000028bd4f000 	/System/Library/PrivateFrameworks/Symptoms.framework/Versions/A/Frameworks/SymptomPresentationFeed.framework/Versions/A/SymptomPresentationFeed
0x00000002540ee000 	/System/Library/PrivateFrameworks/AppleMediaServicesKitInternal.framework/Versions/A/AppleMediaServicesKitInternal
0x0000000254d91000 	/System/Library/PrivateFrameworks/AsyncAlgorithmsInternal.framework/Versions/A/AsyncAlgorithmsInternal
0x000000028ba91000 	/System/Library/PrivateFrameworks/SymptomShared.framework/Versions/A/SymptomShared
0x00000001f3fab000 	/System/Library/PrivateFrameworks/PassKitUIFoundation.framework/Versions/A/PassKitUIFoundation
0x00000001b6a8c000 	/System/Library/Frameworks/MapKit.framework/Versions/A/MapKit
0x0000000269c97000 	/System/Library/PrivateFrameworks/GeoAnalytics.framework/Versions/A/GeoAnalytics
0x00000001d2926000 	/System/Library/PrivateFrameworks/Navigation.framework/Versions/A/Navigation
0x00000001dc645000 	/System/Library/PrivateFrameworks/VectorKit.framework/Versions/A/VectorKit
0x00000001c3aeb000 	/System/Library/PrivateFrameworks/VirtualGarage.framework/Versions/A/VirtualGarage
0x00000001d2b05000 	/System/Library/Frameworks/ExternalAccessory.framework/ExternalAccessory
0x00000001d2b20000 	/System/Library/PrivateFrameworks/IAP.framework/Versions/A/IAP
0x00000001b6d48000 	/System/Library/PrivateFrameworks/IOPlatformPluginFamily.framework/Versions/A/IOPlatformPluginFamily
0x00000002553d6000 	/System/Library/PrivateFrameworks/AvatarKit.framework/Versions/A/AvatarKit
0x0000000255495000 	/System/Library/PrivateFrameworks/AvatarPersistence.framework/Versions/A/AvatarPersistence
0x000000024e9e0000 	/System/Library/Frameworks/TipKit.framework/Versions/A/TipKit
0x00000001bf1bd000 	/System/Library/PrivateFrameworks/IMSharedUtilities.framework/Versions/A/IMSharedUtilities
0x000000029e120000 	/usr/lib/swift/libswiftAppleArchive.dylib
0x00000002917eb000 	/System/Library/PrivateFrameworks/VFX.framework/Versions/A/VFX
0x00000001eee18000 	/System/Library/PrivateFrameworks/AppleCVA.framework/Versions/A/AppleCVA
0x0000000255494000 	/System/Library/PrivateFrameworks/AvatarKitContent.framework/Versions/A/AvatarKitContent
0x00000002471ab000 	/System/Library/Frameworks/MetalFX.framework/Versions/A/MetalFX
0x0000000258a53000 	/System/Library/PrivateFrameworks/CompositorNonUI.framework/Versions/A/CompositorNonUI
0x0000000243617000 	/System/Library/Frameworks/ARKit.framework/Versions/A/ARKit
0x00000002510d2000 	/System/Library/PrivateFrameworks/ARKitCore.framework/Versions/A/ARKitCore
0x000000029cc46000 	/usr/lib/libDisplayWarpSupport.dylib
0x000000025a1ae000 	/System/Library/PrivateFrameworks/CoreComposite.framework/Versions/A/CoreComposite
0x000000029d080000 	/usr/lib/libchannel.dylib
0x000000029dd7d000 	/usr/lib/librealtime_safety.dylib
0x000000025115f000 	/System/Library/PrivateFrameworks/ARKitFoundation.framework/Versions/A/ARKitFoundation
0x0000000253776000 	/System/Library/PrivateFrameworks/AppleDepth.framework/Versions/A/AppleDepth
0x00000002538ec000 	/System/Library/PrivateFrameworks/AppleDepthCore.framework/Versions/A/AppleDepthCore
0x00000001b6e81000 	/System/Library/PrivateFrameworks/CoreAppleCVA.framework/Versions/A/CoreAppleCVA
0x00000001c3c19000 	/System/Library/PrivateFrameworks/ContactsUICore.framework/Versions/A/ContactsUICore
0x00000001cb460000 	/System/Library/PrivateFrameworks/ContactsDonation.framework/Versions/A/ContactsDonation
0x00000001cad17000 	/System/Library/PrivateFrameworks/DataDetectors.framework/Versions/A/DataDetectors
0x00000001bd661000 	/System/Library/Frameworks/MediaLibrary.framework/Versions/A/MediaLibrary
0x00000001b7d7b000 	/System/Library/PrivateFrameworks/PersonaKit.framework/Versions/A/PersonaKit
0x00000001c3c07000 	/System/Library/PrivateFrameworks/PersonaUI.framework/Versions/A/PersonaUI
0x00000001de7f0000 	/System/Library/PrivateFrameworks/Transparency.framework/Versions/A/Transparency
0x00000002609c7000 	/System/Library/PrivateFrameworks/FindMyLocate.framework/Versions/A/FindMyLocate
0x00000001ccd23000 	/System/Library/PrivateFrameworks/IntlPreferences.framework/Versions/A/IntlPreferences
0x00000002608a0000 	/System/Library/PrivateFrameworks/FindMyCommon.framework/Versions/A/FindMyCommon
0x000000026068f000 	/System/Library/PrivateFrameworks/FindMyBase.framework/Versions/A/FindMyBase
0x000000024bd2a000 	/System/Library/Frameworks/NearbyInteraction.framework/Versions/A/NearbyInteraction
0x00000001b799a000 	/System/Library/PrivateFrameworks/AddressBookCore.framework/Versions/A/AddressBookCore
0x00000001d2683000 	/System/Library/PrivateFrameworks/ToneKit.framework/Versions/A/ToneKit
0x00000001ccd6a000 	/System/Library/PrivateFrameworks/ToneLibrary.framework/Versions/A/ToneLibrary
0x0000000258d58000 	/System/Library/PrivateFrameworks/ContactsAccounts.framework/Versions/A/ContactsAccounts
0x00000001d09ff000 	/System/Library/PrivateFrameworks/Lookup.framework/Versions/A/Lookup
0x000000024c60f000 	/System/Library/Frameworks/QuickLookUI.framework/Versions/A/QuickLookUI
0x000000024d024000 	/System/Library/Frameworks/ScreenCaptureKit.framework/Versions/A/ScreenCaptureKit
0x00000001cda9e000 	/System/Library/Frameworks/Quartz.framework/Versions/A/Frameworks/QuartzComposer.framework/Versions/A/QuartzComposer
0x00000001cccfa000 	/System/Library/Frameworks/Quartz.framework/Versions/A/Frameworks/QuartzFilters.framework/Versions/A/QuartzFilters
0x00000001cbda6000 	/System/Library/Frameworks/Quartz.framework/Versions/A/Frameworks/ImageKit.framework/Versions/A/ImageKit
0x0000000243424000 	/System/Library/Frameworks/OpenCL.framework/Versions/A/OpenCL
0x00000001ca2b5000 	/System/Library/PrivateFrameworks/CorePDF.framework/Versions/A/CorePDF
0x00000001b4a43000 	/System/Library/Frameworks/QuickLook.framework/Versions/A/QuickLook
0x00000001bf5c6000 	/System/Library/PrivateFrameworks/DisplayServices.framework/Versions/A/DisplayServices
0x00000001ccc7f000 	/System/Library/Frameworks/ImageCaptureCore.framework/Versions/A/ImageCaptureCore
0x00000002937fa000 	/System/Library/PrivateFrameworks/VisionKitCore.framework/Versions/A/VisionKitCore
0x00000001c83b3000 	/System/Library/PrivateFrameworks/QuickLookSupport.framework/Versions/A/QuickLookSupport
0x000000027501f000 	/System/Library/PrivateFrameworks/MediaAnalysisServices.framework/Versions/A/MediaAnalysisServices
0x00000001cf9ea000 	/System/Library/PrivateFrameworks/PhotoLibraryServices.framework/Versions/A/PhotoLibraryServices
0x00000001cc897000 	/System/Library/Frameworks/Photos.framework/Versions/A/Photos
0x00000001e117d000 	/System/Library/PrivateFrameworks/PhotosFormats.framework/Versions/A/PhotosFormats
0x00000001dd628000 	/System/Library/PrivateFrameworks/CloudPhotoLibrary.framework/Versions/A/CloudPhotoLibrary
0x00000001e6a22000 	/System/Library/PrivateFrameworks/CloudPhotoServices.framework/Versions/A/CloudPhotoServices
0x00000001e2fb6000 	/System/Library/PrivateFrameworks/CoreMediaStream.framework/Versions/A/CoreMediaStream
0x00000001b8434000 	/System/Library/PrivateFrameworks/CPAnalytics.framework/Versions/A/CPAnalytics
0x00000001df4f4000 	/System/Library/PrivateFrameworks/MediaConversionService.framework/Versions/A/MediaConversionService
0x00000001bf1a9000 	/System/Library/PrivateFrameworks/PhotoFoundation.framework/Versions/A/PhotoFoundation
0x000000027c5d9000 	/System/Library/PrivateFrameworks/PhotoLibraryServicesCore.framework/Versions/A/PhotoLibraryServicesCore
0x00000001d926a000 	/System/Library/PrivateFrameworks/MMCS.framework/Versions/A/MMCS
0x00000001bd4ba000 	/System/Library/PrivateFrameworks/ChunkingLibrary.framework/Versions/A/ChunkingLibrary
0x00000001b7126000 	/System/Library/PrivateFrameworks/AssetCacheServices.framework/Versions/A/AssetCacheServices
0x00000001b90ec000 	/System/Library/PrivateFrameworks/AVFoundationCF.framework/Versions/A/AVFoundationCF
0x00000001f6fa4000 	/usr/lib/swift/libswiftDemangle.dylib
0x000000026ce12000 	/System/Library/PrivateFrameworks/ImageCaptureDevices.framework/Versions/A/ImageCaptureDevices
0x00000001cafd4000 	/System/Library/PrivateFrameworks/MediaStream.framework/Versions/A/MediaStream
0x00000001df996000 	/System/Library/PrivateFrameworks/NeutrinoCore.framework/Versions/A/NeutrinoCore
0x00000001a68f8000 	/System/Library/PrivateFrameworks/NLP.framework/Versions/A/NLP
0x00000001e57b5000 	/System/Library/PrivateFrameworks/PhotoImaging.framework/Versions/A/PhotoImaging
0x00000001e69e3000 	/System/Library/PrivateFrameworks/PhotosImagingFoundation.framework/Versions/A/PhotosImagingFoundation
0x000000027d186000 	/System/Library/PrivateFrameworks/PhotosIntelligenceCore.framework/Versions/A/PhotosIntelligenceCore
0x00000001b9528000 	/System/Library/PrivateFrameworks/EmbeddedAcousticRecognition.framework/Versions/A/EmbeddedAcousticRecognition
0x00000001d4887000 	/System/Library/PrivateFrameworks/EmojiFoundation.framework/Versions/A/EmojiFoundation
0x00000001dd8a1000 	/System/Library/PrivateFrameworks/SDAPI.framework/Versions/A/SDAPI
0x00000001e6a31000 	/System/Library/PrivateFrameworks/AutoLoop.framework/Versions/A/AutoLoop
0x000000027dd67000 	/System/Library/PrivateFrameworks/Portrait.framework/Versions/A/Portrait
0x0000000261057000 	/System/Library/PrivateFrameworks/FusionTracker.framework/Versions/A/FusionTracker
0x00000001cd538000 	/System/Library/PrivateFrameworks/iTunesCloud.framework/Versions/A/iTunesCloud
0x00000001d678f000 	/System/Library/PrivateFrameworks/DAAPKit.framework/Versions/A/DAAPKit
0x00000001c8730000 	/System/Library/PrivateFrameworks/DeviceManagement.framework/Versions/A/DeviceManagement
0x00000001eca30000 	/System/Library/PrivateFrameworks/ScreenTimeUI.framework/Versions/A/ScreenTimeUI
0x00000001cad11000 	/System/Library/PrivateFrameworks/QuickLookNonBaseSystem.framework/Versions/A/QuickLookNonBaseSystem
0x00000001cb536000 	/System/Library/PrivateFrameworks/Catalyst.framework/Versions/A/Catalyst
0x00000001ccf1c000 	/System/Library/PrivateFrameworks/ScreenTimeCore.framework/Versions/A/ScreenTimeCore
0x00000001e0627000 	/System/Library/PrivateFrameworks/ScreenTimeServiceUI.framework/Versions/A/ScreenTimeServiceUI
0x00000001d93fa000 	/System/Library/PrivateFrameworks/ConfigurationEngineModel.framework/Versions/A/ConfigurationEngineModel
0x00000001dc5fe000 	/System/Library/PrivateFrameworks/UsageTracking.framework/Versions/A/UsageTracking
0x0000000244f25000 	/System/Library/Frameworks/DeviceActivity.framework/Versions/A/DeviceActivity
0x00000001dc5ce000 	/System/Library/PrivateFrameworks/KnowledgeMonitor.framework/Versions/A/KnowledgeMonitor
0x00000001f3f51000 	/System/Library/PrivateFrameworks/BluetoothManager.framework/Versions/A/BluetoothManager
0x0000000246530000 	/System/Library/Frameworks/ManagedSettings.framework/Versions/A/ManagedSettings
0x000000027477c000 	/System/Library/PrivateFrameworks/ManagedSettingsSupport.framework/Versions/A/ManagedSettingsSupport
0x00000001f1332000 	/System/Library/Frameworks/ReplayKit.framework/Versions/A/ReplayKit
0x00000001c0586000 	/System/Library/PrivateFrameworks/MarkupUI.framework/Versions/A/MarkupUI
0x00000001cace9000 	/System/Library/PrivateFrameworks/SidecarCore.framework/Versions/A/SidecarCore
0x00000001cd953000 	/System/Library/PrivateFrameworks/AnnotationKit.framework/Versions/A/AnnotationKit
0x00000001cbfeb000 	/System/Library/Frameworks/PencilKit.framework/Versions/A/PencilKit
0x00000001cc1b0000 	/System/Library/PrivateFrameworks/SidecarUI.framework/Versions/A/SidecarUI
0x00000001cb946000 	/System/Library/PrivateFrameworks/CoreHandwriting.framework/Versions/A/CoreHandwriting
0x00000001a049e000 	/usr/lib/libmecabra.dylib
0x00000001c41df000 	/System/Library/PrivateFrameworks/Calculate.framework/Versions/A/Calculate
0x00000001b0049000 	/usr/lib/libChineseTokenizer.dylib
0x00000002023b6000 	/System/Library/PrivateFrameworks/ScreenReaderCore.framework/Versions/A/ScreenReaderCore
0x000000028afbd000 	/System/Library/PrivateFrameworks/StocksKit.framework/Versions/A/StocksKit
0x00000001c31d4000 	/System/Library/PrivateFrameworks/OAuth.framework/Versions/A/OAuth
0x000000028acae000 	/System/Library/PrivateFrameworks/StocksCore.framework/Versions/A/StocksCore
0x000000028c2bf000 	/System/Library/PrivateFrameworks/TeaFoundation.framework/Versions/A/TeaFoundation
0x000000028c4a1000 	/System/Library/PrivateFrameworks/TeaSettings.framework/Versions/A/TeaSettings
0x00000001f866c000 	/System/Library/PrivateFrameworks/NewsCore.framework/Versions/A/NewsCore
0x000000028c25b000 	/System/Library/PrivateFrameworks/TeaDB.framework/Versions/A/TeaDB
0x00000001f5068000 	/System/Library/PrivateFrameworks/RemoteConfiguration.framework/Versions/A/RemoteConfiguration
0x00000001f8277000 	/System/Library/PrivateFrameworks/NewsTransport.framework/Versions/A/NewsTransport
0x00000001f865c000 	/System/Library/PrivateFrameworks/NewsFoundation.framework/Versions/A/NewsFoundation
0x0000000278ab4000 	/System/Library/PrivateFrameworks/NewsURLBucket.framework/Versions/A/NewsURLBucket
0x00000001cf5e1000 	/System/Library/PrivateFrameworks/MobileInstallation.framework/Versions/A/MobileInstallation
0x000000024eb4d000 	/System/Library/Frameworks/Translation.framework/Versions/A/Translation
0x00000001e8435000 	/System/Library/PrivateFrameworks/RevealCore.framework/Versions/A/RevealCore
0x00000001e8429000 	/System/Library/PrivateFrameworks/Reveal.framework/Versions/A/Reveal
0x00000001e02f1000 	/System/Library/Frameworks/Speech.framework/Versions/A/Speech
0x000000024ffb2000 	/System/Library/PrivateFrameworks/AIMLExperimentationAnalytics.framework/Versions/A/AIMLExperimentationAnalytics
0x000000025232d000 	/System/Library/PrivateFrameworks/AlgorithmsInternal.framework/Versions/A/AlgorithmsInternal
0x000000028faf5000 	/System/Library/PrivateFrameworks/TranslationUIServices.framework/Versions/A/TranslationUIServices
0x000000028e9e0000 	/System/Library/PrivateFrameworks/TipKitCore.framework/Versions/A/TipKitCore
0x00000001d490b000 	/System/Library/PrivateFrameworks/CoreCDPInternal.framework/Versions/A/CoreCDPInternal
0x000000026d5ef000 	/System/Library/PrivateFrameworks/InputAnalytics.framework/Versions/A/InputAnalytics
0x00000001da428000 	/System/Library/Frameworks/InstantMessage.framework/Versions/A/InstantMessage
0x00000001d23fa000 	/System/Library/PrivateFrameworks/IDSKVStore.framework/Versions/A/IDSKVStore
0x00000001d20c0000 	/System/Library/PrivateFrameworks/IMDPersistence.framework/Versions/A/IMDPersistence
0x00000002916e1000 	/System/Library/PrivateFrameworks/UserSafety.framework/Versions/A/UserSafety
0x00000001f3161000 	/System/Library/PrivateFrameworks/BlastDoor.framework/Versions/A/BlastDoor
0x0000000271aa1000 	/System/Library/PrivateFrameworks/LinkPresentationStyleSheetParsing.framework/Versions/A/LinkPresentationStyleSheetParsing
0x000000027df18000 	/System/Library/PrivateFrameworks/PosterFoundation.framework/Versions/A/PosterFoundation
0x000000027dfa7000 	/System/Library/PrivateFrameworks/PosterModel.framework/Versions/A/PosterModel
0x000000027df82000 	/System/Library/PrivateFrameworks/PosterFuturesKit.framework/Versions/A/PosterFuturesKit
0x000000026047e000 	/System/Library/PrivateFrameworks/FeedbackService.framework/Versions/A/FeedbackService
0x00000001cb3b7000 	/System/Library/PrivateFrameworks/CoreSDB.framework/Versions/A/CoreSDB
0x0000000254b7a000 	/System/Library/PrivateFrameworks/AskToCore.framework/Versions/A/AskToCore
0x00000001ed267000 	/System/Library/PrivateFrameworks/MachineSettings.framework/Versions/A/MachineSettings
0x00000001ded50000 	/System/Library/PrivateFrameworks/BezelServices.framework/Versions/A/BezelServices
0x00000001d681b000 	/System/Library/PrivateFrameworks/SPOwner.framework/Versions/A/SPOwner
0x00000001cf24c000 	/System/Library/PrivateFrameworks/FMCore.framework/Versions/A/FMCore
0x0000000298001000 	/System/Library/PrivateFrameworks/iCloudQuota.framework/Versions/A/iCloudQuota
0x00000001c3b84000 	/System/Library/PrivateFrameworks/CoreRecognition.framework/Versions/A/CoreRecognition
0x00000001dee06000 	/System/Library/PrivateFrameworks/InAppMessages.framework/Versions/A/InAppMessages
0x0000000200f9f000 	/System/Library/PrivateFrameworks/JetUI.framework/Versions/A/JetUI
0x0000000270d82000 	/System/Library/PrivateFrameworks/JetPack.framework/Versions/A/JetPack
0x00000001dedfd000 	/System/Library/PrivateFrameworks/InAppMessagesCore.framework/Versions/A/InAppMessagesCore
0x00000002973b9000 	/System/Library/PrivateFrameworks/_JetEngine_SwiftUI.framework/Versions/A/_JetEngine_SwiftUI
0x000000028bd78000 	/System/Library/PrivateFrameworks/Synapse.framework/Versions/A/Synapse
0x0000000256d25000 	/System/Library/PrivateFrameworks/CSExattrCrypto.framework/Versions/A/CSExattrCrypto
0x00000001d06e8000 	/System/Library/PrivateFrameworks/StoreFoundation.framework/Versions/A/StoreFoundation
0x00000001cf246000 	/System/Library/PrivateFrameworks/ServerInformation.framework/Versions/A/ServerInformation
0x00000001cec77000 	/System/Library/PrivateFrameworks/Install.framework/Frameworks/DistributionKit.framework/Versions/A/DistributionKit
0x00000001c8187000 	/System/Library/PrivateFrameworks/PackageKit.framework/Versions/A/PackageKit
0x00000001cec9a000 	/System/Library/PrivateFrameworks/OSPersonalization.framework/Versions/A/OSPersonalization
0x00000001d0c72000 	/System/Library/PrivateFrameworks/BridgeOSSoftwareUpdate.framework/Versions/A/BridgeOSSoftwareUpdate
0x00000001cb84e000 	/System/Library/PrivateFrameworks/StorageManagement.framework/Versions/A/StorageManagement
0x00000001e0174000 	/usr/lib/libauthinstall.dylib
0x00000001d0c7b000 	/System/Library/PrivateFrameworks/InstallerDiagnostics.framework/Versions/A/InstallerDiagnostics
0x00000001e07f3000 	/usr/lib/libcrypto.42.dylib
0x000000029e687000 	/usr/lib/updaters/libAppleTconUARPUpdater.dylib
0x000000029e811000 	/usr/lib/updaters/libT200Updater.dylib
0x00000001d0c60000 	/System/Library/PrivateFrameworks/GPUInfo.framework/Versions/A/GPUInfo
0x00000001def01000 	/System/Library/PrivateFrameworks/MobileActivationMacOS.framework/Versions/A/MobileActivationMacOS
0x00000001c3116000 	/System/Library/PrivateFrameworks/AccountsDaemon.framework/Versions/A/AccountsDaemon
0x00000001b318f000 	/System/Library/PrivateFrameworks/CacheDelete.framework/Versions/A/CacheDelete
0x00000001bbb07000 	/System/Library/Frameworks/QuickLookThumbnailing.framework/Versions/A/QuickLookThumbnailing
0x00000001d0cbf000 	/System/Library/PrivateFrameworks/AOSKit.framework/Versions/A/AOSKit
0x00000001b017a000 	/System/Library/PrivateFrameworks/AppSSOCore.framework/Versions/A/AppSSOCore
0x000000025552e000 	/System/Library/PrivateFrameworks/BackgroundSystemTasks.framework/Versions/A/BackgroundSystemTasks
0x00000001bba1d000 	/System/Library/PrivateFrameworks/DuetActivityScheduler.framework/Versions/A/DuetActivityScheduler
0x00000001dd557000 	/System/Library/PrivateFrameworks/NetworkServiceProxy.framework/Versions/A/NetworkServiceProxy
0x00000001b6dba000 	/usr/lib/libnetworkextension.dylib
0x000000028baa1000 	/System/Library/PrivateFrameworks/Symptoms.framework/Versions/A/Frameworks/SymptomAnalytics.framework/Versions/A/SymptomAnalytics
0x00000001b3bc3000 	/System/Library/Frameworks/NetworkExtension.framework/Versions/A/NetworkExtension
0x00000001ba1dd000 	/System/Library/PrivateFrameworks/CoreDuetContext.framework/Versions/A/CoreDuetContext
0x00000001a4f25000 	/System/Library/PrivateFrameworks/CoreDuet.framework/Versions/A/CoreDuet
0x00000001bef02000 	/System/Library/PrivateFrameworks/AssistantServices.framework/Versions/A/AssistantServices
0x00000001b9230000 	/System/Library/PrivateFrameworks/SAObjects.framework/Versions/A/SAObjects
0x00000001beafd000 	/System/Library/PrivateFrameworks/MediaRemote.framework/Versions/A/MediaRemote
0x00000001d11b3000 	/System/Library/PrivateFrameworks/SiriInstrumentation.framework/Versions/A/SiriInstrumentation
0x0000000282a00000 	/System/Library/PrivateFrameworks/SiriAnalytics.framework/Versions/A/SiriAnalytics
0x00000002888a7000 	/System/Library/PrivateFrameworks/SiriTTSService.framework/Versions/A/SiriTTSService
0x000000028333c000 	/System/Library/PrivateFrameworks/SiriCrossDeviceArbitration.framework/Versions/A/SiriCrossDeviceArbitration
0x00000001cea0f000 	/System/Library/PrivateFrameworks/FeedbackLogger.framework/Versions/A/FeedbackLogger
0x0000000260026000 	/System/Library/PrivateFrameworks/FaceTimeNameUtility.framework/Versions/A/FaceTimeNameUtility
0x0000000283390000 	/System/Library/PrivateFrameworks/SiriCrossDeviceArbitrationFeedback.framework/Versions/A/SiriCrossDeviceArbitrationFeedback
0x0000000269a81000 	/System/Library/PrivateFrameworks/GenerativeModels.framework/Versions/A/GenerativeModels
0x00000001c3997000 	/System/Library/PrivateFrameworks/MediaServices.framework/Versions/A/MediaServices
0x00000001b906e000 	/System/Library/Frameworks/LocalAuthentication.framework/Versions/A/LocalAuthentication
0x0000000271cd7000 	/System/Library/PrivateFrameworks/LocalAuthenticationCore.framework/Versions/A/LocalAuthenticationCore
0x0000000271e5c000 	/System/Library/PrivateFrameworks/LocalAuthenticationCredentialServices.framework/Versions/A/LocalAuthenticationCredentialServices
0x00000001b90da000 	/System/Library/Frameworks/LocalAuthentication.framework/Support/SharedUtils.framework/Versions/A/SharedUtils
0x00000001b05c4000 	/System/Library/PrivateFrameworks/PersistentConnection.framework/Versions/A/PersistentConnection
0x000000028a0bc000 	/System/Library/PrivateFrameworks/SonicFoundation.framework/Versions/A/SonicFoundation
0x000000025e884000 	/System/Library/PrivateFrameworks/Dendrite.framework/Versions/A/Dendrite
0x00000001d30c2000 	/usr/lib/libtailspin.dylib
0x00000001e6b41000 	/System/Library/PrivateFrameworks/Osprey.framework/Versions/A/Osprey
0x0000000287f01000 	/System/Library/PrivateFrameworks/SiriTTS.framework/Versions/A/SiriTTS
0x00000001cb47d000 	/System/Library/Frameworks/NaturalLanguage.framework/Versions/A/NaturalLanguage
0x0000000286ce7000 	/System/Library/PrivateFrameworks/SiriPowerInstrumentation.framework/Versions/A/SiriPowerInstrumentation
0x00000001cc340000 	/System/Library/PrivateFrameworks/Trial.framework/Versions/A/Trial
0x00000001cc2c2000 	/System/Library/PrivateFrameworks/TrialProto.framework/Versions/A/TrialProto
0x0000000290da6000 	/System/Library/PrivateFrameworks/UnifiedAssetFramework.framework/Versions/A/UnifiedAssetFramework
0x00000001e8b69000 	/usr/lib/swift/libswiftAVFoundation.dylib
0x00000001f900a000 	/usr/lib/swift/libswiftNaturalLanguage.dylib
0x000000028c259000 	/System/Library/PrivateFrameworks/TailspinSymbolication.framework/Versions/A/TailspinSymbolication
0x000000025e4c3000 	/System/Library/PrivateFrameworks/Darwinup.framework/Versions/A/Darwinup
0x00000001df52f000 	/System/Library/PrivateFrameworks/SignpostSupport.framework/Versions/A/SignpostSupport
0x00000001cb344000 	/System/Library/PrivateFrameworks/FeatureFlagsSupport.framework/Versions/A/FeatureFlagsSupport
0x00000001dec62000 	/System/Library/PrivateFrameworks/ktrace.framework/Versions/A/ktrace
0x00000001df75e000 	/System/Library/PrivateFrameworks/SampleAnalysis.framework/Versions/A/SampleAnalysis
0x00000001e8403000 	/System/Library/PrivateFrameworks/kperfdata.framework/Versions/A/kperfdata
0x00000001b4b84000 	/usr/lib/libdscsym.dylib
0x00000001e88bf000 	/System/Library/PrivateFrameworks/BulkSymbolication.framework/Versions/A/BulkSymbolication
0x00000001a9b6d000 	/System/Library/Frameworks/CoreML.framework/Versions/A/CoreML
0x00000001adf77000 	/System/Library/Frameworks/MLCompute.framework/Versions/A/MLCompute
0x0000000272689000 	/System/Library/PrivateFrameworks/MLAssetIO.framework/Versions/A/MLAssetIO
0x000000029e15f000 	/usr/lib/swift/libswiftMLCompute.dylib
0x00000001a171a000 	/System/Library/PrivateFrameworks/LanguageModeling.framework/Versions/A/LanguageModeling
0x00000001a66ff000 	/System/Library/PrivateFrameworks/Montreal.framework/Versions/A/Montreal
0x00000001ae9f6000 	/usr/lib/libcmph.dylib
0x0000000269b5e000 	/System/Library/PrivateFrameworks/GenerativeModelsFoundation.framework/Versions/A/GenerativeModelsFoundation
0x000000028ed49000 	/System/Library/PrivateFrameworks/TokenGeneration.framework/Versions/A/TokenGeneration
0x000000026993d000 	/System/Library/PrivateFrameworks/GenerativeFunctions.framework/Versions/A/GenerativeFunctions
0x0000000269989000 	/System/Library/PrivateFrameworks/GenerativeFunctionsFoundation.framework/Versions/A/GenerativeFunctionsFoundation
0x00000002763e3000 	/System/Library/PrivateFrameworks/ModelCatalog.framework/Versions/A/ModelCatalog
0x0000000281eac000 	/System/Library/PrivateFrameworks/SensitiveContentAnalysisML.framework/Versions/A/SensitiveContentAnalysisML
0x0000000269a1e000 	/System/Library/PrivateFrameworks/GenerativeFunctionsInstrumentation.framework/Versions/A/GenerativeFunctionsInstrumentation
0x000000027f0a8000 	/System/Library/PrivateFrameworks/PromptKit.framework/Versions/A/PromptKit
0x000000027eb79000 	/System/Library/PrivateFrameworks/ProactiveDaemonSupport.framework/Versions/A/ProactiveDaemonSupport
0x000000028ef97000 	/System/Library/PrivateFrameworks/TokenGenerationCore.framework/Versions/A/TokenGenerationCore
0x00000002539d6000 	/System/Library/PrivateFrameworks/AppleFlatBuffers.framework/Versions/A/AppleFlatBuffers
0x00000002820e5000 	/System/Library/PrivateFrameworks/SentencePieceInternal.framework/Versions/A/SentencePieceInternal
0x00000001b719e000 	/System/Library/Frameworks/Vision.framework/Versions/A/Vision
0x000000025de9a000 	/System/Library/PrivateFrameworks/CoreSceneUnderstanding.framework/Versions/A/CoreSceneUnderstanding
0x00000002937ae000 	/System/Library/PrivateFrameworks/VisionCore.framework/Versions/A/VisionCore
0x00000001d49f3000 	/System/Library/Frameworks/Vision.framework/libfaceCore.dylib
0x00000001d5516000 	/System/Library/PrivateFrameworks/Futhark.framework/Versions/A/Futhark
0x00000001d9316000 	/System/Library/PrivateFrameworks/InertiaCam.framework/Versions/A/InertiaCam
0x00000001d529e000 	/System/Library/PrivateFrameworks/TextRecognition.framework/Versions/A/TextRecognition
0x00000001b019b000 	/System/Library/PrivateFrameworks/CVNLP.framework/Versions/A/CVNLP
0x00000001a960b000 	/System/Library/PrivateFrameworks/ApplePushService.framework/Versions/A/ApplePushService
0x00000001a9676000 	/System/Library/Frameworks/CloudKit.framework/Versions/A/CloudKit
0x00000001bcbb5000 	/System/Library/PrivateFrameworks/CoreDuetDaemonProtocol.framework/Versions/A/CoreDuetDaemonProtocol
0x00000001e1d46000 	/System/Library/PrivateFrameworks/DeviceIdentity.framework/Versions/A/DeviceIdentity
0x000000024d23b000 	/System/Library/Frameworks/SharedWithYouCore.framework/Versions/A/SharedWithYouCore
0x0000000258224000 	/System/Library/PrivateFrameworks/CloudTelemetry.framework/Versions/A/CloudTelemetry
0x00000001bb4ea000 	/System/Library/PrivateFrameworks/AppleAccount.framework/Versions/A/AppleAccount
0x00000001bbaac000 	/System/Library/PrivateFrameworks/C2.framework/Versions/A/C2
0x0000000257e96000 	/System/Library/PrivateFrameworks/CloudCoreInternal.framework/Versions/A/CloudCoreInternal
0x0000000257c3b000 	/System/Library/PrivateFrameworks/CloudAsset.framework/Versions/A/CloudAsset
0x00000001bbaa3000 	/System/Library/Frameworks/PushKit.framework/Versions/A/PushKit
0x0000000258244000 	/System/Library/PrivateFrameworks/CloudTelemetryTools.framework/Versions/A/CloudTelemetryTools
0x00000001bd9a7000 	/System/Library/PrivateFrameworks/RTCReporting.framework/Versions/A/RTCReporting
0x000000024fe97000 	/System/Library/PrivateFrameworks/AAAFoundationSwift.framework/Versions/A/AAAFoundationSwift
0x00000001bb775000 	/System/Library/PrivateFrameworks/AppleIDSSOAuthentication.framework/Versions/A/AppleIDSSOAuthentication
0x00000001d0593000 	/System/Library/PrivateFrameworks/CaptiveNetwork.framework/Versions/A/CaptiveNetwork
0x00000001baf7b000 	/System/Library/PrivateFrameworks/EAP8021X.framework/Versions/A/EAP8021X
0x000000025e2a9000 	/System/Library/PrivateFrameworks/CryptoKitPrivate.framework/Versions/A/CryptoKitPrivate
0x00000001ca90e000 	/System/Library/PrivateFrameworks/FindMyDevice.framework/Versions/A/FindMyDevice
0x00000001bf6b6000 	/System/Library/PrivateFrameworks/FMCoreLite.framework/Versions/A/FMCoreLite
0x00000001adc17000 	/System/Library/Frameworks/ServiceManagement.framework/Versions/A/ServiceManagement
0x00000001df727000 	/System/Library/PrivateFrameworks/UIKitServices.framework/Versions/A/UIKitServices
0x000000013ef10000 	/System/Library/Extensions/AGXMetalG14G.bundle/Contents/MacOS/AGXMetalG14G
0x00000001c3838000 	/System/Library/PrivateFrameworks/IOGPU.framework/Versions/A/IOGPU
0x000000012cea0000 	/nix/store/n3rmmip6djs9s68zkazn1c6gsxbjg7fs-zulu-ca-jdk-21.0.8/Library/Java/JavaVirtualMachines/zulu-21.jdk/Contents/Home/lib/libosxui.dylib
0x000000028ca6a000 	/System/Library/PrivateFrameworks/TextInputUI.framework/Versions/A/TextInputUI
0x000000028ca9f000 	/System/Library/PrivateFrameworks/TextInputUIMacHelper.framework/Versions/A/TextInputUIMacHelper
0x00000001d5606000 	/System/Library/PrivateFrameworks/SafariPlatformSupport.framework/Versions/A/SafariPlatformSupport
0x000000024329e000 	/System/Library/Frameworks/OpenGL.framework/Versions/A/Resources/GLEngine.bundle/GLEngine
0x0000000243140000 	/System/Library/Frameworks/OpenGL.framework/Versions/A/Libraries/libGLProgrammability.dylib
0x00000003452e0000 	/System/Library/Extensions/AppleMetalOpenGLRenderer.bundle/Contents/MacOS/AppleMetalOpenGLRenderer
0x00000002433ff000 	/System/Library/Frameworks/OpenGL.framework/Versions/A/Resources/GLRendererFloat.bundle/GLRendererFloat
0x00000003451d8000 	/private/var/folders/0l/g6sywy1d5s138fm98j6g7b0h0000gn/T/lwjgl_abab/3.4.1+2/arm64/liblwjgl_opengl.dylib
0x000000028a6dd000 	/System/Library/PrivateFrameworks/SpotlightKnowledge.framework/Versions/A/SpotlightKnowledge
0x000000028a6c4000 	/System/Library/PrivateFrameworks/SpotlightEmbedding.framework/Versions/A/SpotlightEmbedding
0x00000001a4ec8000 	/System/Library/PrivateFrameworks/SpotlightLinguistics.framework/Versions/A/SpotlightLinguistics
0x000000028a891000 	/System/Library/PrivateFrameworks/SpotlightResources.framework/Versions/A/SpotlightResources
0x00000001d0557000 	/System/Library/PrivateFrameworks/DataDeliveryServices.framework/Versions/A/DataDeliveryServices
0x0000000251370000 	/System/Library/PrivateFrameworks/AccessibilityBundles.framework/Versions/A/AccessibilityBundles

JVMTI agents: none


VM Arguments:
java_command: /Users/abab/Desktop/flix_game_engine/bin/flix.jar run
java_class_path (initial): /Users/abab/Desktop/flix_game_engine/bin/flix.jar
Launcher Type: SUN_STANDARD

[Global flags]
     intx CICompilerCount                          = 4                                         {product} {ergonomic}
     uint ConcGCThreads                            = 2                                         {product} {ergonomic}
     uint G1ConcRefinementThreads                  = 8                                         {product} {ergonomic}
   size_t G1HeapRegionSize                         = 2097152                                   {product} {ergonomic}
    uintx GCDrainStackTargetSize                   = 64                                        {product} {ergonomic}
   size_t InitialHeapSize                          = 268435456                                 {product} {ergonomic}
   size_t MarkStackSize                            = 4194304                                   {product} {ergonomic}
   size_t MaxHeapSize                              = 4294967296                                {product} {ergonomic}
   size_t MaxNewSize                               = 2575302656                                {product} {ergonomic}
   size_t MinHeapDeltaBytes                        = 2097152                                   {product} {ergonomic}
   size_t MinHeapSize                              = 8388608                                   {product} {ergonomic}
    uintx NonNMethodCodeHeapSize                   = 5839564                                {pd product} {ergonomic}
    uintx NonProfiledCodeHeapSize                  = 122909338                              {pd product} {ergonomic}
    uintx ProfiledCodeHeapSize                     = 122909338                              {pd product} {ergonomic}
    uintx ReservedCodeCacheSize                    = 251658240                              {pd product} {ergonomic}
     bool SegmentedCodeCache                       = true                                      {product} {ergonomic}
   size_t SoftMaxHeapSize                          = 4294967296                             {manageable} {ergonomic}
     bool UseCompressedOops                        = true                           {product lp64_product} {ergonomic}
     bool UseG1GC                                  = true                                      {product} {ergonomic}
     bool UseNUMA                                  = false                                     {product} {ergonomic}
     bool UseNUMAInterleaving                      = false                                     {product} {ergonomic}

Logging:
Log output configuration:
 #0: stdout all=warning uptime,level,tags foldmultilines=false
 #1: stderr all=off uptime,level,tags foldmultilines=false

Environment Variables:
JAVA_HOME=/nix/store/n3rmmip6djs9s68zkazn1c6gsxbjg7fs-zulu-ca-jdk-21.0.8
CLASSPATH=
PATH=/Users/abab/Desktop/flix_game_engine/bin:/Users/abab/Desktop/flix_game_engine/.devbox/nix/profile/default/bin:/nix/store/s7qlr26bmc6n4r607scz8iiwcg6yg4ic-clang-wrapper-21.1.8/bin:/nix/store/6adskryjj6g2p508xjxp2x4iwyy15gsr-clang-21.1.8/bin:/nix/store/akih5l2yxpzqyh63xvyc6zsxl7kl2x4v-coreutils-9.10/bin:/nix/store/hwn7mviydmcdr2gw3zx30rcc0xi7k40c-cctools-binutils-darwin-wrapper-1010.6/bin:/nix/store/yppcv1v8rdm3086ykynmf7w5yy61v30b-cctools-binutils-darwin-1010.6/bin:/nix/store/930py6p7h4xw7fwys7y3hx7rkyqnpvqq-xcbuild-0.1.1-unstable-2019-11-20-xcrun/bin:/nix/store/a85h00app701vf0ggln0r97yayszvwkk-libiconv-109.100.2/bin:/nix/store/f9ik2jdvk6shdnzr4l8mibqdiqjd9chb-findutils-4.10.0/bin:/nix/store/hrkhhbx6v8fzwnizwvqh9h0yff5vcp75-diffutils-3.12/bin:/nix/store/m188brzrrd4f0jdiy495vz8pz75j5kpn-gnused-4.9/bin:/nix/store/mwj8nml055g8w0c2yq1apajcwrqgsg9q-gnugrep-3.12/bin:/nix/store/bvrbfzyimpjxwn679252bhbbccnb43nr-gawk-5.3.2/bin:/nix/store/k5q5hl5zhvvh9j2q9nr6wk8wx4f5rddv-gnutar-1.35/bin:/nix/store/fx6qvxgcvfpjhy5wr9hsvpkpjqw5zgf0-gzip-1.14/bin:/nix/store/4rqfrsyqp53wavnk86k4flm35vhagwjk-bzip2-1.0.8-bin/bin:/nix/store/y40n7jzzy9qydb120kxgbzi55mprbkfm-gnumake-4.4.1/bin:/nix/store/s0psayl7zvkvwdcqc8fy1sbv8rlf1yq8-bash-5.3p9/bin:/nix/store/jqcdmxsh8zk7bn1qcxwq3dwjjx4p7i0f-patch-2.8/bin:/nix/store/fc6w1zkl1klj979isgaag8a66jmpq1qs-xz-5.8.2-bin/bin:/nix/store/5n5ynvylwkjrblm2lpj3ns2qc821fvmi-file-5.45/bin:/Users/abab/Desktop/flix_game_engine/.devbox/virtenv/runx/bin:/Users/abab/google-cloud-sdk/bin:/Users/abab/.antigravity/antigravity/bin:/Users/abab/.nix-profile/bin:/etc/profiles/per-user/abab/bin:/run/current-system/sw/bin:/nix/var/nix/profiles/default/bin:/usr/local/bin:/usr/bin:/bin:/usr/sbin:/sbin:/Applications/Ghostty.app/Contents/MacOS
SHELL=/bin/zsh
LANG=en_US.UTF-8
TERM=xterm-ghostty
TMPDIR=/var/folders/0l/g6sywy1d5s138fm98j6g7b0h0000gn/T/

Active Locale:
LC_ALL=en_US.UTF-8
LC_COLLATE=en_US.UTF-8
LC_CTYPE=en_US.UTF-8
LC_MESSAGES=en_US.UTF-8
LC_MONETARY=en_US.UTF-8
LC_NUMERIC=en_US.UTF-8
LC_TIME=en_US.UTF-8

Signal Handlers:
   SIGSEGV: crash_handler in libjvm.dylib, mask=11100110000111110111111111111111, flags=SA_ONSTACK|SA_RESTART|SA_SIGINFO, unblocked
    SIGBUS: crash_handler in libjvm.dylib, mask=11100110000111110111111111111111, flags=SA_RESTART|SA_SIGINFO, unblocked
    SIGFPE: crash_handler in libjvm.dylib, mask=11100110000111110111111111111111, flags=SA_RESTART|SA_SIGINFO, unblocked
   SIGPIPE: javaSignalHandler in libjvm.dylib, mask=11100110000111110111111111111111, flags=SA_RESTART|SA_SIGINFO, blocked
   SIGXFSZ: javaSignalHandler in libjvm.dylib, mask=11100110000111110111111111111111, flags=SA_RESTART|SA_SIGINFO, blocked
    SIGILL: crash_handler in libjvm.dylib, mask=11100110000111110111111111111111, flags=SA_RESTART|SA_SIGINFO, unblocked
   SIGUSR2: SR_handler in libjvm.dylib, mask=00000000000000000000000000000000, flags=SA_RESTART|SA_SIGINFO, blocked
    SIGHUP: UserHandler in libjvm.dylib, mask=11100110000111110111111111111111, flags=SA_RESTART|SA_SIGINFO, blocked
    SIGINT: UserHandler in libjvm.dylib, mask=11100110000111110111111111111111, flags=SA_RESTART|SA_SIGINFO, blocked
   SIGTERM: UserHandler in libjvm.dylib, mask=11100110000111110111111111111111, flags=SA_RESTART|SA_SIGINFO, blocked
   SIGQUIT: UserHandler in libjvm.dylib, mask=11100110000111110111111111111111, flags=SA_RESTART|SA_SIGINFO, blocked
   SIGTRAP: crash_handler in libjvm.dylib, mask=11100110000111110111111111111111, flags=SA_RESTART|SA_SIGINFO, unblocked


Periodic native trim disabled

---------------  S Y S T E M  ---------------

OS:
uname: Darwin 25.3.0 Darwin Kernel Version 25.3.0: Wed Jan 28 20:56:34 PST 2026; root:xnu-12377.91.3~2/RELEASE_ARM64_T8112 arm64
OS uptime: 13 days 0:34 hours
rlimit (soft/hard): STACK 8176k/65520k , CORE 0k/infinity , NPROC 2666/4000 , NOFILE 1048576/infinity , AS infinity/infinity , CPU infinity/infinity , DATA infinity/infinity , FSIZE infinity/infinity , MEMLOCK infinity/infinity , RSS infinity/infinity
load average: 6.56 3.37 2.69

CPU: total 8 (initial active 8) 0x61:0x0:0xda33d83d:0, fp, asimd, aes, pmull, sha1, sha256, crc32, lse, sha3, sha512
machdep.cpu.brand_string:Apple M2
hw.cachelinesize:128
hw.l1icachesize:131072
hw.l1dcachesize:65536
hw.l2cachesize:4194304

Memory: 16k page, physical 16777216k(292144k free), swap 18874368k(687680k free)

vm_info: OpenJDK 64-Bit Server VM (21.0.8+9-LTS) for bsd-aarch64 JRE (21.0.8+9-LTS) (Zulu21.44+17-CA), built on 2025-06-30T16:45:37Z by "zulu_re" with clang Apple LLVM 14.0.3 (clang-1403.0.22.14.1)

END.
