#
# A fatal error has been detected by the Java Runtime Environment:
#
#  SIGBUS (0xa) at pc=0x0000000118557de8, pid=43219, tid=167743
#
# JRE version: OpenJDK Runtime Environment Zulu21.44+17-CA (21.0.8+9) (build 21.0.8+9-LTS)
# Java VM: OpenJDK 64-Bit Server VM Zulu21.44+17-CA (21.0.8+9-LTS, mixed mode, sharing, tiered, compressed oops, compressed class ptrs, g1 gc, bsd-aarch64)
# Problematic frame:
# J 18111  org.lwjgl.system.JNI.callPP(JJ)J (0 bytes) @ 0x0000000118557de8 [0x0000000118557d40+0x00000000000000a8]
#
# No core dump will be written. Core dumps have been disabled. To enable core dumping, try "ulimit -c unlimited" before starting Java again
#
# If you would like to submit a bug report, please visit:
#   http://www.azul.com/support/
# The crash happened outside the Java Virtual Machine in native code.
# See problematic frame for where to report the bug.
#

---------------  S U M M A R Y ------------

Command Line: /Users/abab/Desktop/flix_game_engine/bin/flix.jar run

Host: "Mac14,2" arm64, 8 cores, 16G, Darwin 25.3.0, macOS 26.3.1 (25D2128)
Time: Thu May 14 20:45:24 2026 JST elapsed time: 16.597429 seconds (0d 0h 0m 16s)

---------------  T H R E A D  ---------------

Current thread (0x0000000bc600c700):  JavaThread "ForkJoinPool-3-worker-2" daemon [_thread_in_native, id=167743, stack(0x00000001718bc000,0x0000000171abf000) (2060K)]

Stack: [0x00000001718bc000,0x0000000171abf000],  sp=0x0000000171abe260,  free space=2056k
Native frames: (J=compiled Java code, j=interpreted, Vv=VM code, C=native code)
J 18111  org.lwjgl.system.JNI.callPP(JJ)J (0 bytes) @ 0x0000000118557de8 [0x0000000118557d40+0x00000000000000a8]
j  org.lwjgl.system.jawt.JAWTFunctions.nJAWT_DrawingSurface_GetDrawingSurfaceInfo(JJ)J+13
j  org.lwjgl.system.jawt.JAWTFunctions.JAWT_DrawingSurface_GetDrawingSurfaceInfo(Lorg/lwjgl/system/jawt/JAWTDrawingSurface;J)Lorg/lwjgl/system/jawt/JAWTDrawingSurfaceInfo;+5
J 18128 c1 org.lwjgl.opengl.awt.PlatformMacOSXGLCanvas.makeCurrent(J)Z (171 bytes) @ 0x0000000111def2e0 [0x0000000111def040+0x00000000000002a0]
j  org.lwjgl.opengl.awt.AWTGLCanvas.beforeRender()V+78
j  org.lwjgl.opengl.awt.AWTGLCanvas.render()V+1
j  SwingLayer.Def$renderLoop.staticApply(Lorg/lwjgl/opengl/awt/AWTGLCanvas;[Z)Ldev/flix/runtime/Result$;+26
J 17628  jdk.internal.vm.Continuation.enterSpecial(Ljdk/internal/vm/Continuation;ZZ)V java.base@21.0.8 (0 bytes) @ 0x00000001184ec7a4 [0x00000001184ec6c0+0x00000000000000e4]
J 18247 c1 jdk.internal.vm.Continuation.run()V java.base@21.0.8 (586 bytes) @ 0x00000001102ad0dc [0x00000001102ac800+0x00000000000008dc]
J 18245 c1 java.lang.VirtualThread.runContinuation()V java.base@21.0.8 (132 bytes) @ 0x00000001101084d0 [0x0000000110108040+0x0000000000000490]
J 17903 c2 java.util.concurrent.ForkJoinTask$RunnableExecuteAction.exec()Z java.base@21.0.8 (11 bytes) @ 0x0000000118545f04 [0x0000000118545c40+0x00000000000002c4]
J 17833 c2 java.util.concurrent.ForkJoinPool.scan(Ljava/util/concurrent/ForkJoinPool$WorkQueue;II)I java.base@21.0.8 (263 bytes) @ 0x000000011852c35c [0x000000011852c140+0x000000000000021c]
j  java.util.concurrent.ForkJoinPool.runWorker(Ljava/util/concurrent/ForkJoinPool$WorkQueue;)V+35 java.base@21.0.8
j  java.util.concurrent.ForkJoinWorkerThread.run()V+31 java.base@21.0.8
v  ~StubRoutines::call_stub 0x00000001175cc154
V  [libjvm.dylib+0x4beba4]  JavaCalls::call_helper(JavaValue*, methodHandle const&, JavaCallArguments*, JavaThread*)+0x3e0
V  [libjvm.dylib+0x4bdad4]  JavaCalls::call_virtual(JavaValue*, Klass*, Symbol*, Symbol*, JavaCallArguments*, JavaThread*)+0x140
V  [libjvm.dylib+0x4bdba0]  JavaCalls::call_virtual(JavaValue*, Handle, Klass*, Symbol*, Symbol*, JavaThread*)+0x64
V  [libjvm.dylib+0x58f78c]  thread_entry(JavaThread*, JavaThread*)+0x9c
V  [libjvm.dylib+0x4d3294]  JavaThread::thread_main_inner()+0x98
V  [libjvm.dylib+0xa11940]  Thread::call_run()+0xc8
V  [libjvm.dylib+0x83254c]  thread_native_entry(Thread*)+0x118
C  [libsystem_pthread.dylib+0x6c08]  _pthread_start+0x88
Java frames: (J=compiled Java code, j=interpreted, Vv=VM code)
J 18111  org.lwjgl.system.JNI.callPP(JJ)J (0 bytes) @ 0x0000000118557de8 [0x0000000118557d40+0x00000000000000a8]
j  org.lwjgl.system.jawt.JAWTFunctions.nJAWT_DrawingSurface_GetDrawingSurfaceInfo(JJ)J+13
j  org.lwjgl.system.jawt.JAWTFunctions.JAWT_DrawingSurface_GetDrawingSurfaceInfo(Lorg/lwjgl/system/jawt/JAWTDrawingSurface;J)Lorg/lwjgl/system/jawt/JAWTDrawingSurfaceInfo;+5
J 18128 c1 org.lwjgl.opengl.awt.PlatformMacOSXGLCanvas.makeCurrent(J)Z (171 bytes) @ 0x0000000111def2e0 [0x0000000111def040+0x00000000000002a0]
j  org.lwjgl.opengl.awt.AWTGLCanvas.beforeRender()V+78
j  org.lwjgl.opengl.awt.AWTGLCanvas.render()V+1
j  SwingLayer.Def$renderLoop.staticApply(Lorg/lwjgl/opengl/awt/AWTGLCanvas;[Z)Ldev/flix/runtime/Result$;+26
J 17628  jdk.internal.vm.Continuation.enterSpecial(Ljdk/internal/vm/Continuation;ZZ)V java.base@21.0.8 (0 bytes) @ 0x00000001184ec7a4 [0x00000001184ec6c0+0x00000000000000e4]
J 18247 c1 jdk.internal.vm.Continuation.run()V java.base@21.0.8 (586 bytes) @ 0x00000001102ad0dc [0x00000001102ac800+0x00000000000008dc]
J 18245 c1 java.lang.VirtualThread.runContinuation()V java.base@21.0.8 (132 bytes) @ 0x00000001101084d0 [0x0000000110108040+0x0000000000000490]
J 17903 c2 java.util.concurrent.ForkJoinTask$RunnableExecuteAction.exec()Z java.base@21.0.8 (11 bytes) @ 0x0000000118545f04 [0x0000000118545c40+0x00000000000002c4]
J 17833 c2 java.util.concurrent.ForkJoinPool.scan(Ljava/util/concurrent/ForkJoinPool$WorkQueue;II)I java.base@21.0.8 (263 bytes) @ 0x000000011852c35c [0x000000011852c140+0x000000000000021c]
j  java.util.concurrent.ForkJoinPool.runWorker(Ljava/util/concurrent/ForkJoinPool$WorkQueue;)V+35 java.base@21.0.8
j  java.util.concurrent.ForkJoinWorkerThread.run()V+31 java.base@21.0.8
v  ~StubRoutines::call_stub 0x00000001175cc154

siginfo: si_signo: 10 (SIGBUS), si_code: 1 (BUS_ADRALN), si_addr: 0x0000000118557de8

Registers:
 x0=0x0000000bcedf6c10  x1=0x0000000fffffc110  x2=0x0000000000000072  x3=0x0000000703a004b0
 x4=0x0000000000000154  x5=0x000000000000001c  x6=0x00000001074f9000  x7=0x00000000000002c8
 x8=0x0000000000000001  x9=0x0000000000000000 x10=0x2010002030300000 x11=0x0000000000000004
x12=0x000000012d4eecb0 x13=0x0000000171abd285 x14=0x00000000000000e3 x15=0x0000000bcedf4000
x16=0x000000019eee49d0 x17=0x000000020c76ab38 x18=0x0000000000000000 x19=0x0000000171abe2c0
x20=0x0000000171abe2e0 x21=0x00000001075024a8 x22=0x000000012d0b25fd x23=0x0000000000000000
x24=0x0000000171abe378 x25=0x00000000e0384739 x26=0x000000012d0b3ce0 x27=0x00000000fffe0000
x28=0x0000000bc600c700  fp=0x0000000171abe2b0  lr=0x0000000118557de8  sp=0x0000000171abe260
pc=0x0000000118557de8 cpsr=0x0000000080001000

Register to memory mapping:

x0 =0x0000000bcedf6c10 points into unknown readable memory: 0x0000000000000000 | 00 00 00 00 00 00 00 00
x1 =0x0000000fffffc110 points into unknown readable memory: 0x2010002030300000 | 00 00 30 30 20 00 10 20
x2 =0x0000000000000072 is an unknown value
x3 =0x0000000703a004b0 is an oop: Anon$59135 
{0x0000000703a004b0} - klass: 'Anon$59135'
 - ---- fields (total size 31 words):
 - 'y' 'I' @12  8 (0x00000008)
 - 'eventMask' 'J' @16  4096 (0x0000000000001000)
 - 'width' 'I' @24  664 (0x00000298)
 - 'height' 'I' @28  712 (0x000002c8)
 - 'x' 'I' @32  8 (0x00000008)
 - private 'isFocusTraversableOverridden' 'I' @36  0 (0x00000000)
 - private 'boundsOp' 'I' @40  3 (0x00000003)
 - private 'componentSerializedDataVersion' 'I' @44  4 (0x00000004)
 - private volatile 'valid' 'Z' @48  true (0x01)
 - private 'focusable' 'Z' @49  true (0x01)
 - private transient 'coalescingEnabled' 'Z' @50  false (0x00)
 - private 'focusTraversalKeysEnabled' 'Z' @51  true (0x01)
 - 'minSizeSet' 'Z' @52  false (0x00)
 - 'prefSizeSet' 'Z' @53  false (0x00)
 - 'maxSizeSet' 'Z' @54  false (0x00)
 - 'newEventsOnly' 'Z' @55  true (0x01)
 - 'ignoreRepaint' 'Z' @56  false (0x00)
 - 'isPacked' 'Z' @57  false (0x00)
 - private 'autoFocusTransferOnDisposal' 'Z' @58  true (0x01)
 - private transient 'isAddNotifyComplete' 'Z' @59  true (0x01)
 - transient 'backgroundEraseDisabled' 'Z' @60  false (0x00)
 - 'visible' 'Z' @61  true (0x01)
 - 'enabled' 'Z' @62  true (0x01)
 - private 'nameExplicitlySet' 'Z' @63  false (0x00)
 - volatile transient 'peer' 'Ljava/awt/peer/ComponentPeer;' @64  a 'sun/lwawt/LWCanvasPeer'{0x0000000703a54408} (0xe074a881)
 - transient 'parent' 'Ljava/awt/Container;' @68  a 'javax/swing/JPanel'{0x0000000703a56e78} (0xe074adcf)
 - transient 'appContext' 'Lsun/awt/AppContext;' @72  a 'sun/awt/AppContext'{0x0000000701c07ab0} (0xe0380f56)
 - 'foreground' 'Ljava/awt/Color;' @76  null (0x00000000)
 - 'background' 'Ljava/awt/Color;' @80  null (0x00000000)
 - volatile 'font' 'Ljava/awt/Font;' @84  null (0x00000000)
 - 'peerFont' 'Ljava/awt/Font;' @88  a 'com/apple/laf/AquaFonts$DerivedUIResourceFont'{0x0000000701c02058} (0xe038040b)
 - 'cursor' 'Ljava/awt/Cursor;' @92  null (0x00000000)
 - 'locale' 'Ljava/util/Locale;' @96  null (0x00000000)
 - private volatile transient 'graphicsConfig' 'Ljava/awt/GraphicsConfiguration;' @100  a 'sun/java2d/metal/MTLGraphicsConfig'{0x0000000701c0f4a8} (0xe0381e95)
 - private transient 'bufferStrategy' 'Ljava/awt/image/BufferStrategy;' @104  null (0x00000000)
 - 'dropTarget' 'Ljava/awt/dnd/DropTarget;' @108  null (0x00000000)
 - 'popups' 'Ljava/util/Vector;' @112  null (0x00000000)
 - private 'name' 'Ljava/lang/String;' @116  null (0x00000000)
 - 'focusTraversalKeys' '[Ljava/util/Set;' @120  null (0x00000000)
 - private volatile transient 'acc' 'Ljava/security/AccessControlContext;' @124  a 'java/security/AccessControlContext'{0x0000000703a57110} (0xe074ae22)
 - 'minSize' 'Ljava/awt/Dimension;' @128  null (0x00000000)
 - 'prefSize' 'Ljava/awt/Dimension;' @132  null (0x00000000)
 - 'maxSize' 'Ljava/awt/Dimension;' @136  null (0x00000000)
 - transient 'componentOrientation' 'Ljava/awt/ComponentOrientation;' @140  a 'java/awt/ComponentOrientation'{0x0000000701c02370} (0xe038046e)
 - transient 'componentListener' 'Ljava/awt/event/ComponentListener;' @144  a 'org/lwjgl/opengl/awt/AWTGLCanvas$1'{0x0000000703a57158} (0xe074ae2b)
 - transient 'focusListener' 'Ljava/awt/event/FocusListener;' @148  null (0x00000000)
 - transient 'hierarchyListener' 'Ljava/awt/event/HierarchyListener;' @152  a 'org/lwjgl/opengl/awt/PlatformMacOSXGLCanvas$$Lambda+0x0000000301c8a6e8'{0x0000000703a57168} (0xe074ae2d)
 - transient 'hierarchyBoundsListener' 'Ljava/awt/event/HierarchyBoundsListener;' @156  null (0x00000000)
 - transient 'keyListener' 'Ljava/awt/event/KeyListener;' @160  null (0x00000000)
 - transient 'mouseListener' 'Ljava/awt/event/MouseListener;' @164  null (0x00000000)
 - transient 'mouseMotionListener' 'Ljava/awt/event/MouseMotionListener;' @168  null (0x00000000)
 - transient 'mouseWheelListener' 'Ljava/awt/event/MouseWheelListener;' @172  null (0x00000000)
 - transient 'inputMethodListener' 'Ljava/awt/event/InputMethodListener;' @176  null (0x00000000)
 - private 'changeSupport' 'Ljava/beans/PropertyChangeSupport;' @180  null (0x00000000)
 - private transient 'objectLock' 'Ljava/lang/Object;' @184  a 'java/lang/Object'{0x0000000703a571b8} (0xe074ae37)
 - private transient 'compoundShape' 'Lsun/java2d/pipe/Region;' @188  null (0x00000000)
 - private transient 'mixingCutoutRegion' 'Lsun/java2d/pipe/Region;' @192  null (0x00000000)
 - transient 'eventCache' '[Lsun/awt/EventQueueItem;' @196  a 'sun/awt/EventQueueItem'[5] {0x0000000703a571c8} (0xe074ae39)
 - protected 'accessibleContext' 'Ljavax/accessibility/AccessibleContext;' @200  null (0x00000000)
 - private 'framebufferWidth' 'I' @204  1328 (0x00000530)
 - protected 'context' 'J' @208  50708316160 (0x0000000bce738000)
 - private 'framebufferHeight' 'I' @216  1424 (0x00000590)
 - protected 'initCalled' 'Z' @220  true (0x01)
 - protected 'platformCanvas' 'Lorg/lwjgl/opengl/awt/PlatformGLCanvas;' @224  a 'org/lwjgl/opengl/awt/PlatformMacOSXGLCanvas'{0x0000000703a57178} (0xe074ae2f)
 - protected final 'data' 'Lorg/lwjgl/opengl/awt/GLData;' @228  a 'org/lwjgl/opengl/awt/GLData'{0x0000000703a571f0} (0xe074ae3e)
 - protected final 'effective' 'Lorg/lwjgl/opengl/awt/GLData;' @232  a 'org/lwjgl/opengl/awt/GLData'{0x0000000703a57260} (0xe074ae4c)
 - private final 'listener' 'Ljava/awt/event/ComponentListener;' @236  a 'org/lwjgl/opengl/awt/AWTGLCanvas$1'{0x0000000703a57158} (0xe074ae2b)
 - public 'clo0' 'LClo1$Obj$Obj;' @240  a 'Clo$sessionLoop$554830'{0x0000000703a572d0} (0xe074ae5a)
 - public 'clo1' 'LClo1$Obj$Obj;' @244  a 'Clo$sessionLoop$554834'{0x0000000703a57360} (0xe074ae6c)
x4 =0x0000000000000154 is an unknown value
x5 =0x000000000000001c is an unknown value
x6 =0x00000001074f9000: _ZN26ProtectionDomainCacheTable13_dead_entriesE+0 in /nix/store/n3rmmip6djs9s68zkazn1c6gsxbjg7fs-zulu-ca-jdk-21.0.8/Library/Java/JavaVirtualMachines/zulu-21.jdk/Contents/Home/lib/server/libjvm.dylib at 0x000000010679c000
x7 =0x00000000000002c8 is an unknown value
x8 =0x0000000000000001 is an unknown value
x9 =0x0 is null
x10=0x2010002030300000 is an unknown value
x11=0x0000000000000004 is an unknown value
x12={method} {0x000000012d4eecb0} 'getPointer' '()J' in 'sun/lwawt/macosx/CPlatformComponent'
x13=0x0000000171abd285 is pointing into the stack for thread: 0x0000000bc600c700
x14=0x00000000000000e3 is an unknown value
x15=0x0000000bcedf4000 points into unknown readable memory: 0x000000020b1a8b88 | 88 8b 1a 0b 02 00 00 00
x16=0x000000019eee49d0: pthread_jit_write_protect_np+0 in /usr/lib/system/libsystem_pthread.dylib at 0x000000019eedd000
x17=0x000000020c76ab38 points into unknown readable memory: 0x000000019ecda6b4 | b4 a6 cd 9e 01 00 00 00
x18=0x0 is null
x19=0x0000000171abe2c0 is pointing into the stack for thread: 0x0000000bc600c700
x20=0x0000000171abe2e0 is pointing into the stack for thread: 0x0000000bc600c700
x21=0x00000001075024a8: _ZN19TemplateInterpreter13_active_tableE+0 in /nix/store/n3rmmip6djs9s68zkazn1c6gsxbjg7fs-zulu-ca-jdk-21.0.8/Library/Java/JavaVirtualMachines/zulu-21.jdk/Contents/Home/lib/server/libjvm.dylib at 0x000000010679c000
x22=0x000000012d0b25fd is pointing into metadata
x23=0x0 is null
x24=0x0000000171abe378 is pointing into the stack for thread: 0x0000000bc600c700
x25=3761784633 is a compressed pointer to object: [Ljava.util.concurrent.ForkJoinTask; 
{0x0000000701c239c8} - klass: 'java/util/concurrent/ForkJoinTask'[]
 - length: 64
x26=0x000000012d0b3ce0 is pointing into metadata
x27=4294836224 is a compressed pointer to object: java.util.concurrent.ForkJoinTask$RunnableExecuteAction 
{0x00000007fff00000} - klass: 'java/util/concurrent/ForkJoinTask$RunnableExecuteAction'
 - ---- fields (total size 3 words):
 - volatile 'status' 'I' @12  262144 (0x00040000)
 - private volatile transient 'aux' 'Ljava/util/concurrent/ForkJoinTask$Aux;' @16  null (0x00000000)
 - final 'runnable' 'Ljava/lang/Runnable;' @20  a 'java/lang/VirtualThread$$Lambda+0x0000000301d2cc58'{0x0000000703a58fd8} (0xe074b1fb)
x28=0x0000000bc600c700 is a thread
 fp=0x0000000171abe2b0 is pointing into the stack for thread: 0x0000000bc600c700
 lr=0x0000000118557de8 is at entry_point+168 in (nmethod*)0x0000000118557b90
Compiled method (n/a) 16605 18111     n 0       org.lwjgl.system.JNI::callPP (native)
 total in heap  [0x0000000118557b90,0x0000000118557f20] = 912
 relocation     [0x0000000118557ce0,0x0000000118557d10] = 48
 main code      [0x0000000118557d40,0x0000000118557f04] = 452
 stub code      [0x0000000118557f04,0x0000000118557f08] = 4
 oops           [0x0000000118557f08,0x0000000118557f18] = 16
 metadata       [0x0000000118557f18,0x0000000118557f20] = 8
 sp=0x0000000171abe260 is pointing into the stack for thread: 0x0000000bc600c700

Top of Stack: (sp=0x0000000171abe260)
0x0000000171abe260:   0000000000000000 00000001175d0890
0x0000000171abe270:   000000000000000e 00000000e0740067
0x0000000171abe280:   0000000000000000 0000000000000000
0x0000000171abe290:   0000000000000000 0000000000000000
0x0000000171abe2a0:   0000000701cfd890 0000000000000000
0x0000000171abe2b0:   0000000171abe350 00000001175d1098
0x0000000171abe2c0:   0000000000000000 0000000000000000
0x0000000171abe2d0:   0000000000000000 0000000000000000
0x0000000171abe2e0:   00000001283689d8 0000000000000000
0x0000000171abe2f0:   0000000bced41860 0000000000000000
0x0000000171abe300:   0000000171abe300 000000012d0b25fd
0x0000000171abe310:   0000000000000005 000000012d0b3ce0
0x0000000171abe320:   0000000701cf07a8 0000000171abe2c0
0x0000000171abe330:   0000000000000000 000000012d0b2628
0x0000000171abe340:   0000000171abe2e0 0000000171abe340
0x0000000171abe350:   0000000171abe3d0 00000001175d1098
0x0000000171abe360:   00000001283689d8 0000000000000000
0x0000000171abe370:   0000000bced41860 0000000000000000
0x0000000171abe380:   0000000171abe380 000000012d0b26dd
0x0000000171abe390:   0000000000000006 000000012d0b3ce0
0x0000000171abe3a0:   0000000701cf07a8 0000000171abe340
0x0000000171abe3b0:   000000012d7bad18 000000012d0b2730
0x0000000171abe3c0:   0000000171abe360 0000000171abe410
0x0000000171abe3d0:   0000000171abe600 0000000111def2e0
0x0000000171abe3e0:   0000000000000000 0000000000000000
0x0000000171abe3f0:   00000001283689d8 0000000111def2e0
0x0000000171abe400:   0000000703a571a0 0000000000000000
0x0000000171abe410:   0000000171abe4b0 00000001175d1098
0x0000000171abe420:   00000001283693dc 0000000000000000
0x0000000171abe430:   0000000bced41860 0000000000000000
0x0000000171abe440:   0000000171abe440 000000012d0b2405
0x0000000171abe450:   0000000000000005 000000012d0b3ce0 

Instructions: (pc=0x0000000118557de8)
0x0000000118557ce8:   4f 07 e1 13 01 00 09 38 07 30 03 7c 4f 07 e1 13
0x0000000118557cf8:   01 00 13 38 0c 30 02 30 08 30 01 78 08 60 01 78
0x0000000118557d08:   0e 60 00 00 00 00 00 00 00 00 00 00 00 00 00 00
0x0000000118557d18:   00 00 00 00 00 00 00 00 00 00 00 00 00 00 00 00
0x0000000118557d28:   00 00 00 00 00 00 00 00 00 00 00 00 00 00 00 00
0x0000000118557d38:   00 00 00 00 00 00 00 00 28 08 40 b9 3f 01 08 6b
0x0000000118557d48:   40 00 00 54 4d c0 c2 17 1f 20 03 d5 e9 53 40 d1
0x0000000118557d58:   3f 01 00 f9 fd 7b bf a9 fd 03 00 91 ff 43 01 d1
0x0000000118557d68:   28 01 00 18 89 23 40 b9 1f 01 09 eb e0 00 00 54
0x0000000118557d78:   08 30 83 d2 28 ec a2 f2 28 00 c0 f2 00 01 3f d6
0x0000000118557d88:   02 00 00 14 24 00 00 00 e3 03 02 aa e2 03 01 aa
0x0000000118557d98:   01 12 9b d2 e1 39 a0 f2 e1 00 c0 f2 e1 23 00 f9
0x0000000118557da8:   e1 03 01 91 e8 01 00 10 88 d7 01 f9 e8 03 00 91
0x0000000118557db8:   88 d3 01 f9 c8 7c f7 d0 08 85 4f 39 88 06 00 35
0x0000000118557dc8:   80 03 0f 91 e8 03 7e b2 89 33 11 91 28 fd 9f 88
0x0000000118557dd8:   88 77 8b d2 c8 ce a0 f2 28 00 c0 f2 00 01 3f d6
0x0000000118557de8:   a8 00 80 d2 88 4f 04 b9 bf 3b 03 d5 88 43 11 91
0x0000000118557df8:   08 fd df c8 bf 03 08 eb a8 03 00 54 88 4b 44 b9
0x0000000118557e08:   68 03 00 35 e8 03 7d b2 89 33 11 91 28 fd 9f 88
0x0000000118557e18:   88 23 53 39 1f 09 00 71 c0 01 00 54 c8 7c f7 d0
0x0000000118557e28:   08 85 4f 39 28 05 00 35 9f d3 01 f9 9f d7 01 f9
0x0000000118557e38:   82 1b 42 f9 5f 80 00 f9 bf 03 00 91 fd 7b c1 a8
0x0000000118557e48:   88 07 40 f9 48 00 00 b5 c0 03 5f d6 8b d0 c1 17
0x0000000118557e58:   a0 83 1f f8 08 bf 95 d2 c8 e0 a0 f2 28 00 c0 f2
0x0000000118557e68:   00 01 3f d6 a0 83 5f f8 ed ff ff 17 a0 83 1f f8
0x0000000118557e78:   e0 03 1c aa 08 bb 80 d2 e8 d8 a0 f2 28 00 c0 f2
0x0000000118557e88:   00 01 3f d6 a0 83 5f f8 df ff ff 17 e1 0b be a9
0x0000000118557e98:   e3 7f 01 a9 01 85 81 d2 e1 a0 a5 f2 21 00 c0 f2
0x0000000118557ea8:   e0 03 1c aa e8 33 bf a9 88 6d 91 d2 c8 e0 a0 f2
0x0000000118557eb8:   28 00 c0 f2 00 01 3f d6 e8 33 c1 a8 e3 7f 41 a9
0x0000000118557ec8:   e1 0b c2 a8 bf ff ff 17 a0 83 1f f8 01 85 81 d2
0x0000000118557ed8:   e1 a0 a5 f2 21 00 c0 f2 e0 03 1c aa e8 33 bf a9 


Stack slot to memory mapping:

stack at sp + 0 slots: 0x0 is null
stack at sp + 1 slots: 0x00000001175d0890 is at code_begin+-112 in 
[CodeBlob (0x00000001175d0890)]
Framesize: 0
BufferBlob (0x00000001175d0890) used for Interpreter
stack at sp + 2 slots: 0x000000000000000e is an unknown value
stack at sp + 3 slots: 3765698663 is a compressed pointer to object: [Z 
{0x0000000703a00338} - klass: {type array bool}
 - length: 1
stack at sp + 4 slots: 0x0 is null
stack at sp + 5 slots: 0x0 is null
stack at sp + 6 slots: 0x0 is null
stack at sp + 7 slots: 0x0 is null


Compiled method (n/a) 16610 18111     n 0       org.lwjgl.system.JNI::callPP (native)
 total in heap  [0x0000000118557b90,0x0000000118557f20] = 912
 relocation     [0x0000000118557ce0,0x0000000118557d10] = 48
 main code      [0x0000000118557d40,0x0000000118557f04] = 452
 stub code      [0x0000000118557f04,0x0000000118557f08] = 4
 oops           [0x0000000118557f08,0x0000000118557f18] = 16
 metadata       [0x0000000118557f18,0x0000000118557f20] = 8

[Constant Pool (empty)]

[MachCode]
[Entry Point]
  # {method} {0x000000012d070c28} 'callPP' '(JJ)J' in 'org/lwjgl/system/JNI'
  # parm0:    c_rarg1:c_rarg1 
                        = long
  # parm1:    c_rarg2:c_rarg2 
                        = long
  #           [sp+0x60]  (sp of caller)
  0x0000000118557d40: 2808 40b9 | 3f01 086b | 4000 0054 

  0x0000000118557d4c: ;   {runtime_call ic_miss_stub}
  0x0000000118557d4c: 4dc0 c217 
[Verified Entry Point]
  0x0000000118557d50: 1f20 03d5 | e953 40d1 | 3f01 00f9 | fd7b bfa9 | fd03 0091 | ff43 01d1 | 2801 0018 | 8923 40b9 
  0x0000000118557d70: 1f01 09eb | e000 0054 | 0830 83d2 | 28ec a2f2 | 2800 c0f2 | 0001 3fd6 | 0200 0014 | 2400 0000 
  0x0000000118557d90: e303 02aa | e203 01aa 

  0x0000000118557d98: ;   {oop(a 'java/lang/Class'{0x0000000701cfd890} = 'org/lwjgl/system/JNI')}
  0x0000000118557d98: 0112 9bd2 | e139 a0f2 | e100 c0f2 | e123 00f9 | e103 0191 | e801 0010 | 88d7 01f9 | e803 0091 
  0x0000000118557db8: 88d3 01f9 

  0x0000000118557dbc: ;   {external_word}
  0x0000000118557dbc: c87c f7d0 | 0885 4f39 | 8806 0035 | 8003 0f91 | e803 7eb2 | 8933 1191 | 28fd 9f88 

  0x0000000118557dd8: ;   {runtime_call}
  0x0000000118557dd8: 8877 8bd2 | c8ce a0f2 | 2800 c0f2 | 0001 3fd6 | a800 80d2 | 884f 04b9 | bf3b 03d5 | 8843 1191 
  0x0000000118557df8: 08fd dfc8 | bf03 08eb | a803 0054 | 884b 44b9 | 6803 0035 | e803 7db2 | 8933 1191 | 28fd 9f88 
  0x0000000118557e18: 8823 5339 | 1f09 0071 | c001 0054 

  0x0000000118557e24: ;   {external_word}
  0x0000000118557e24: c87c f7d0 | 0885 4f39 | 2805 0035 | 9fd3 01f9 | 9fd7 01f9 | 821b 42f9 | 5f80 00f9 | bf03 0091 
  0x0000000118557e44: fd7b c1a8 | 8807 40f9 | 4800 00b5 | c003 5fd6 

  0x0000000118557e54: ;   {runtime_call StubRoutines (initial stubs)}
  0x0000000118557e54: 8bd0 c117 | a083 1ff8 

  0x0000000118557e5c: ;   {runtime_call SharedRuntime::reguard_yellow_pages()}
  0x0000000118557e5c: 08bf 95d2 | c8e0 a0f2 | 2800 c0f2 | 0001 3fd6 | a083 5ff8 | edff ff17 | a083 1ff8 | e003 1caa 
  0x0000000118557e7c: ;   {runtime_call JavaThread::check_special_condition_for_native_trans(JavaThread*)}
  0x0000000118557e7c: 08bb 80d2 | e8d8 a0f2 | 2800 c0f2 | 0001 3fd6 | a083 5ff8 | dfff ff17 | e10b bea9 | e37f 01a9 
  0x0000000118557e9c: ;   {metadata({method} {0x000000012d070c28} 'callPP' '(JJ)J' in 'org/lwjgl/system/JNI')}
  0x0000000118557e9c: 0185 81d2 | e1a0 a5f2 | 2100 c0f2 | e003 1caa | e833 bfa9 | 886d 91d2 | c8e0 a0f2 | 2800 c0f2 
  0x0000000118557ebc: 0001 3fd6 | e833 c1a8 | e37f 41a9 | e10b c2a8 | bfff ff17 | a083 1ff8 

  0x0000000118557ed4: ;   {metadata({method} {0x000000012d070c28} 'callPP' '(JJ)J' in 'org/lwjgl/system/JNI')}
  0x0000000118557ed4: 0185 81d2 | e1a0 a5f2 | 2100 c0f2 | e003 1caa | e833 bfa9 | 088b 91d2 | c8e0 a0f2 | 2800 c0f2 
  0x0000000118557ef4: 0001 3fd6 | e833 c1a8 | a083 5ff8 | ccff ff17 
[Stub Code]
  0x0000000118557f04: 0000 0000 
[/MachCode]


Compiled method (c1) 16614 18128   !   3       org.lwjgl.opengl.awt.PlatformMacOSXGLCanvas::makeCurrent (171 bytes)
 total in heap  [0x0000000111deeb90,0x0000000111df16e8] = 11096
 relocation     [0x0000000111deece0,0x0000000111def040] = 864
 main code      [0x0000000111def040,0x0000000111df09a8] = 6504
 stub code      [0x0000000111df09a8,0x0000000111df0bc0] = 536
 oops           [0x0000000111df0bc0,0x0000000111df0bd0] = 16
 metadata       [0x0000000111df0bd0,0x0000000111df0d70] = 416
 scopes data    [0x0000000111df0d70,0x0000000111df11c8] = 1112
 scopes pcs     [0x0000000111df11c8,0x0000000111df1558] = 912
 dependencies   [0x0000000111df1558,0x0000000111df1570] = 24
 handler table  [0x0000000111df1570,0x0000000111df1690] = 288
 nul chk table  [0x0000000111df1690,0x0000000111df16e8] = 88

[Constant Pool (empty)]

[MachCode]
[Entry Point]
  # {method} {0x000000012d0a9c10} 'makeCurrent' '(J)Z' in 'org/lwjgl/opengl/awt/PlatformMacOSXGLCanvas'
  # this:     c_rarg1:c_rarg1 
                        = 'org/lwjgl/opengl/awt/PlatformMacOSXGLCanvas'
  # parm0:    c_rarg2:c_rarg2 
                        = long
  #           [sp+0x160]  (sp of caller)
  0x0000000111def040: 2808 40b9 | 3f01 086b | c001 0054 

  0x0000000111def04c: ;   {runtime_call ic_miss_stub}
  0x0000000111def04c: 8d63 6015 | 1f20 03d5 | 1f20 03d5 | 1f20 03d5 | 1f20 03d5 | 1f20 03d5 | 1f20 03d5 | 1f20 03d5 
  0x0000000111def06c: 1f20 03d5 | 1f20 03d5 | 1f20 03d5 | 1f20 03d5 | 1f20 03d5 
[Verified Entry Point]
  0x0000000111def080: 1f20 03d5 | e953 40d1 | 3f01 00f9 | ff83 05d1 | fd7b 15a9 | 2801 0018 | 8923 40b9 | 1f01 09eb 
  0x0000000111def0a0: e000 0054 | 0830 83d2 | 28ec a2f2 | 2800 c0f2 | 0001 3fd6 | 0200 0014 | 2400 0000 | e207 0da9 
  0x0000000111def0c0: ;   {metadata(method data for {method} {0x000000012d0a9c10} 'makeCurrent' '(J)Z' in 'org/lwjgl/opengl/awt/PlatformMacOSXGLCanvas')}
  0x0000000111def0c0: 006c 94d2 | 60af a5f2 | 2000 c0f2 | 03ac 40b9 | 6308 0011 | 03ac 00b9 | 6324 1f12 | 7f00 0071 
  0x0000000111def0e0: 00a9 0054 

  0x0000000111def0e4: ;   {metadata(method data for {method} {0x000000012d0a9c10} 'makeCurrent' '(J)Z' in 'org/lwjgl/opengl/awt/PlatformMacOSXGLCanvas')}
  0x0000000111def0e4: 006c 94d2 | 60af a5f2 | 2000 c0f2 | 0878 40f9 | 0805 0091 | 0878 00f9 | e103 02aa 

  0x0000000111def100: ; ImmutableOopMap {[216]=Oop }
                      ;*invokestatic CGLSetCurrentContext {reexecute=0 rethrow=0 return_oop=0}
                      ; - org.lwjgl.opengl.awt.PlatformMacOSXGLCanvas::makeCurrent@1 (line 422)
                      ;   {static_call}
  0x0000000111def100: f009 0094 

  0x0000000111def104: ;   {other}
  0x0000000111def104: 1f20 03d5 | 9fae 80f2 | 1f00 80f2 | e26b 40f9 | 5f00 00f1 

  0x0000000111def118: ;   {metadata(method data for {method} {0x000000012d0a9c10} 'makeCurrent' '(J)Z' in 'org/lwjgl/opengl/awt/PlatformMacOSXGLCanvas')}
  0x0000000111def118: 016c 94d2 | 61af a5f2 | 2100 c0f2 | e803 78b2 | 0922 80d2 | 0001 899a | 2268 60f8 | 4204 0091 
  0x0000000111def138: 2268 20f8 | 409d 0054 | e16f 40f9 | 201c 40b9 | 00f0 7dd3 

  0x0000000111def14c: ; implicit exception: dispatches to 0x0000000111df0620
  0x0000000111def14c: 1f00 40f9 | e203 00aa 

  0x0000000111def154: ;   {metadata(method data for {method} {0x000000012d0a9c10} 'makeCurrent' '(J)Z' in 'org/lwjgl/opengl/awt/PlatformMacOSXGLCanvas')}
  0x0000000111def154: 036c 94d2 | 63af a5f2 | 2300 c0f2 

  0x0000000111def160: ;   {metadata('org/lwjgl/system/jawt/JAWTDrawingSurface')}
  0x0000000111def160: 088a 94d2 | 0839 a0f2 | 6800 c0f2 | 69c0 0491 | 2801 00f9 | 689c 40f9 | 0805 0091 | 689c 00f9 
  0x0000000111def180: ;   {metadata(method data for {method} {0x000000012d0cf2b8} 'GetDrawingSurfaceInfo' '()J' in 'org/lwjgl/system/jawt/JAWTDrawingSurface')}
  0x0000000111def180: 0225 95d2 | 62af a5f2 | 2200 c0f2 | 43ac 40b9 | 6308 0011 | 43ac 00b9 | 634c 1f12 | 7f00 0071 
  0x0000000111def1a0: 20a4 0054 | e203 00aa 

  0x0000000111def1a8: ;   {metadata(method data for {method} {0x000000012d0cf2b8} 'GetDrawingSurfaceInfo' '()J' in 'org/lwjgl/system/jawt/JAWTDrawingSurface')}
  0x0000000111def1a8: 0325 95d2 | 63af a5f2 | 2300 c0f2 | 4208 40b9 | 4204 60d2 | 6900 0491 | 2801 40f9 | 5f00 08eb 
  0x0000000111def1c8: a100 0054 | 6884 40f9 | 0805 0091 | 6884 00f9 | 1c00 0014 | 6940 0491 | 2801 40f9 | 5f00 08eb 
  0x0000000111def1e8: a100 0054 | 688c 40f9 | 0805 0091 | 688c 00f9 | 1400 0014 | 6900 0491 | 2801 40f9 | c800 00b5 
  0x0000000111def208: 2201 00f9 | e803 40b2 | 6920 0491 | 2801 00f9 | 0c00 0014 | 6940 0491 | 2801 40f9 | c800 00b5 
  0x0000000111def228: 2201 00f9 | e803 40b2 | 6960 0491 | 2801 00f9 | 0400 0014 | 6878 40f9 | 0805 0091 | 6878 00f9 
  0x0000000111def248: 0208 40f9 

  0x0000000111def24c: ;   {metadata(method data for {method} {0x000000012d0cf2b8} 'GetDrawingSurfaceInfo' '()J' in 'org/lwjgl/system/jawt/JAWTDrawingSurface')}
  0x0000000111def24c: 0325 95d2 | 63af a5f2 | 2300 c0f2 | 6894 40f9 | 0805 0091 | 6894 00f9 

  0x0000000111def264: ;   {metadata(method data for {method} {0x000000012d0cfb10} 'nGetDrawingSurfaceInfo' '(J)J' in 'org/lwjgl/system/jawt/JAWTDrawingSurface')}
  0x0000000111def264: 0354 95d2 | 63af a5f2 | 2300 c0f2 | 64ac 40b9 | 8408 0011 | 64ac 00b9 | 844c 1f12 | 9f00 0071 
  0x0000000111def284: 009e 0054 

  0x0000000111def288: ;   {metadata(method data for {method} {0x000000012d0cfb10} 'nGetDrawingSurfaceInfo' '(J)J' in 'org/lwjgl/system/jawt/JAWTDrawingSurface')}
  0x0000000111def288: 0354 95d2 | 63af a5f2 | 2300 c0f2 | 6878 40f9 | 0805 0091 | 6878 00f9 | 4260 0091 | e103 02aa 
  0x0000000111def2a8: e073 00f9 

  0x0000000111def2ac: ; ImmutableOopMap {[216]=Oop [224]=Oop }
                      ;*invokestatic memGetAddress {reexecute=0 rethrow=0 return_oop=0}
                      ; - org.lwjgl.system.jawt.JAWTDrawingSurface::nGetDrawingSurfaceInfo@6 (line 143)
                      ; - org.lwjgl.system.jawt.JAWTDrawingSurface::GetDrawingSurfaceInfo@4 (line 99)
                      ; - org.lwjgl.opengl.awt.PlatformMacOSXGLCanvas::makeCurrent@19 (line 424)
                      ;   {static_call}
  0x0000000111def2ac: 154b 9d95 

  0x0000000111def2b0: ;   {other}
  0x0000000111def2b0: 1f20 03d5 | 1fe4 80f2 | 1f20 80f2 

  0x0000000111def2bc: ;   {metadata(method data for {method} {0x000000012d0a9c10} 'makeCurrent' '(J)Z' in 'org/lwjgl/opengl/awt/PlatformMacOSXGLCanvas')}
  0x0000000111def2bc: 016c 94d2 | 61af a5f2 | 2100 c0f2 | 28ac 40f9 | 0805 0091 | 28ac 00f9 | e173 40f9 | e203 00aa 
  0x0000000111def2dc: ; ImmutableOopMap {[216]=Oop }
                      ;*invokestatic JAWT_DrawingSurface_GetDrawingSurfaceInfo {reexecute=0 rethrow=0 return_oop=0}
                      ; - org.lwjgl.opengl.awt.PlatformMacOSXGLCanvas::makeCurrent@22 (line 424)
                      ;   {static_call}
  0x0000000111def2dc: 0306 0094 

  0x0000000111def2e0: ;   {other}
  0x0000000111def2e0: 1f20 03d5 | 1fea 80f2 | 1f40 80f2 | e077 00f9 

  0x0000000111def2f0: ; implicit exception: dispatches to 0x0000000111df0664
  0x0000000111def2f0: 1f00 40f9 | e203 00aa 

  0x0000000111def2f8: ;   {metadata(method data for {method} {0x000000012d0a9c10} 'makeCurrent' '(J)Z' in 'org/lwjgl/opengl/awt/PlatformMacOSXGLCanvas')}
  0x0000000111def2f8: 036c 94d2 | 63af a5f2 | 2300 c0f2 

  0x0000000111def304: ;   {metadata('org/lwjgl/system/jawt/JAWTDrawingSurfaceInfo')}
  0x0000000111def304: 0823 95d2 | 0839 a0f2 | 6800 c0f2 | 69e0 0591 | 2801 00f9 | 68c0 40f9 | 0805 0091 | 68c0 00f9 
  0x0000000111def324: ;   {metadata(method data for {method} {0x000000012d708458} 'bounds' '()Lorg/lwjgl/system/jawt/JAWTRectangle;' in 'org/lwjgl/system/jawt/JAWTDrawingSurfaceInfo')}
  0x0000000111def324: 02be 93d2 | 62af a5f2 | 2200 c0f2 | 43ac 40b9 | 6308 0011 | 43ac 00b9 | 634c 1f12 | 7f00 0071 
  0x0000000111def344: 2099 0054 | e203 00aa 

  0x0000000111def34c: ;   {metadata(method data for {method} {0x000000012d708458} 'bounds' '()Lorg/lwjgl/system/jawt/JAWTRectangle;' in 'org/lwjgl/system/jawt/JAWTDrawingSurfaceInfo')}
  0x0000000111def34c: 03be 93d2 | 63af a5f2 | 2300 c0f2 | 4208 40b9 | 4204 60d2 | 6900 0491 | 2801 40f9 | 5f00 08eb 
  0x0000000111def36c: a100 0054 | 6884 40f9 | 0805 0091 | 6884 00f9 | 1c00 0014 | 6940 0491 | 2801 40f9 | 5f00 08eb 
  0x0000000111def38c: a100 0054 | 688c 40f9 | 0805 0091 | 688c 00f9 | 1400 0014 | 6900 0491 | 2801 40f9 | c800 00b5 
  0x0000000111def3ac: 2201 00f9 | e803 40b2 | 6920 0491 | 2801 00f9 | 0c00 0014 | 6940 0491 | 2801 40f9 | c800 00b5 
  0x0000000111def3cc: 2201 00f9 | e803 40b2 | 6960 0491 | 2801 00f9 | 0400 0014 | 6878 40f9 | 0805 0091 | 6878 00f9 
  0x0000000111def3ec: 0208 40f9 

  0x0000000111def3f0: ;   {metadata(method data for {method} {0x000000012d708458} 'bounds' '()Lorg/lwjgl/system/jawt/JAWTRectangle;' in 'org/lwjgl/system/jawt/JAWTDrawingSurfaceInfo')}
  0x0000000111def3f0: 03be 93d2 | 63af a5f2 | 2300 c0f2 | 6894 40f9 | 0805 0091 | 6894 00f9 

  0x0000000111def408: ;   {metadata(method data for {method} {0x000000012d708bf0} 'nbounds' '(J)Lorg/lwjgl/system/jawt/JAWTRectangle;' in 'org/lwjgl/system/jawt/JAWTDrawingSurfaceInfo')}
  0x0000000111def408: 03ed 93d2 | 63af a5f2 | 2300 c0f2 | 64ac 40b9 | 8408 0011 | 64ac 00b9 | 844c 1f12 | 9f00 0071 
  0x0000000111def428: 0093 0054 

  0x0000000111def42c: ;   {metadata(method data for {method} {0x000000012d708bf0} 'nbounds' '(J)Lorg/lwjgl/system/jawt/JAWTRectangle;' in 'org/lwjgl/system/jawt/JAWTDrawingSurfaceInfo')}
  0x0000000111def42c: 03ed 93d2 | 63af a5f2 | 2300 c0f2 | 6878 40f9 | 0805 0091 | 6878 00f9 | e303 7cb2 | 4200 038b 
  0x0000000111def44c: e103 02aa | e37b 00f9 

  0x0000000111def454: ; ImmutableOopMap {[216]=Oop [232]=Oop }
                      ;*invokestatic create {reexecute=0 rethrow=0 return_oop=0}
                      ; - org.lwjgl.system.jawt.JAWTDrawingSurfaceInfo::nbounds@6 (line 134)
                      ; - org.lwjgl.system.jawt.JAWTDrawingSurfaceInfo::bounds@4 (line 92)
                      ; - org.lwjgl.opengl.awt.PlatformMacOSXGLCanvas::makeCurrent@27 (line 426)
                      ;   {static_call}
  0x0000000111def454: 5b4d 9897 

  0x0000000111def458: ;   {other}
  0x0000000111def458: 1f20 03d5 | 1f19 81f2 | 1f60 80f2 

  0x0000000111def464: ; implicit exception: dispatches to 0x0000000111df06a8
  0x0000000111def464: 1f00 40f9 | e103 00aa 

  0x0000000111def46c: ;   {metadata(method data for {method} {0x000000012d0a9c10} 'makeCurrent' '(J)Z' in 'org/lwjgl/opengl/awt/PlatformMacOSXGLCanvas')}
  0x0000000111def46c: 026c 94d2 | 62af a5f2 | 2200 c0f2 

  0x0000000111def478: ;   {metadata('org/lwjgl/system/jawt/JAWTRectangle')}
  0x0000000111def478: 0875 95d2 | 0839 a0f2 | 6800 c0f2 | 49c0 0691 | 2801 00f9 | 48dc 40f9 | 0805 0091 | 48dc 00f9 
  0x0000000111def498: ;   {metadata(method data for {method} {0x000000012d709e98} 'width' '()I' in 'org/lwjgl/system/jawt/JAWTRectangle')}
  0x0000000111def498: 01b0 95d2 | 61af a5f2 | 2100 c0f2 | 22ac 40b9 | 4208 0011 | 22ac 00b9 | 424c 1f12 | 5f00 0071 
  0x0000000111def4b8: a08f 0054 | e103 00aa 

  0x0000000111def4c0: ;   {metadata(method data for {method} {0x000000012d709e98} 'width' '()I' in 'org/lwjgl/system/jawt/JAWTRectangle')}
  0x0000000111def4c0: 02b0 95d2 | 62af a5f2 | 2200 c0f2 | 2108 40b9 | 2104 60d2 | 4900 0491 | 2801 40f9 | 3f00 08eb 
  0x0000000111def4e0: a100 0054 | 4884 40f9 | 0805 0091 | 4884 00f9 | 1c00 0014 | 4940 0491 | 2801 40f9 | 3f00 08eb 
  0x0000000111def500: a100 0054 | 488c 40f9 | 0805 0091 | 488c 00f9 | 1400 0014 | 4900 0491 | 2801 40f9 | c800 00b5 
  0x0000000111def520: 2101 00f9 | e803 40b2 | 4920 0491 | 2801 00f9 | 0c00 0014 | 4940 0491 | 2801 40f9 | c800 00b5 
  0x0000000111def540: 2101 00f9 | e803 40b2 | 4960 0491 | 2801 00f9 | 0400 0014 | 4878 40f9 | 0805 0091 | 4878 00f9 
  0x0000000111def560: 0108 40f9 

  0x0000000111def564: ;   {metadata(method data for {method} {0x000000012d709e98} 'width' '()I' in 'org/lwjgl/system/jawt/JAWTRectangle')}
  0x0000000111def564: 00b0 95d2 | 60af a5f2 | 2000 c0f2 | 0894 40f9 | 0805 0091 | 0894 00f9 

  0x0000000111def57c: ;   {metadata(method data for {method} {0x000000012d70b2d8} 'nwidth' '(J)I' in 'org/lwjgl/system/jawt/JAWTRectangle')}
  0x0000000111def57c: 00df 95d2 | 60af a5f2 | 2000 c0f2 | 02ac 40b9 | 4208 0011 | 02ac 00b9 | 424c 1f12 | 5f00 0071 
  0x0000000111def59c: 8089 0054 

  0x0000000111def5a0: ;   {metadata(method data for {method} {0x000000012d70b2d8} 'nwidth' '(J)I' in 'org/lwjgl/system/jawt/JAWTRectangle')}
  0x0000000111def5a0: 00df 95d2 | 60af a5f2 | 2000 c0f2 | 0878 40f9 | 0805 0091 | 0878 00f9 | 2120 0091 

  0x0000000111def5bc: ;   {metadata(method data for {method} {0x000000012ae08d70} 'memGetInt' '(J)I' in 'org/lwjgl/system/MemoryUtil')}
  0x0000000111def5bc: 003b 94d2 | 60af a5f2 | 2000 c0f2 | 02ac 40b9 | 4208 0011 | 02ac 00b9 | 424c 1f12 | 5f00 0071 
  0x0000000111def5dc: 8088 0054 

  0x0000000111def5e0: ;   {metadata(method data for {method} {0x000000012ae08d70} 'memGetInt' '(J)I' in 'org/lwjgl/system/MemoryUtil')}
  0x0000000111def5e0: 003b 94d2 | 60af a5f2 | 2000 c0f2 | 00a0 0491 | e203 1faa | 4200 00b5 | 1600 0014 | 4208 40b9 
  0x0000000111def600: 4204 60d2 | 0904 40f9 | 4200 09ca | 48f4 7e92 | 0802 00b4 | e201 0837 | a901 00b4 | 3f05 00f1 
  0x0000000111def620: 6001 0054 | bf39 03d5 | 4200 09ca | 0904 40f9 | 4200 09ca | 48f4 7e92 | c800 00b4 | 0904 40f9 
  0x0000000111def640: 2901 7fb2 | 0904 00f9 | 0200 0014 | 0204 00f9 

  0x0000000111def650: ;   {oop(a 'sun/misc/Unsafe'{0x0000000701d324d0})}
  0x0000000111def650: 009a 84d2 | 603a a0f2 | e000 c0f2 | e203 00aa 

  0x0000000111def660: ;   {metadata(method data for {method} {0x000000012ae08d70} 'memGetInt' '(J)I' in 'org/lwjgl/system/MemoryUtil')}
  0x0000000111def660: 033b 94d2 | 63af a5f2 | 2300 c0f2 | 6878 40f9 | 0805 0091 | 6878 00f9 

  0x0000000111def678: ;   {metadata(method data for {method} {0x000000012d12f1f0} 'getInt' '(Ljava/lang/Object;J)I' in 'sun/misc/Unsafe')}
  0x0000000111def678: 02f2 98d2 | c2b2 a5f2 | 2200 c0f2 | 43ac 40b9 | 6308 0011 | 43ac 00b9 | 634c 1f12 | 7f00 0071 
  0x0000000111def698: a083 0054 | e203 1faa | 4268 61b8 | e203 01b9 | e177 40f9 

  0x0000000111def6ac: ;   {metadata(method data for {method} {0x000000012d0a9c10} 'makeCurrent' '(J)Z' in 'org/lwjgl/opengl/awt/PlatformMacOSXGLCanvas')}
  0x0000000111def6ac: 036c 94d2 | 63af a5f2 | 2300 c0f2 

  0x0000000111def6b8: ;   {metadata('org/lwjgl/system/jawt/JAWTDrawingSurfaceInfo')}
  0x0000000111def6b8: 0823 95d2 | 0839 a0f2 | 6800 c0f2 | 69a0 0791 | 2801 00f9 | 68f8 40f9 | 0805 0091 | 68f8 00f9 
  0x0000000111def6d8: ;   {metadata(method data for {method} {0x000000012d708458} 'bounds' '()Lorg/lwjgl/system/jawt/JAWTRectangle;' in 'org/lwjgl/system/jawt/JAWTDrawingSurfaceInfo')}
  0x0000000111def6d8: 01be 93d2 | 61af a5f2 | 2100 c0f2 | 23ac 40b9 | 6308 0011 | 23ac 00b9 | 634c 1f12 | 7f00 0071 
  0x0000000111def6f8: a081 0054 | e177 40f9 

  0x0000000111def700: ;   {metadata(method data for {method} {0x000000012d708458} 'bounds' '()Lorg/lwjgl/system/jawt/JAWTRectangle;' in 'org/lwjgl/system/jawt/JAWTDrawingSurfaceInfo')}
  0x0000000111def700: 03be 93d2 | 63af a5f2 | 2300 c0f2 | 2108 40b9 | 2104 60d2 | 6900 0491 | 2801 40f9 | 3f00 08eb 
  0x0000000111def720: a100 0054 | 6884 40f9 | 0805 0091 | 6884 00f9 | 1c00 0014 | 6940 0491 | 2801 40f9 | 3f00 08eb 
  0x0000000111def740: a100 0054 | 688c 40f9 | 0805 0091 | 688c 00f9 | 1400 0014 | 6900 0491 | 2801 40f9 | c800 00b5 
  0x0000000111def760: 2101 00f9 | e803 40b2 | 6920 0491 | 2801 00f9 | 0c00 0014 | 6940 0491 | 2801 40f9 | c800 00b5 
  0x0000000111def780: 2101 00f9 | e803 40b2 | 6960 0491 | 2801 00f9 | 0400 0014 | 6878 40f9 | 0805 0091 | 6878 00f9 
  0x0000000111def7a0: e377 40f9 | 6108 40f9 

  0x0000000111def7a8: ;   {metadata(method data for {method} {0x000000012d708458} 'bounds' '()Lorg/lwjgl/system/jawt/JAWTRectangle;' in 'org/lwjgl/system/jawt/JAWTDrawingSurfaceInfo')}
  0x0000000111def7a8: 04be 93d2 | 64af a5f2 | 2400 c0f2 | 8894 40f9 | 0805 0091 | 8894 00f9 

  0x0000000111def7c0: ;   {metadata(method data for {method} {0x000000012d708bf0} 'nbounds' '(J)Lorg/lwjgl/system/jawt/JAWTRectangle;' in 'org/lwjgl/system/jawt/JAWTDrawingSurfaceInfo')}
  0x0000000111def7c0: 04ed 93d2 | 64af a5f2 | 2400 c0f2 | 85ac 40b9 | a508 0011 | 85ac 00b9 | a54c 1f12 | bf00 0071 
  0x0000000111def7e0: 607b 0054 

  0x0000000111def7e4: ;   {metadata(method data for {method} {0x000000012d708bf0} 'nbounds' '(J)Lorg/lwjgl/system/jawt/JAWTRectangle;' in 'org/lwjgl/system/jawt/JAWTDrawingSurfaceInfo')}
  0x0000000111def7e4: 04ed 93d2 | 64af a5f2 | 2400 c0f2 | 8878 40f9 | 0805 0091 | 8878 00f9 | e47b 40f9 | 2100 048b 
  0x0000000111def804: e07f 00f9 

  0x0000000111def808: ; ImmutableOopMap {[216]=Oop [232]=Oop [248]=Oop }
                      ;*invokestatic create {reexecute=0 rethrow=0 return_oop=0}
                      ; - org.lwjgl.system.jawt.JAWTDrawingSurfaceInfo::nbounds@6 (line 134)
                      ; - org.lwjgl.system.jawt.JAWTDrawingSurfaceInfo::bounds@4 (line 92)
                      ; - org.lwjgl.opengl.awt.PlatformMacOSXGLCanvas::makeCurrent@36 (line 427)
                      ;   {static_call}
  0x0000000111def808: 6e4c 9897 

  0x0000000111def80c: ;   {other}
  0x0000000111def80c: 1f20 03d5 | 9f8f 81f2 | 1f80 80f2 

  0x0000000111def818: ; implicit exception: dispatches to 0x0000000111df076c
  0x0000000111def818: 1f00 40f9 | e103 00aa 

  0x0000000111def820: ;   {metadata(method data for {method} {0x000000012d0a9c10} 'makeCurrent' '(J)Z' in 'org/lwjgl/opengl/awt/PlatformMacOSXGLCanvas')}
  0x0000000111def820: 026c 94d2 | 62af a5f2 | 2200 c0f2 

  0x0000000111def82c: ;   {metadata('org/lwjgl/system/jawt/JAWTRectangle')}
  0x0000000111def82c: 0875 95d2 | 0839 a0f2 | 6800 c0f2 | 4980 0891 | 2801 00f9 | 4814 41f9 | 0805 0091 | 4814 01f9 
  0x0000000111def84c: ;   {metadata(method data for {method} {0x000000012d709f78} 'height' '()I' in 'org/lwjgl/system/jawt/JAWTRectangle')}
  0x0000000111def84c: 0108 96d2 | 61af a5f2 | 2100 c0f2 | 22ac 40b9 | 4208 0011 | 22ac 00b9 | 424c 1f12 | 5f00 0071 
  0x0000000111def86c: 2078 0054 | e103 00aa 

  0x0000000111def874: ;   {metadata(method data for {method} {0x000000012d709f78} 'height' '()I' in 'org/lwjgl/system/jawt/JAWTRectangle')}
  0x0000000111def874: 0208 96d2 | 62af a5f2 | 2200 c0f2 | 2108 40b9 | 2104 60d2 | 4900 0491 | 2801 40f9 | 3f00 08eb 
  0x0000000111def894: a100 0054 | 4884 40f9 | 0805 0091 | 4884 00f9 | 1c00 0014 | 4940 0491 | 2801 40f9 | 3f00 08eb 
  0x0000000111def8b4: a100 0054 | 488c 40f9 | 0805 0091 | 488c 00f9 | 1400 0014 | 4900 0491 | 2801 40f9 | c800 00b5 
  0x0000000111def8d4: 2101 00f9 | e803 40b2 | 4920 0491 | 2801 00f9 | 0c00 0014 | 4940 0491 | 2801 40f9 | c800 00b5 
  0x0000000111def8f4: 2101 00f9 | e803 40b2 | 4960 0491 | 2801 00f9 | 0400 0014 | 4878 40f9 | 0805 0091 | 4878 00f9 
  0x0000000111def914: 0108 40f9 

  0x0000000111def918: ;   {metadata(method data for {method} {0x000000012d709f78} 'height' '()I' in 'org/lwjgl/system/jawt/JAWTRectangle')}
  0x0000000111def918: 0008 96d2 | 60af a5f2 | 2000 c0f2 | 0894 40f9 | 0805 0091 | 0894 00f9 

  0x0000000111def930: ;   {metadata(method data for {method} {0x000000012d70b398} 'nheight' '(J)I' in 'org/lwjgl/system/jawt/JAWTRectangle')}
  0x0000000111def930: 0037 96d2 | 60af a5f2 | 2000 c0f2 | 02ac 40b9 | 4208 0011 | 02ac 00b9 | 424c 1f12 | 5f00 0071 
  0x0000000111def950: 0072 0054 

  0x0000000111def954: ;   {metadata(method data for {method} {0x000000012d70b398} 'nheight' '(J)I' in 'org/lwjgl/system/jawt/JAWTRectangle')}
  0x0000000111def954: 0037 96d2 | 60af a5f2 | 2000 c0f2 | 0878 40f9 | 0805 0091 | 0878 00f9 | 2130 0091 

  0x0000000111def970: ;   {metadata(method data for {method} {0x000000012ae08d70} 'memGetInt' '(J)I' in 'org/lwjgl/system/MemoryUtil')}
  0x0000000111def970: 003b 94d2 | 60af a5f2 | 2000 c0f2 | 02ac 40b9 | 4208 0011 | 02ac 00b9 | 424c 1f12 | 5f00 0071 
  0x0000000111def990: 0071 0054 

  0x0000000111def994: ;   {metadata(method data for {method} {0x000000012ae08d70} 'memGetInt' '(J)I' in 'org/lwjgl/system/MemoryUtil')}
  0x0000000111def994: 003b 94d2 | 60af a5f2 | 2000 c0f2 | 00a0 0491 | e203 1faa | 4200 00b5 | 1600 0014 | 4208 40b9 
  0x0000000111def9b4: 4204 60d2 | 0904 40f9 | 4200 09ca | 48f4 7e92 | 0802 00b4 | e201 0837 | a901 00b4 | 3f05 00f1 
  0x0000000111def9d4: 6001 0054 | bf39 03d5 | 4200 09ca | 0904 40f9 | 4200 09ca | 48f4 7e92 | c800 00b4 | 0904 40f9 
  0x0000000111def9f4: 2901 7fb2 | 0904 00f9 | 0200 0014 | 0204 00f9 | e07f 40f9 

  0x0000000111defa08: ;   {metadata(method data for {method} {0x000000012ae08d70} 'memGetInt' '(J)I' in 'org/lwjgl/system/MemoryUtil')}
  0x0000000111defa08: 023b 94d2 | 62af a5f2 | 2200 c0f2 | 4878 40f9 | 0805 0091 | 4878 00f9 

  0x0000000111defa20: ;   {metadata(method data for {method} {0x000000012d12f1f0} 'getInt' '(Ljava/lang/Object;J)I' in 'sun/misc/Unsafe')}
  0x0000000111defa20: 00f2 98d2 | c0b2 a5f2 | 2000 c0f2 | 02ac 40b9 | 4208 0011 | 02ac 00b9 | 424c 1f12 | 5f00 0071 
  0x0000000111defa40: 806c 0054 | e003 1faa | 0068 61b8 | e007 01b9 | e16f 40f9 | 220c 40b9 | e303 41b9 | 7f00 026b 
  0x0000000111defa60: ;   {metadata(method data for {method} {0x000000012d0a9c10} 'makeCurrent' '(J)Z' in 'org/lwjgl/opengl/awt/PlatformMacOSXGLCanvas')}
  0x0000000111defa60: 026c 94d2 | 62af a5f2 | 2200 c0f2 | 0849 80d2 | 094b 80d2 | 0411 899a | 4568 64f8 | a504 0091 
  0x0000000111defa80: 4568 24f8 | a101 0054 | 2218 40b9 | 1f00 026b 

  0x0000000111defa90: ;   {metadata(method data for {method} {0x000000012d0a9c10} 'makeCurrent' '(J)Z' in 'org/lwjgl/opengl/awt/PlatformMacOSXGLCanvas')}
  0x0000000111defa90: 026c 94d2 | 62af a5f2 | 2200 c0f2 | 084d 80d2 | 094f 80d2 | 0401 899a | 4568 64f8 | a504 0091 
  0x0000000111defab0: 4568 24f8 | 201b 0054 | 2420 40b9 | 84f0 7dd3 

  0x0000000111defac0: ; implicit exception: dispatches to 0x0000000111df07f0
  0x0000000111defac0: 9f00 40f9 | e503 04aa 

  0x0000000111defac8: ;   {metadata(method data for {method} {0x000000012d0a9c10} 'makeCurrent' '(J)Z' in 'org/lwjgl/opengl/awt/PlatformMacOSXGLCanvas')}
  0x0000000111defac8: 066c 94d2 | 66af a5f2 | 2600 c0f2 | a508 40b9 | a504 60d2 | c960 0a91 | 2801 40f9 | bf00 08eb 
  0x0000000111defae8: a100 0054 | c850 41f9 | 0805 0091 | c850 01f9 | 1c00 0014 | c9a0 0a91 | 2801 40f9 | bf00 08eb 
  0x0000000111defb08: a100 0054 | c858 41f9 | 0805 0091 | c858 01f9 | 1400 0014 | c960 0a91 | 2801 40f9 | c800 00b5 
  0x0000000111defb28: 2501 00f9 | e803 40b2 | c980 0a91 | 2801 00f9 | 0c00 0014 | c9a0 0a91 | 2801 40f9 | c800 00b5 
  0x0000000111defb48: 2501 00f9 | e803 40b2 | c9c0 0a91 | 2801 00f9 | 0400 0014 | c844 41f9 | 0805 0091 | c844 01f9 
  0x0000000111defb68: ;   {metadata(method data for {method} {0x00000001293fc238} 'getGraphicsConfiguration' '()Ljava/awt/GraphicsConfiguration;' in 'java/awt/Component')}
  0x0000000111defb68: 05b4 9bd2 | c5b2 a5f2 | 2500 c0f2 | a6ac 40b9 | c608 0011 | a6ac 00b9 | c64c 1f12 | df00 0071 
  0x0000000111defb88: 6063 0054 | e503 04aa 

  0x0000000111defb90: ;   {metadata(method data for {method} {0x00000001293fc238} 'getGraphicsConfiguration' '()Ljava/awt/GraphicsConfiguration;' in 'java/awt/Component')}
  0x0000000111defb90: 06b4 9bd2 | c6b2 a5f2 | 2600 c0f2 | c878 40f9 | 0805 0091 | c878 00f9 | bf3b 03d5 | 8464 40b9 
  0x0000000111defbb0: 84f0 7dd3 | bf39 03d5 

  0x0000000111defbb8: ; implicit exception: dispatches to 0x0000000111df0814
  0x0000000111defbb8: 9f00 40f9 | e503 04aa 

  0x0000000111defbc0: ;   {metadata(method data for {method} {0x000000012d0a9c10} 'makeCurrent' '(J)Z' in 'org/lwjgl/opengl/awt/PlatformMacOSXGLCanvas')}
  0x0000000111defbc0: 066c 94d2 | 66af a5f2 | 2600 c0f2 | a508 40b9 | a504 60d2 | c940 0b91 | 2801 40f9 | bf00 08eb 
  0x0000000111defbe0: a100 0054 | c86c 41f9 | 0805 0091 | c86c 01f9 | 1c00 0014 | c980 0b91 | 2801 40f9 | bf00 08eb 
  0x0000000111defc00: a100 0054 | c874 41f9 | 0805 0091 | c874 01f9 | 1400 0014 | c940 0b91 | 2801 40f9 | c800 00b5 
  0x0000000111defc20: 2501 00f9 | e803 40b2 | c960 0b91 | 2801 00f9 | 0c00 0014 | c980 0b91 | 2801 40f9 | c800 00b5 
  0x0000000111defc40: 2501 00f9 | e803 40b2 | c9a0 0b91 | 2801 00f9 | 0400 0014 | c860 41f9 | 0805 0091 | c860 01f9 
  0x0000000111defc60: e103 04aa 

  0x0000000111defc64: ; ImmutableOopMap {[216]=Oop [232]=Oop }
                      ;*invokevirtual getDefaultTransform {reexecute=0 rethrow=0 return_oop=0}
                      ; - org.lwjgl.opengl.awt.PlatformMacOSXGLCanvas::makeCurrent@69 (line 430)
                      ;   {optimized virtual_call}
  0x0000000111defc64: 4761 6095 

  0x0000000111defc68: ;   {other}
  0x0000000111defc68: 1f20 03d5 | 1f1b 82f2 | 1fa0 80f2 

  0x0000000111defc74: ; implicit exception: dispatches to 0x0000000111df0818
  0x0000000111defc74: 1f00 40f9 | e303 00aa 

  0x0000000111defc7c: ;   {metadata(method data for {method} {0x000000012d0a9c10} 'makeCurrent' '(J)Z' in 'org/lwjgl/opengl/awt/PlatformMacOSXGLCanvas')}
  0x0000000111defc7c: 056c 94d2 | 65af a5f2 | 2500 c0f2 

  0x0000000111defc88: ;   {metadata('java/awt/geom/AffineTransform')}
  0x0000000111defc88: 08ee 8ed2 | e82f a0f2 | 6800 c0f2 | a920 0c91 | 2801 00f9 | a888 41f9 | 0805 0091 | a888 01f9 
  0x0000000111defca8: 0008 40fd | e203 41b9 | 4100 621e | 2208 601e | 4100 781e | e303 00aa 

  0x0000000111defcc0: ;   {metadata(method data for {method} {0x000000012d0a9c10} 'makeCurrent' '(J)Z' in 'org/lwjgl/opengl/awt/PlatformMacOSXGLCanvas')}
  0x0000000111defcc0: 056c 94d2 | 65af a5f2 | 2500 c0f2 

  0x0000000111defccc: ;   {metadata('java/awt/geom/AffineTransform')}
  0x0000000111defccc: 08ee 8ed2 | e82f a0f2 | 6800 c0f2 | a900 0d91 | 2801 00f9 | a8a4 41f9 | 0805 0091 | a8a4 01f9 
  0x0000000111defcec: 0014 40fd | e007 41b9 | 0100 621e | 2208 601e | 4400 781e | f303 1f32 

  0x0000000111defd04: ;   {metadata({type array int})}
  0x0000000111defd04: 03f8 84d2 | 0300 a0f2 | 6300 c0f2 | 737e 40d3 | e503 13aa | e85f 40b2 | 7f02 08eb | e257 0054 
  0x0000000111defd24: eb02 80d2 | 6b49 338b | 6bf1 7d92 | 80df 40f9 | 0b60 2b8b | 88e7 40f9 | 7f01 08eb | e856 0054 
  0x0000000111defd44: 8bdf 00f9 | 6b01 00cb | ea03 40b2 | 0a00 00f9 | 6a04 60d2 | 0a4c 0129 | 6b41 00f1 | c001 0054 
  0x0000000111defd64: e803 0baa | 0a40 0091 | 0bfd 43d3 | 6821 00f1 | 4300 0054 

  0x0000000111defd78: ;   {runtime_call StubRoutines (final stubs)}
  0x0000000111defd78: 327e 6095 | 6b00 1036 | 5f7d 81a8 | 5f7d 81a8 | 4b00 0836 | 5f7d 81a8 | 4b00 0036 | 5f01 00f9 
  0x0000000111defd98: bf3a 03d5 | 0110 0229 

  0x0000000111defda0: ;   {metadata(method data for {method} {0x000000012d0a9c10} 'makeCurrent' '(J)Z' in 'org/lwjgl/opengl/awt/PlatformMacOSXGLCanvas')}
  0x0000000111defda0: 016c 94d2 | 61af a5f2 | 2100 c0f2 | 28b4 41f9 | 0805 0091 | 28b4 01f9 | e16b 40f9 | 0226 8052 
  0x0000000111defdc0: e303 00aa 

  0x0000000111defdc4: ; ImmutableOopMap {[216]=Oop [232]=Oop }
                      ;*invokestatic CGLSetParameter {reexecute=0 rethrow=0 return_oop=0}
                      ; - org.lwjgl.opengl.awt.PlatformMacOSXGLCanvas::makeCurrent@115 (line 433)
                      ;   {static_call}
  0x0000000111defdc4: 6f62 6095 

  0x0000000111defdc8: ;   {other}
  0x0000000111defdc8: 1f20 03d5 | 1f47 82f2 | 1fc0 80f2 

  0x0000000111defdd4: ;   {metadata(method data for {method} {0x000000012d0a9c10} 'makeCurrent' '(J)Z' in 'org/lwjgl/opengl/awt/PlatformMacOSXGLCanvas')}
  0x0000000111defdd4: 016c 94d2 | 61af a5f2 | 2100 c0f2 | 28bc 41f9 | 0805 0091 | 28bc 01f9 | e16b 40f9 | 2226 8052 
  0x0000000111defdf4: ; ImmutableOopMap {[216]=Oop [232]=Oop }
                      ;*invokestatic CGLEnable {reexecute=0 rethrow=0 return_oop=0}
                      ; - org.lwjgl.opengl.awt.PlatformMacOSXGLCanvas::makeCurrent@123 (line 434)
                      ;   {static_call}
  0x0000000111defdf4: 6362 6095 

  0x0000000111defdf8: ;   {other}
  0x0000000111defdf8: 1f20 03d5 | 1f4d 82f2 | 1fe0 80f2 | e16f 40f9 | e203 41b9 | 220c 00b9 | e007 41b9 | 2018 00b9 
  0x0000000111defe18: 211c 40b9 | 21f0 7dd3 

  0x0000000111defe20: ; implicit exception: dispatches to 0x0000000111df0824
  0x0000000111defe20: 3f00 40f9 | e203 01aa 

  0x0000000111defe28: ;   {metadata(method data for {method} {0x000000012d0a9c10} 'makeCurrent' '(J)Z' in 'org/lwjgl/opengl/awt/PlatformMacOSXGLCanvas')}
  0x0000000111defe28: 036c 94d2 | 63af a5f2 | 2300 c0f2 

  0x0000000111defe34: ;   {metadata('org/lwjgl/system/jawt/JAWTDrawingSurface')}
  0x0000000111defe34: 088a 94d2 | 0839 a0f2 | 6800 c0f2 | 6960 0e91 | 2801 00f9 | 68d0 41f9 | 0805 0091 | 68d0 01f9 
  0x0000000111defe54: ;   {metadata(method data for {method} {0x000000012d0cf398} 'FreeDrawingSurfaceInfo' '()J' in 'org/lwjgl/system/jawt/JAWTDrawingSurface')}
  0x0000000111defe54: 02c3 96d2 | 62af a5f2 | 2200 c0f2 | 43ac 40b9 | 6308 0011 | 43ac 00b9 | 634c 1f12 | 7f00 0071 
  0x0000000111defe74: a04d 0054 | e203 01aa 

  0x0000000111defe7c: ;   {metadata(method data for {method} {0x000000012d0cf398} 'FreeDrawingSurfaceInfo' '()J' in 'org/lwjgl/system/jawt/JAWTDrawingSurface')}
  0x0000000111defe7c: 03c3 96d2 | 63af a5f2 | 2300 c0f2 | 4208 40b9 | 4204 60d2 | 6900 0491 | 2801 40f9 | 5f00 08eb 
  0x0000000111defe9c: a100 0054 | 6884 40f9 | 0805 0091 | 6884 00f9 | 1c00 0014 | 6940 0491 | 2801 40f9 | 5f00 08eb 
  0x0000000111defebc: a100 0054 | 688c 40f9 | 0805 0091 | 688c 00f9 | 1400 0014 | 6900 0491 | 2801 40f9 | c800 00b5 
  0x0000000111defedc: 2201 00f9 | e803 40b2 | 6920 0491 | 2801 00f9 | 0c00 0014 | 6940 0491 | 2801 40f9 | c800 00b5 
  0x0000000111defefc: 2201 00f9 | e803 40b2 | 6960 0491 | 2801 00f9 | 0400 0014 | 6878 40f9 | 0805 0091 | 6878 00f9 
  0x0000000111deff1c: 2208 40f9 

  0x0000000111deff20: ;   {metadata(method data for {method} {0x000000012d0cf398} 'FreeDrawingSurfaceInfo' '()J' in 'org/lwjgl/system/jawt/JAWTDrawingSurface')}
  0x0000000111deff20: 01c3 96d2 | 61af a5f2 | 2100 c0f2 | 2894 40f9 | 0805 0091 | 2894 00f9 

  0x0000000111deff38: ;   {metadata(method data for {method} {0x000000012d0cfbd0} 'nFreeDrawingSurfaceInfo' '(J)J' in 'org/lwjgl/system/jawt/JAWTDrawingSurface')}
  0x0000000111deff38: 01f2 96d2 | 61af a5f2 | 2100 c0f2 | 23ac 40b9 | 6308 0011 | 23ac 00b9 | 634c 1f12 | 7f00 0071 
  0x0000000111deff58: 8047 0054 

  0x0000000111deff5c: ;   {metadata(method data for {method} {0x000000012d0cfbd0} 'nFreeDrawingSurfaceInfo' '(J)J' in 'org/lwjgl/system/jawt/JAWTDrawingSurface')}
  0x0000000111deff5c: 01f2 96d2 | 61af a5f2 | 2100 c0f2 | 2878 40f9 | 0805 0091 | 2878 00f9 | 4180 0091 

  0x0000000111deff78: ; ImmutableOopMap {[232]=Oop }
                      ;*invokestatic memGetAddress {reexecute=0 rethrow=0 return_oop=0}
                      ; - org.lwjgl.system.jawt.JAWTDrawingSurface::nFreeDrawingSurfaceInfo@6 (line 145)
                      ; - org.lwjgl.system.jawt.JAWTDrawingSurface::FreeDrawingSurfaceInfo@4 (line 102)
                      ; - org.lwjgl.opengl.awt.PlatformMacOSXGLCanvas::makeCurrent@144 (line 439)
                      ;   {static_call}
  0x0000000111deff78: e247 9d95 

  0x0000000111deff7c: ;   {other}
  0x0000000111deff7c: 1f20 03d5 | 9f7d 82f2 | 1f00 81f2 

  0x0000000111deff88: ;   {metadata(method data for {method} {0x000000012d0a9c10} 'makeCurrent' '(J)Z' in 'org/lwjgl/opengl/awt/PlatformMacOSXGLCanvas')}
  0x0000000111deff88: 016c 94d2 | 61af a5f2 | 2100 c0f2 | 28e0 41f9 | 0805 0091 | 28e0 01f9 

  0x0000000111deffa0: ;   {metadata(method data for {method} {0x000000012d0b2938} 'JAWT_DrawingSurface_FreeDrawingSurfaceInfo' '(Lorg/lwjgl/system/jawt/JAWTDrawingSurfaceInfo;J)V' in 'org/lwjgl/system/jawt/JAWTFunctions')}
  0x0000000111deffa0: 011b 97d2 | 61af a5f2 | 2100 c0f2 | 22ac 40b9 | 4208 0011 | 22ac 00b9 | 424c 1f12 | 5f00 0071 
  0x0000000111deffc0: 4045 0054 | e177 40f9 

  0x0000000111deffc8: ;   {metadata(method data for {method} {0x000000012d0b2938} 'JAWT_DrawingSurface_FreeDrawingSurfaceInfo' '(Lorg/lwjgl/system/jawt/JAWTDrawingSurfaceInfo;J)V' in 'org/lwjgl/system/jawt/JAWTFunctions')}
  0x0000000111deffc8: 021b 97d2 | 62af a5f2 | 2200 c0f2 | 2108 40b9 | 2104 60d2 | 4900 0491 | 2801 40f9 | 3f00 08eb 
  0x0000000111deffe8: a100 0054 | 4884 40f9 | 0805 0091 | 4884 00f9 | 1c00 0014 | 4940 0491 | 2801 40f9 | 3f00 08eb 
  0x0000000111df0008: a100 0054 | 488c 40f9 | 0805 0091 | 488c 00f9 | 1400 0014 | 4900 0491 | 2801 40f9 | c800 00b5 
  0x0000000111df0028: 2101 00f9 | e803 40b2 | 4920 0491 | 2801 00f9 | 0c00 0014 | 4940 0491 | 2801 40f9 | c800 00b5 
  0x0000000111df0048: 2101 00f9 | e803 40b2 | 4960 0491 | 2801 00f9 | 0400 0014 | 4878 40f9 | 0805 0091 | 4878 00f9 
  0x0000000111df0068: e277 40f9 | 4508 40f9 

  0x0000000111df0070: ;   {metadata(method data for {method} {0x000000012d0b2938} 'JAWT_DrawingSurface_FreeDrawingSurfaceInfo' '(Lorg/lwjgl/system/jawt/JAWTDrawingSurfaceInfo;J)V' in 'org/lwjgl/system/jawt/JAWTFunctions')}
  0x0000000111df0070: 011b 97d2 | 61af a5f2 | 2100 c0f2 | 2894 40f9 | 0805 0091 | 2894 00f9 

  0x0000000111df0088: ;   {metadata(method data for {method} {0x000000012d0b2850} 'nJAWT_DrawingSurface_FreeDrawingSurfaceInfo' '(JJ)V' in 'org/lwjgl/system/jawt/JAWTFunctions')}
  0x0000000111df0088: 014c 97d2 | 61af a5f2 | 2100 c0f2 | 22ac 40b9 | 4208 0011 | 22ac 00b9 | 424c 1f12 | 5f00 0071 
  0x0000000111df00a8: 003f 0054 

  0x0000000111df00ac: ;   {metadata(method data for {method} {0x000000012d0b2850} 'nJAWT_DrawingSurface_FreeDrawingSurfaceInfo' '(JJ)V' in 'org/lwjgl/system/jawt/JAWTFunctions')}
  0x0000000111df00ac: 014c 97d2 | 61af a5f2 | 2100 c0f2 | 2280 40f9 | 4204 0091 | 2280 00f9 

  0x0000000111df00c4: ;   {metadata(method data for {method} {0x000000012d0b2850} 'nJAWT_DrawingSurface_FreeDrawingSurfaceInfo' '(JJ)V' in 'org/lwjgl/system/jawt/JAWTFunctions')}
  0x0000000111df00c4: 014c 97d2 | 61af a5f2 | 2100 c0f2 | 2888 40f9 | 0805 0091 | 2888 00f9 

  0x0000000111df00dc: ;   {metadata(method data for {method} {0x000000012d013db0} 'check' '(J)J' in 'org/lwjgl/system/Checks')}
  0x0000000111df00dc: 012c 98d2 | 41ae a5f2 | 2100 c0f2 | 22ac 40b9 | 4208 0011 | 22ac 00b9 | 424c 1f12 | 5f00 0071 
  0x0000000111df00fc: 603d 0054 | e103 00aa | 3f00 00f1 

  0x0000000111df0108: ;   {metadata(method data for {method} {0x000000012d013db0} 'check' '(J)J' in 'org/lwjgl/system/Checks')}
  0x0000000111df0108: 012c 98d2 | 41ae a5f2 | 2100 c0f2 | e803 78b2 | e90f 7cb2 | 0201 899a | 2368 62f8 | 6304 0091 
  0x0000000111df0128: 2368 22f8 | c022 0054 

  0x0000000111df0130: ;   {metadata(method data for {method} {0x000000012d0b2850} 'nJAWT_DrawingSurface_FreeDrawingSurfaceInfo' '(JJ)V' in 'org/lwjgl/system/jawt/JAWTFunctions')}
  0x0000000111df0130: 014c 97d2 | 61af a5f2 | 2100 c0f2 | 2890 40f9 | 0805 0091 | 2890 00f9 | e103 05aa | e203 00aa 
  0x0000000111df0150: ; ImmutableOopMap {}
                      ;*invokestatic callPV {reexecute=0 rethrow=0 return_oop=0}
                      ; - org.lwjgl.system.jawt.JAWTFunctions::nJAWT_DrawingSurface_FreeDrawingSurfaceInfo@13 (line 114)
                      ; - org.lwjgl.system.jawt.JAWTFunctions::JAWT_DrawingSurface_FreeDrawingSurfaceInfo@5 (line 119)
                      ; - org.lwjgl.opengl.awt.PlatformMacOSXGLCanvas::makeCurrent@147 (line 439)
                      ;   {static_call}
  0x0000000111df0150: 804a 9d95 

  0x0000000111df0154: ;   {other}
  0x0000000111df0154: 1f20 03d5 | 9fb8 82f2 | 1f20 81f2 | db00 0014 | e277 40f9 | e16f 40f9 | 8083 42f9 | 9f83 02f9 
  0x0000000111df0174: 9f87 02f9 | e087 00f9 | 211c 40b9 | 21f0 7dd3 

  0x0000000111df0184: ; implicit exception: dispatches to 0x0000000111df08c8
  0x0000000111df0184: 3f00 40f9 | e303 01aa 

  0x0000000111df018c: ;   {metadata(method data for {method} {0x000000012d0a9c10} 'makeCurrent' '(J)Z' in 'org/lwjgl/opengl/awt/PlatformMacOSXGLCanvas')}
  0x0000000111df018c: 046c 94d2 | 64af a5f2 | 2400 c0f2 

  0x0000000111df0198: ;   {metadata('org/lwjgl/system/jawt/JAWTDrawingSurface')}
  0x0000000111df0198: 088a 94d2 | 0839 a0f2 | 6800 c0f2 | 89e0 0f91 | 2801 00f9 | 8800 42f9 | 0805 0091 | 8800 02f9 
  0x0000000111df01b8: ;   {metadata(method data for {method} {0x000000012d0cf398} 'FreeDrawingSurfaceInfo' '()J' in 'org/lwjgl/system/jawt/JAWTDrawingSurface')}
  0x0000000111df01b8: 03c3 96d2 | 63af a5f2 | 2300 c0f2 | 64ac 40b9 | 8408 0011 | 64ac 00b9 | 844c 1f12 | 9f00 0071 
  0x0000000111df01d8: a037 0054 | e303 01aa 

  0x0000000111df01e0: ;   {metadata(method data for {method} {0x000000012d0cf398} 'FreeDrawingSurfaceInfo' '()J' in 'org/lwjgl/system/jawt/JAWTDrawingSurface')}
  0x0000000111df01e0: 04c3 96d2 | 64af a5f2 | 2400 c0f2 | 6308 40b9 | 6304 60d2 | 8900 0491 | 2801 40f9 | 7f00 08eb 
  0x0000000111df0200: a100 0054 | 8884 40f9 | 0805 0091 | 8884 00f9 | 1c00 0014 | 8940 0491 | 2801 40f9 | 7f00 08eb 
  0x0000000111df0220: a100 0054 | 888c 40f9 | 0805 0091 | 888c 00f9 | 1400 0014 | 8900 0491 | 2801 40f9 | c800 00b5 
  0x0000000111df0240: 2301 00f9 | e803 40b2 | 8920 0491 | 2801 00f9 | 0c00 0014 | 8940 0491 | 2801 40f9 | c800 00b5 
  0x0000000111df0260: 2301 00f9 | e803 40b2 | 8960 0491 | 2801 00f9 | 0400 0014 | 8878 40f9 | 0805 0091 | 8878 00f9 
  0x0000000111df0280: 2308 40f9 

  0x0000000111df0284: ;   {metadata(method data for {method} {0x000000012d0cf398} 'FreeDrawingSurfaceInfo' '()J' in 'org/lwjgl/system/jawt/JAWTDrawingSurface')}
  0x0000000111df0284: 01c3 96d2 | 61af a5f2 | 2100 c0f2 | 2894 40f9 | 0805 0091 | 2894 00f9 

  0x0000000111df029c: ;   {metadata(method data for {method} {0x000000012d0cfbd0} 'nFreeDrawingSurfaceInfo' '(J)J' in 'org/lwjgl/system/jawt/JAWTDrawingSurface')}
  0x0000000111df029c: 01f2 96d2 | 61af a5f2 | 2100 c0f2 | 24ac 40b9 | 8408 0011 | 24ac 00b9 | 844c 1f12 | 9f00 0071 
  0x0000000111df02bc: 8031 0054 

  0x0000000111df02c0: ;   {metadata(method data for {method} {0x000000012d0cfbd0} 'nFreeDrawingSurfaceInfo' '(J)J' in 'org/lwjgl/system/jawt/JAWTDrawingSurface')}
  0x0000000111df02c0: 01f2 96d2 | 61af a5f2 | 2100 c0f2 | 2878 40f9 | 0805 0091 | 2878 00f9 | 6180 0091 

  0x0000000111df02dc: ; ImmutableOopMap {[232]=Oop [264]=Oop }
                      ;*invokestatic memGetAddress {reexecute=0 rethrow=0 return_oop=0}
                      ; - org.lwjgl.system.jawt.JAWTDrawingSurface::nFreeDrawingSurfaceInfo@6 (line 145)
                      ; - org.lwjgl.system.jawt.JAWTDrawingSurface::FreeDrawingSurfaceInfo@4 (line 102)
                      ; - org.lwjgl.opengl.awt.PlatformMacOSXGLCanvas::makeCurrent@160 (line 439)
                      ;   {static_call}
  0x0000000111df02dc: 2961 6095 

  0x0000000111df02e0: ;   {other}
  0x0000000111df02e0: 1f20 03d5 | 1fea 82f2 | 1f40 81f2 

  0x0000000111df02ec: ;   {metadata(method data for {method} {0x000000012d0a9c10} 'makeCurrent' '(J)Z' in 'org/lwjgl/opengl/awt/PlatformMacOSXGLCanvas')}
  0x0000000111df02ec: 016c 94d2 | 61af a5f2 | 2100 c0f2 | 2810 42f9 | 0805 0091 | 2810 02f9 

  0x0000000111df0304: ;   {metadata(method data for {method} {0x000000012d0b2938} 'JAWT_DrawingSurface_FreeDrawingSurfaceInfo' '(Lorg/lwjgl/system/jawt/JAWTDrawingSurfaceInfo;J)V' in 'org/lwjgl/system/jawt/JAWTFunctions')}
  0x0000000111df0304: 011b 97d2 | 61af a5f2 | 2100 c0f2 | 22ac 40b9 | 4208 0011 | 22ac 00b9 | 424c 1f12 | 5f00 0071 
  0x0000000111df0324: 402f 0054 | e177 40f9 

  0x0000000111df032c: ; implicit exception: dispatches to 0x0000000111df092c
  0x0000000111df032c: 3f00 40f9 | e203 01aa 

  0x0000000111df0334: ;   {metadata(method data for {method} {0x000000012d0b2938} 'JAWT_DrawingSurface_FreeDrawingSurfaceInfo' '(Lorg/lwjgl/system/jawt/JAWTDrawingSurfaceInfo;J)V' in 'org/lwjgl/system/jawt/JAWTFunctions')}
  0x0000000111df0334: 031b 97d2 | 63af a5f2 | 2300 c0f2 | 4208 40b9 | 4204 60d2 | 6900 0491 | 2801 40f9 | 5f00 08eb 
  0x0000000111df0354: a100 0054 | 6884 40f9 | 0805 0091 | 6884 00f9 | 1c00 0014 | 6940 0491 | 2801 40f9 | 5f00 08eb 
  0x0000000111df0374: a100 0054 | 688c 40f9 | 0805 0091 | 688c 00f9 | 1400 0014 | 6900 0491 | 2801 40f9 | c800 00b5 
  0x0000000111df0394: 2201 00f9 | e803 40b2 | 6920 0491 | 2801 00f9 | 0c00 0014 | 6940 0491 | 2801 40f9 | c800 00b5 
  0x0000000111df03b4: 2201 00f9 | e803 40b2 | 6960 0491 | 2801 00f9 | 0400 0014 | 6878 40f9 | 0805 0091 | 6878 00f9 
  0x0000000111df03d4: 2208 40f9 

  0x0000000111df03d8: ;   {metadata(method data for {method} {0x000000012d0b2938} 'JAWT_DrawingSurface_FreeDrawingSurfaceInfo' '(Lorg/lwjgl/system/jawt/JAWTDrawingSurfaceInfo;J)V' in 'org/lwjgl/system/jawt/JAWTFunctions')}
  0x0000000111df03d8: 011b 97d2 | 61af a5f2 | 2100 c0f2 | 2894 40f9 | 0805 0091 | 2894 00f9 

  0x0000000111df03f0: ;   {metadata(method data for {method} {0x000000012d0b2850} 'nJAWT_DrawingSurface_FreeDrawingSurfaceInfo' '(JJ)V' in 'org/lwjgl/system/jawt/JAWTFunctions')}
  0x0000000111df03f0: 014c 97d2 | 61af a5f2 | 2100 c0f2 | 23ac 40b9 | 6308 0011 | 23ac 00b9 | 634c 1f12 | 7f00 0071 
  0x0000000111df0410: 0029 0054 

  0x0000000111df0414: ;   {metadata(method data for {method} {0x000000012d0b2850} 'nJAWT_DrawingSurface_FreeDrawingSurfaceInfo' '(JJ)V' in 'org/lwjgl/system/jawt/JAWTFunctions')}
  0x0000000111df0414: 014c 97d2 | 61af a5f2 | 2100 c0f2 | 2380 40f9 | 6304 0091 | 2380 00f9 

  0x0000000111df042c: ;   {metadata(method data for {method} {0x000000012d0b2850} 'nJAWT_DrawingSurface_FreeDrawingSurfaceInfo' '(JJ)V' in 'org/lwjgl/system/jawt/JAWTFunctions')}
  0x0000000111df042c: 014c 97d2 | 61af a5f2 | 2100 c0f2 | 2888 40f9 | 0805 0091 | 2888 00f9 

  0x0000000111df0444: ;   {metadata(method data for {method} {0x000000012d013db0} 'check' '(J)J' in 'org/lwjgl/system/Checks')}
  0x0000000111df0444: 012c 98d2 | 41ae a5f2 | 2100 c0f2 | 23ac 40b9 | 6308 0011 | 23ac 00b9 | 634c 1f12 | 7f00 0071 
  0x0000000111df0464: 6027 0054 | e103 00aa | 3f00 00f1 

  0x0000000111df0470: ;   {metadata(method data for {method} {0x000000012d013db0} 'check' '(J)J' in 'org/lwjgl/system/Checks')}
  0x0000000111df0470: 012c 98d2 | 41ae a5f2 | 2100 c0f2 | e803 78b2 | e90f 7cb2 | 0301 899a | 2468 63f8 | 8404 0091 
  0x0000000111df0490: 2468 23f8 | a003 0054 

  0x0000000111df0498: ;   {metadata(method data for {method} {0x000000012d0b2850} 'nJAWT_DrawingSurface_FreeDrawingSurfaceInfo' '(JJ)V' in 'org/lwjgl/system/jawt/JAWTFunctions')}
  0x0000000111df0498: 014c 97d2 | 61af a5f2 | 2100 c0f2 | 2890 40f9 | 0805 0091 | 2890 00f9 | e103 02aa | e203 00aa 
  0x0000000111df04b8: ; ImmutableOopMap {[264]=Oop }
                      ;*invokestatic callPV {reexecute=0 rethrow=0 return_oop=0}
                      ; - org.lwjgl.system.jawt.JAWTFunctions::nJAWT_DrawingSurface_FreeDrawingSurfaceInfo@13 (line 114)
                      ; - org.lwjgl.system.jawt.JAWTFunctions::JAWT_DrawingSurface_FreeDrawingSurfaceInfo@5 (line 119)
                      ; - org.lwjgl.opengl.awt.PlatformMacOSXGLCanvas::makeCurrent@163 (line 439)
                      ;   {static_call}
  0x0000000111df04b8: b260 6095 

  0x0000000111df04bc: ;   {other}
  0x0000000111df04bc: 1f20 03d5 | 9f25 83f2 | 1f60 81f2 | 0e00 0014 

  0x0000000111df04cc: ;   {metadata(method data for {method} {0x000000012d0a9c10} 'makeCurrent' '(J)Z' in 'org/lwjgl/opengl/awt/PlatformMacOSXGLCanvas')}
  0x0000000111df04cc: 006c 94d2 | 60af a5f2 | 2000 c0f2 | 03e8 41f9 | 6304 0091 | 03e8 01f9 | e003 0032 | fd7b 55a9 
  0x0000000111df04ec: ff83 0591 

  0x0000000111df04f0: ;   {poll_return}
  0x0000000111df04f0: 882b 42f9 | ff63 28eb | c823 0054 | c003 5fd6 | e087 40f9 | 2501 0014 | e08b 11a9 

  0x0000000111df050c: ; ImmutableOopMap {[264]=Oop }
                      ;*new {reexecute=0 rethrow=0 return_oop=0}
                      ; - org.lwjgl.system.Checks::check@6 (line 188)
                      ; - org.lwjgl.system.jawt.JAWTFunctions::nJAWT_DrawingSurface_FreeDrawingSurfaceInfo@7 (line 112)
                      ; - org.lwjgl.system.jawt.JAWTFunctions::JAWT_DrawingSurface_FreeDrawingSurfaceInfo@5 (line 119)
                      ; - org.lwjgl.opengl.awt.PlatformMacOSXGLCanvas::makeCurrent@163 (line 439)
                      ;   {runtime_call load_mirror_patching Runtime1 stub}
  0x0000000111df050c: 5dc7 6395 | 80df 40f9 | 0bc0 0091 | 88e7 40f9 | 7f01 08eb | e822 0054 | 8bdf 00f9 | ea03 40b2 
  0x0000000111df052c: 0a00 00f9 | 6a04 60d2 | 0a7c 0129 | 0a40 0091 | 5f7d 00a9 | 5f7d 01a9 | bf3a 03d5 | e103 00aa 
  0x0000000111df054c: ;   {metadata(method data for {method} {0x000000012d013db0} 'check' '(J)J' in 'org/lwjgl/system/Checks')}
  0x0000000111df054c: 032c 98d2 | 43ae a5f2 | 2300 c0f2 | 6888 40f9 | 0805 0091 | 6888 00f9 | e103 00aa | e08b 00f9 
  0x0000000111df056c: ; ImmutableOopMap {[264]=Oop [272]=Oop }
                      ;*invokespecial <init> {reexecute=0 rethrow=0 return_oop=0}
                      ; - org.lwjgl.system.Checks::check@10 (line 188)
                      ; - org.lwjgl.system.jawt.JAWTFunctions::nJAWT_DrawingSurface_FreeDrawingSurfaceInfo@7 (line 112)
                      ; - org.lwjgl.system.jawt.JAWTFunctions::JAWT_DrawingSurface_FreeDrawingSurfaceInfo@5 (line 119)
                      ; - org.lwjgl.opengl.awt.PlatformMacOSXGLCanvas::makeCurrent@163 (line 439)
                      ;   {optimized virtual_call}
  0x0000000111df056c: 055f 6095 

  0x0000000111df0570: ;   {other}
  0x0000000111df0570: 1f20 03d5 | 1f3c 83f2 | 1fa0 81f2 | e08b 40f9 | 0601 0014 | e017 13a9 

  0x0000000111df0588: ; ImmutableOopMap {}
                      ;*new {reexecute=0 rethrow=0 return_oop=0}
                      ; - org.lwjgl.system.Checks::check@6 (line 188)
                      ; - org.lwjgl.system.jawt.JAWTFunctions::nJAWT_DrawingSurface_FreeDrawingSurfaceInfo@7 (line 112)
                      ; - org.lwjgl.system.jawt.JAWTFunctions::JAWT_DrawingSurface_FreeDrawingSurfaceInfo@5 (line 119)
                      ; - org.lwjgl.opengl.awt.PlatformMacOSXGLCanvas::makeCurrent@147 (line 439)
                      ;   {runtime_call load_mirror_patching Runtime1 stub}
  0x0000000111df0588: 3ec7 6395 | 80df 40f9 | 0bc0 0091 | 88e7 40f9 | 7f01 08eb | 481f 0054 | 8bdf 00f9 | ea03 40b2 
  0x0000000111df05a8: 0a00 00f9 | 6a04 60d2 | 0a7c 0129 | 0a40 0091 | 5f7d 00a9 | 5f7d 01a9 | bf3a 03d5 | e103 00aa 
  0x0000000111df05c8: ;   {metadata(method data for {method} {0x000000012d013db0} 'check' '(J)J' in 'org/lwjgl/system/Checks')}
  0x0000000111df05c8: 032c 98d2 | 43ae a5f2 | 2300 c0f2 | 6888 40f9 | 0805 0091 | 6888 00f9 | e103 00aa | e097 00f9 
  0x0000000111df05e8: ; ImmutableOopMap {[296]=Oop }
                      ;*invokespecial <init> {reexecute=0 rethrow=0 return_oop=0}
                      ; - org.lwjgl.system.Checks::check@10 (line 188)
                      ; - org.lwjgl.system.jawt.JAWTFunctions::nJAWT_DrawingSurface_FreeDrawingSurfaceInfo@7 (line 112)
                      ; - org.lwjgl.system.jawt.JAWTFunctions::JAWT_DrawingSurface_FreeDrawingSurfaceInfo@5 (line 119)
                      ; - org.lwjgl.opengl.awt.PlatformMacOSXGLCanvas::makeCurrent@147 (line 439)
                      ;   {optimized virtual_call}
  0x0000000111df05e8: e65e 6095 

  0x0000000111df05ec: ;   {other}
  0x0000000111df05ec: 1f20 03d5 | 9f4b 83f2 | 1fe0 81f2 | e097 40f9 | e700 0014 

  0x0000000111df0600: ;   {metadata({method} {0x000000012d0a9c10} 'makeCurrent' '(J)Z' in 'org/lwjgl/opengl/awt/PlatformMacOSXGLCanvas')}
  0x0000000111df0600: 0882 93d2 | 48a1 a5f2 | 2800 c0f2 | e807 00f9 | 0800 8092 | e803 00f9 

  0x0000000111df0618: ; ImmutableOopMap {c_rarg1=Oop [216]=Oop }
                      ;*synchronization entry
                      ; - org.lwjgl.opengl.awt.PlatformMacOSXGLCanvas::makeCurrent@-1 (line 422)
                      ;   {runtime_call counter_overflow Runtime1 stub}
  0x0000000111df0618: 3aca 6395 | b2fa ff17 

  0x0000000111df0620: ; ImmutableOopMap {c_rarg1=Oop c_rarg0=Oop [216]=Oop }
                      ;*invokevirtual GetDrawingSurfaceInfo {reexecute=0 rethrow=0 return_oop=0}
                      ; - org.lwjgl.opengl.awt.PlatformMacOSXGLCanvas::makeCurrent@19 (line 424)
                      ;   {runtime_call throw_null_pointer_exception Runtime1 stub}
  0x0000000111df0620: 58b1 6395 

  0x0000000111df0624: ;   {metadata({method} {0x000000012d0cf2b8} 'GetDrawingSurfaceInfo' '()J' in 'org/lwjgl/system/jawt/JAWTDrawingSurface')}
  0x0000000111df0624: 0857 9ed2 | 88a1 a5f2 | 2800 c0f2 | e807 00f9 | 0800 8092 | e803 00f9 

  0x0000000111df063c: ; ImmutableOopMap {c_rarg1=Oop c_rarg0=Oop [216]=Oop }
                      ;*synchronization entry
                      ; - org.lwjgl.system.jawt.JAWTDrawingSurface::GetDrawingSurfaceInfo@-1 (line 99)
                      ; - org.lwjgl.opengl.awt.PlatformMacOSXGLCanvas::makeCurrent@19 (line 424)
                      ;   {runtime_call counter_overflow Runtime1 stub}
  0x0000000111df063c: 31ca 6395 | d9fa ff17 

  0x0000000111df0644: ;   {metadata({method} {0x000000012d0cfb10} 'nGetDrawingSurfaceInfo' '(J)J' in 'org/lwjgl/system/jawt/JAWTDrawingSurface')}
  0x0000000111df0644: 0862 9fd2 | 88a1 a5f2 | 2800 c0f2 | e807 00f9 | 0800 8092 | e803 00f9 

  0x0000000111df065c: ; ImmutableOopMap {c_rarg1=Oop c_rarg0=Oop [216]=Oop }
                      ;*synchronization entry
                      ; - org.lwjgl.system.jawt.JAWTDrawingSurface::nGetDrawingSurfaceInfo@-1 (line 143)
                      ; - org.lwjgl.system.jawt.JAWTDrawingSurface::GetDrawingSurfaceInfo@4 (line 99)
                      ; - org.lwjgl.opengl.awt.PlatformMacOSXGLCanvas::makeCurrent@19 (line 424)
                      ;   {runtime_call counter_overflow Runtime1 stub}
  0x0000000111df065c: 29ca 6395 | 0afb ff17 

  0x0000000111df0664: ; ImmutableOopMap {c_rarg0=Oop [216]=Oop [232]=Oop }
                      ;*invokevirtual bounds {reexecute=0 rethrow=0 return_oop=0}
                      ; - org.lwjgl.opengl.awt.PlatformMacOSXGLCanvas::makeCurrent@27 (line 426)
                      ;   {runtime_call throw_null_pointer_exception Runtime1 stub}
  0x0000000111df0664: 47b1 6395 

  0x0000000111df0668: ;   {metadata({method} {0x000000012d708458} 'bounds' '()Lorg/lwjgl/system/jawt/JAWTRectangle;' in 'org/lwjgl/system/jawt/JAWTDrawingSurfaceInfo')}
  0x0000000111df0668: 088b 90d2 | 08ae a5f2 | 2800 c0f2 | e807 00f9 | 0800 8092 | e803 00f9 

  0x0000000111df0680: ; ImmutableOopMap {c_rarg0=Oop [216]=Oop [232]=Oop }
                      ;*synchronization entry
                      ; - org.lwjgl.system.jawt.JAWTDrawingSurfaceInfo::bounds@-1 (line 92)
                      ; - org.lwjgl.opengl.awt.PlatformMacOSXGLCanvas::makeCurrent@27 (line 426)
                      ;   {runtime_call counter_overflow Runtime1 stub}
  0x0000000111df0680: 20ca 6395 | 31fb ff17 

  0x0000000111df0688: ;   {metadata({method} {0x000000012d708bf0} 'nbounds' '(J)Lorg/lwjgl/system/jawt/JAWTRectangle;' in 'org/lwjgl/system/jawt/JAWTDrawingSurfaceInfo')}
  0x0000000111df0688: 087e 91d2 | 08ae a5f2 | 2800 c0f2 | e807 00f9 | 0800 8092 | e803 00f9 

  0x0000000111df06a0: ; ImmutableOopMap {c_rarg0=Oop [216]=Oop [232]=Oop }
                      ;*synchronization entry
                      ; - org.lwjgl.system.jawt.JAWTDrawingSurfaceInfo::nbounds@-1 (line 134)
                      ; - org.lwjgl.system.jawt.JAWTDrawingSurfaceInfo::bounds@4 (line 92)
                      ; - org.lwjgl.opengl.awt.PlatformMacOSXGLCanvas::makeCurrent@27 (line 426)
                      ;   {runtime_call counter_overflow Runtime1 stub}
  0x0000000111df06a0: 18ca 6395 | 62fb ff17 

  0x0000000111df06a8: ; ImmutableOopMap {c_rarg0=Oop [216]=Oop [232]=Oop }
                      ;*invokevirtual width {reexecute=0 rethrow=0 return_oop=0}
                      ; - org.lwjgl.opengl.awt.PlatformMacOSXGLCanvas::makeCurrent@30 (line 426)
                      ;   {runtime_call throw_null_pointer_exception Runtime1 stub}
  0x0000000111df06a8: 36b1 6395 

  0x0000000111df06ac: ;   {metadata({method} {0x000000012d709e98} 'width' '()I' in 'org/lwjgl/system/jawt/JAWTRectangle')}
  0x0000000111df06ac: 08d3 93d2 | 08ae a5f2 | 2800 c0f2 | e807 00f9 | 0800 8092 | e803 00f9 

  0x0000000111df06c4: ; ImmutableOopMap {c_rarg0=Oop [216]=Oop [232]=Oop }
                      ;*synchronization entry
                      ; - org.lwjgl.system.jawt.JAWTRectangle::width@-1 (line 90)
                      ; - org.lwjgl.opengl.awt.PlatformMacOSXGLCanvas::makeCurrent@30 (line 426)
                      ;   {runtime_call counter_overflow Runtime1 stub}
  0x0000000111df06c4: 0fca 6395 | 7dfb ff17 

  0x0000000111df06cc: ;   {metadata({method} {0x000000012d70b2d8} 'nwidth' '(J)I' in 'org/lwjgl/system/jawt/JAWTRectangle')}
  0x0000000111df06cc: 085b 96d2 | 08ae a5f2 | 2800 c0f2 | e807 00f9 | 0800 8092 | e803 00f9 

  0x0000000111df06e4: ; ImmutableOopMap {[216]=Oop [232]=Oop }
                      ;*synchronization entry
                      ; - org.lwjgl.system.jawt.JAWTRectangle::nwidth@-1 (line 247)
                      ; - org.lwjgl.system.jawt.JAWTRectangle::width@4 (line 90)
                      ; - org.lwjgl.opengl.awt.PlatformMacOSXGLCanvas::makeCurrent@30 (line 426)
                      ;   {runtime_call counter_overflow Runtime1 stub}
  0x0000000111df06e4: 07ca 6395 | aefb ff17 

  0x0000000111df06ec: ;   {metadata({method} {0x000000012ae08d70} 'memGetInt' '(J)I' in 'org/lwjgl/system/MemoryUtil')}
  0x0000000111df06ec: 08ae 91d2 | 085c a5f2 | 2800 c0f2 | e807 00f9 | 0800 8092 | e803 00f9 

  0x0000000111df0704: ; ImmutableOopMap {[216]=Oop [232]=Oop }
                      ;*synchronization entry
                      ; - org.lwjgl.system.MemoryUtil::memGetInt@-1 (line 2476)
                      ; - org.lwjgl.system.jawt.JAWTRectangle::nwidth@6 (line 247)
                      ; - org.lwjgl.system.jawt.JAWTRectangle::width@4 (line 90)
                      ; - org.lwjgl.opengl.awt.PlatformMacOSXGLCanvas::makeCurrent@30 (line 426)
                      ;   {runtime_call counter_overflow Runtime1 stub}
  0x0000000111df0704: ffc9 6395 | b6fb ff17 

  0x0000000111df070c: ;   {metadata({method} {0x000000012d12f1f0} 'getInt' '(Ljava/lang/Object;J)I' in 'sun/misc/Unsafe')}
  0x0000000111df070c: 083e 9ed2 | 48a2 a5f2 | 2800 c0f2 | e807 00f9 | 0800 8092 | e803 00f9 

  0x0000000111df0724: ; ImmutableOopMap {c_rarg0=Oop [216]=Oop [232]=Oop }
                      ;*synchronization entry
                      ; - sun.misc.Unsafe::getInt@-1 (line 164)
                      ; - org.lwjgl.system.MemoryUtil::memGetInt@5 (line 2476)
                      ; - org.lwjgl.system.jawt.JAWTRectangle::nwidth@6 (line 247)
                      ; - org.lwjgl.system.jawt.JAWTRectangle::width@4 (line 90)
                      ; - org.lwjgl.opengl.awt.PlatformMacOSXGLCanvas::makeCurrent@30 (line 426)
                      ;   {runtime_call counter_overflow Runtime1 stub}
  0x0000000111df0724: f7c9 6395 | ddfb ff17 

  0x0000000111df072c: ;   {metadata({method} {0x000000012d708458} 'bounds' '()Lorg/lwjgl/system/jawt/JAWTRectangle;' in 'org/lwjgl/system/jawt/JAWTDrawingSurfaceInfo')}
  0x0000000111df072c: 088b 90d2 | 08ae a5f2 | 2800 c0f2 | e807 00f9 | 0800 8092 | e803 00f9 

  0x0000000111df0744: ; ImmutableOopMap {c_rarg0=Oop [216]=Oop [232]=Oop }
                      ;*synchronization entry
                      ; - org.lwjgl.system.jawt.JAWTDrawingSurfaceInfo::bounds@-1 (line 92)
                      ; - org.lwjgl.opengl.awt.PlatformMacOSXGLCanvas::makeCurrent@36 (line 427)
                      ;   {runtime_call counter_overflow Runtime1 stub}
  0x0000000111df0744: efc9 6395 | edfb ff17 

  0x0000000111df074c: ;   {metadata({method} {0x000000012d708bf0} 'nbounds' '(J)Lorg/lwjgl/system/jawt/JAWTRectangle;' in 'org/lwjgl/system/jawt/JAWTDrawingSurfaceInfo')}
  0x0000000111df074c: 087e 91d2 | 08ae a5f2 | 2800 c0f2 | e807 00f9 | 0800 8092 | e803 00f9 

  0x0000000111df0764: ; ImmutableOopMap {c_rarg0=Oop c_rarg3=Oop [216]=Oop [232]=Oop }
                      ;*synchronization entry
                      ; - org.lwjgl.system.jawt.JAWTDrawingSurfaceInfo::nbounds@-1 (line 134)
                      ; - org.lwjgl.system.jawt.JAWTDrawingSurfaceInfo::bounds@4 (line 92)
                      ; - org.lwjgl.opengl.awt.PlatformMacOSXGLCanvas::makeCurrent@36 (line 427)
                      ;   {runtime_call counter_overflow Runtime1 stub}
  0x0000000111df0764: e7c9 6395 | 1ffc ff17 

  0x0000000111df076c: ; ImmutableOopMap {c_rarg0=Oop [216]=Oop [232]=Oop [248]=Oop }
                      ;*invokevirtual height {reexecute=0 rethrow=0 return_oop=0}
                      ; - org.lwjgl.opengl.awt.PlatformMacOSXGLCanvas::makeCurrent@39 (line 427)
                      ;   {runtime_call throw_null_pointer_exception Runtime1 stub}
  0x0000000111df076c: 05b1 6395 

  0x0000000111df0770: ;   {metadata({method} {0x000000012d709f78} 'height' '()I' in 'org/lwjgl/system/jawt/JAWTRectangle')}
  0x0000000111df0770: 08ef 93d2 | 08ae a5f2 | 2800 c0f2 | e807 00f9 | 0800 8092 | e803 00f9 

  0x0000000111df0788: ; ImmutableOopMap {c_rarg0=Oop [216]=Oop [232]=Oop [248]=Oop }
                      ;*synchronization entry
                      ; - org.lwjgl.system.jawt.JAWTRectangle::height@-1 (line 93)
                      ; - org.lwjgl.opengl.awt.PlatformMacOSXGLCanvas::makeCurrent@39 (line 427)
                      ;   {runtime_call counter_overflow Runtime1 stub}
  0x0000000111df0788: dec9 6395 | 39fc ff17 

  0x0000000111df0790: ;   {metadata({method} {0x000000012d70b398} 'nheight' '(J)I' in 'org/lwjgl/system/jawt/JAWTRectangle')}
  0x0000000111df0790: 0873 96d2 | 08ae a5f2 | 2800 c0f2 | e807 00f9 | 0800 8092 | e803 00f9 

  0x0000000111df07a8: ; ImmutableOopMap {[216]=Oop [232]=Oop [248]=Oop }
                      ;*synchronization entry
                      ; - org.lwjgl.system.jawt.JAWTRectangle::nheight@-1 (line 249)
                      ; - org.lwjgl.system.jawt.JAWTRectangle::height@4 (line 93)
                      ; - org.lwjgl.opengl.awt.PlatformMacOSXGLCanvas::makeCurrent@39 (line 427)
                      ;   {runtime_call counter_overflow Runtime1 stub}
  0x0000000111df07a8: d6c9 6395 | 6afc ff17 

  0x0000000111df07b0: ;   {metadata({method} {0x000000012ae08d70} 'memGetInt' '(J)I' in 'org/lwjgl/system/MemoryUtil')}
  0x0000000111df07b0: 08ae 91d2 | 085c a5f2 | 2800 c0f2 | e807 00f9 | 0800 8092 | e803 00f9 

  0x0000000111df07c8: ; ImmutableOopMap {[216]=Oop [232]=Oop [248]=Oop }
                      ;*synchronization entry
                      ; - org.lwjgl.system.MemoryUtil::memGetInt@-1 (line 2476)
                      ; - org.lwjgl.system.jawt.JAWTRectangle::nheight@6 (line 249)
                      ; - org.lwjgl.system.jawt.JAWTRectangle::height@4 (line 93)
                      ; - org.lwjgl.opengl.awt.PlatformMacOSXGLCanvas::makeCurrent@39 (line 427)
                      ;   {runtime_call counter_overflow Runtime1 stub}
  0x0000000111df07c8: cec9 6395 | 72fc ff17 

  0x0000000111df07d0: ;   {metadata({method} {0x000000012d12f1f0} 'getInt' '(Ljava/lang/Object;J)I' in 'sun/misc/Unsafe')}
  0x0000000111df07d0: 083e 9ed2 | 48a2 a5f2 | 2800 c0f2 | e807 00f9 | 0800 8092 | e803 00f9 

  0x0000000111df07e8: ; ImmutableOopMap {[216]=Oop [232]=Oop }
                      ;*synchronization entry
                      ; - sun.misc.Unsafe::getInt@-1 (line 164)
                      ; - org.lwjgl.system.MemoryUtil::memGetInt@5 (line 2476)
                      ; - org.lwjgl.system.jawt.JAWTRectangle::nheight@6 (line 249)
                      ; - org.lwjgl.system.jawt.JAWTRectangle::height@4 (line 93)
                      ; - org.lwjgl.opengl.awt.PlatformMacOSXGLCanvas::makeCurrent@39 (line 427)
                      ;   {runtime_call counter_overflow Runtime1 stub}
  0x0000000111df07e8: c6c9 6395 | 96fc ff17 

  0x0000000111df07f0: ; ImmutableOopMap {c_rarg1=Oop c_rarg4=Oop [216]=Oop [232]=Oop }
                      ;*invokevirtual getGraphicsConfiguration {reexecute=0 rethrow=0 return_oop=0}
                      ; - org.lwjgl.opengl.awt.PlatformMacOSXGLCanvas::makeCurrent@66 (line 430)
                      ;   {runtime_call throw_null_pointer_exception Runtime1 stub}
  0x0000000111df07f0: e4b0 6395 

  0x0000000111df07f4: ;   {metadata({method} {0x00000001293fc238} 'getGraphicsConfiguration' '()Ljava/awt/GraphicsConfiguration;' in 'java/awt/Component')}
  0x0000000111df07f4: 0847 98d2 | e827 a5f2 | 2800 c0f2 | e807 00f9 | 0800 8092 | e803 00f9 

  0x0000000111df080c: ; ImmutableOopMap {c_rarg1=Oop c_rarg4=Oop [216]=Oop [232]=Oop }
                      ;*synchronization entry
                      ; - java.awt.Component::getGraphicsConfiguration@-1 (line 1158)
                      ; - org.lwjgl.opengl.awt.PlatformMacOSXGLCanvas::makeCurrent@66 (line 430)
                      ;   {runtime_call counter_overflow Runtime1 stub}
  0x0000000111df080c: bdc9 6395 | dffc ff17 

  0x0000000111df0814: ; ImmutableOopMap {c_rarg1=Oop c_rarg4=Oop [216]=Oop [232]=Oop }
                      ;*invokevirtual getDefaultTransform {reexecute=0 rethrow=0 return_oop=0}
                      ; - org.lwjgl.opengl.awt.PlatformMacOSXGLCanvas::makeCurrent@69 (line 430)
                      ;   {runtime_call throw_null_pointer_exception Runtime1 stub}
  0x0000000111df0814: dbb0 6395 

  0x0000000111df0818: ; ImmutableOopMap {c_rarg0=Oop [216]=Oop [232]=Oop }
                      ;*invokevirtual getScaleX {reexecute=0 rethrow=0 return_oop=0}
                      ; - org.lwjgl.opengl.awt.PlatformMacOSXGLCanvas::makeCurrent@79 (line 431)
                      ;   {runtime_call throw_null_pointer_exception Runtime1 stub}
  0x0000000111df0818: dab0 6395 

  0x0000000111df081c: ; ImmutableOopMap {[216]=Oop [232]=Oop }
                      ;*newarray {reexecute=0 rethrow=0 return_oop=0}
                      ; - org.lwjgl.opengl.awt.PlatformMacOSXGLCanvas::makeCurrent@103 (line 433)
                      ;   {runtime_call new_type_array Runtime1 stub}
  0x0000000111df081c: 59b6 6395 | 5ffd ff17 

  0x0000000111df0824: ; ImmutableOopMap {c_rarg1=Oop [232]=Oop }
                      ;*invokevirtual FreeDrawingSurfaceInfo {reexecute=0 rethrow=0 return_oop=0}
                      ; - org.lwjgl.opengl.awt.PlatformMacOSXGLCanvas::makeCurrent@144 (line 439)
                      ;   {runtime_call throw_null_pointer_exception Runtime1 stub}
  0x0000000111df0824: d7b0 6395 

  0x0000000111df0828: ;   {metadata({method} {0x000000012d0cf398} 'FreeDrawingSurfaceInfo' '()J' in 'org/lwjgl/system/jawt/JAWTDrawingSurface')}
  0x0000000111df0828: 0873 9ed2 | 88a1 a5f2 | 2800 c0f2 | e807 00f9 | 0800 8092 | e803 00f9 

  0x0000000111df0840: ; ImmutableOopMap {c_rarg1=Oop [232]=Oop }
                      ;*synchronization entry
                      ; - org.lwjgl.system.jawt.JAWTDrawingSurface::FreeDrawingSurfaceInfo@-1 (line 102)
                      ; - org.lwjgl.opengl.awt.PlatformMacOSXGLCanvas::makeCurrent@144 (line 439)
                      ;   {runtime_call counter_overflow Runtime1 stub}
  0x0000000111df0840: b0c9 6395 | 8dfd ff17 

  0x0000000111df0848: ;   {metadata({method} {0x000000012d0cfbd0} 'nFreeDrawingSurfaceInfo' '(J)J' in 'org/lwjgl/system/jawt/JAWTDrawingSurface')}
  0x0000000111df0848: 087a 9fd2 | 88a1 a5f2 | 2800 c0f2 | e807 00f9 | 0800 8092 | e803 00f9 

  0x0000000111df0860: ; ImmutableOopMap {[232]=Oop }
                      ;*synchronization entry
                      ; - org.lwjgl.system.jawt.JAWTDrawingSurface::nFreeDrawingSurfaceInfo@-1 (line 145)
                      ; - org.lwjgl.system.jawt.JAWTDrawingSurface::FreeDrawingSurfaceInfo@4 (line 102)
                      ; - org.lwjgl.opengl.awt.PlatformMacOSXGLCanvas::makeCurrent@144 (line 439)
                      ;   {runtime_call counter_overflow Runtime1 stub}
  0x0000000111df0860: a8c9 6395 | befd ff17 

  0x0000000111df0868: ;   {metadata({method} {0x000000012d0b2938} 'JAWT_DrawingSurface_FreeDrawingSurfaceInfo' '(Lorg/lwjgl/system/jawt/JAWTDrawingSurfaceInfo;J)V' in 'org/lwjgl/system/jawt/JAWTFunctions')}
  0x0000000111df0868: 0827 85d2 | 68a1 a5f2 | 2800 c0f2 | e807 00f9 | 0800 8092 | e803 00f9 

  0x0000000111df0880: ; ImmutableOopMap {[232]=Oop }
                      ;*synchronization entry
                      ; - org.lwjgl.system.jawt.JAWTFunctions::JAWT_DrawingSurface_FreeDrawingSurfaceInfo@-1 (line 119)
                      ; - org.lwjgl.opengl.awt.PlatformMacOSXGLCanvas::makeCurrent@147 (line 439)
                      ;   {runtime_call counter_overflow Runtime1 stub}
  0x0000000111df0880: a0c9 6395 | d0fd ff17 

  0x0000000111df0888: ;   {metadata({method} {0x000000012d0b2850} 'nJAWT_DrawingSurface_FreeDrawingSurfaceInfo' '(JJ)V' in 'org/lwjgl/system/jawt/JAWTFunctions')}
  0x0000000111df0888: 080a 85d2 | 68a1 a5f2 | 2800 c0f2 | e807 00f9 | 0800 8092 | e803 00f9 

  0x0000000111df08a0: ; ImmutableOopMap {}
                      ;*synchronization entry
                      ; - org.lwjgl.system.jawt.JAWTFunctions::nJAWT_DrawingSurface_FreeDrawingSurfaceInfo@-1 (line 111)
                      ; - org.lwjgl.system.jawt.JAWTFunctions::JAWT_DrawingSurface_FreeDrawingSurfaceInfo@5 (line 119)
                      ; - org.lwjgl.opengl.awt.PlatformMacOSXGLCanvas::makeCurrent@147 (line 439)
                      ;   {runtime_call counter_overflow Runtime1 stub}
  0x0000000111df08a0: 98c9 6395 | 02fe ff17 

  0x0000000111df08a8: ;   {metadata({method} {0x000000012d013db0} 'check' '(J)J' in 'org/lwjgl/system/Checks')}
  0x0000000111df08a8: 08b6 87d2 | 28a0 a5f2 | 2800 c0f2 | e807 00f9 | 0800 8092 | e803 00f9 

  0x0000000111df08c0: ; ImmutableOopMap {}
                      ;*synchronization entry
                      ; - org.lwjgl.system.Checks::check@-1 (line 187)
                      ; - org.lwjgl.system.jawt.JAWTFunctions::nJAWT_DrawingSurface_FreeDrawingSurfaceInfo@7 (line 112)
                      ; - org.lwjgl.system.jawt.JAWTFunctions::JAWT_DrawingSurface_FreeDrawingSurfaceInfo@5 (line 119)
                      ; - org.lwjgl.opengl.awt.PlatformMacOSXGLCanvas::makeCurrent@147 (line 439)
                      ;   {runtime_call counter_overflow Runtime1 stub}
  0x0000000111df08c0: 90c9 6395 | 0ffe ff17 

  0x0000000111df08c8: ; ImmutableOopMap {c_rarg1=Oop [232]=Oop [264]=Oop }
                      ;*invokevirtual FreeDrawingSurfaceInfo {reexecute=0 rethrow=0 return_oop=0}
                      ; - org.lwjgl.opengl.awt.PlatformMacOSXGLCanvas::makeCurrent@160 (line 439)
                      ;   {runtime_call throw_null_pointer_exception Runtime1 stub}
  0x0000000111df08c8: aeb0 6395 

  0x0000000111df08cc: ;   {metadata({method} {0x000000012d0cf398} 'FreeDrawingSurfaceInfo' '()J' in 'org/lwjgl/system/jawt/JAWTDrawingSurface')}
  0x0000000111df08cc: 0873 9ed2 | 88a1 a5f2 | 2800 c0f2 | e807 00f9 | 0800 8092 | e803 00f9 

  0x0000000111df08e4: ; ImmutableOopMap {c_rarg1=Oop [232]=Oop [264]=Oop }
                      ;*synchronization entry
                      ; - org.lwjgl.system.jawt.JAWTDrawingSurface::FreeDrawingSurfaceInfo@-1 (line 102)
                      ; - org.lwjgl.opengl.awt.PlatformMacOSXGLCanvas::makeCurrent@160 (line 439)
                      ;   {runtime_call counter_overflow Runtime1 stub}
  0x0000000111df08e4: 87c9 6395 | 3dfe ff17 

  0x0000000111df08ec: ;   {metadata({method} {0x000000012d0cfbd0} 'nFreeDrawingSurfaceInfo' '(J)J' in 'org/lwjgl/system/jawt/JAWTDrawingSurface')}
  0x0000000111df08ec: 087a 9fd2 | 88a1 a5f2 | 2800 c0f2 | e807 00f9 | 0800 8092 | e803 00f9 

  0x0000000111df0904: ; ImmutableOopMap {[232]=Oop [264]=Oop }
                      ;*synchronization entry
                      ; - org.lwjgl.system.jawt.JAWTDrawingSurface::nFreeDrawingSurfaceInfo@-1 (line 145)
                      ; - org.lwjgl.system.jawt.JAWTDrawingSurface::FreeDrawingSurfaceInfo@4 (line 102)
                      ; - org.lwjgl.opengl.awt.PlatformMacOSXGLCanvas::makeCurrent@160 (line 439)
                      ;   {runtime_call counter_overflow Runtime1 stub}
  0x0000000111df0904: 7fc9 6395 | 6efe ff17 

  0x0000000111df090c: ;   {metadata({method} {0x000000012d0b2938} 'JAWT_DrawingSurface_FreeDrawingSurfaceInfo' '(Lorg/lwjgl/system/jawt/JAWTDrawingSurfaceInfo;J)V' in 'org/lwjgl/system/jawt/JAWTFunctions')}
  0x0000000111df090c: 0827 85d2 | 68a1 a5f2 | 2800 c0f2 | e807 00f9 | 0800 8092 | e803 00f9 

  0x0000000111df0924: ; ImmutableOopMap {[232]=Oop [264]=Oop }
                      ;*synchronization entry
                      ; - org.lwjgl.system.jawt.JAWTFunctions::JAWT_DrawingSurface_FreeDrawingSurfaceInfo@-1 (line 119)
                      ; - org.lwjgl.opengl.awt.PlatformMacOSXGLCanvas::makeCurrent@163 (line 439)
                      ;   {runtime_call counter_overflow Runtime1 stub}
  0x0000000111df0924: 77c9 6395 | 80fe ff17 

  0x0000000111df092c: ; ImmutableOopMap {c_rarg1=Oop [232]=Oop [264]=Oop }
                      ;*invokevirtual address {reexecute=0 rethrow=0 return_oop=0}
                      ; - org.lwjgl.system.jawt.JAWTFunctions::JAWT_DrawingSurface_FreeDrawingSurfaceInfo@1 (line 119)
                      ; - org.lwjgl.opengl.awt.PlatformMacOSXGLCanvas::makeCurrent@163 (line 439)
                      ;   {runtime_call throw_null_pointer_exception Runtime1 stub}
  0x0000000111df092c: 95b0 6395 

  0x0000000111df0930: ;   {metadata({method} {0x000000012d0b2850} 'nJAWT_DrawingSurface_FreeDrawingSurfaceInfo' '(JJ)V' in 'org/lwjgl/system/jawt/JAWTFunctions')}
  0x0000000111df0930: 080a 85d2 | 68a1 a5f2 | 2800 c0f2 | e807 00f9 | 0800 8092 | e803 00f9 

  0x0000000111df0948: ; ImmutableOopMap {[264]=Oop }
                      ;*synchronization entry
                      ; - org.lwjgl.system.jawt.JAWTFunctions::nJAWT_DrawingSurface_FreeDrawingSurfaceInfo@-1 (line 111)
                      ; - org.lwjgl.system.jawt.JAWTFunctions::JAWT_DrawingSurface_FreeDrawingSurfaceInfo@5 (line 119)
                      ; - org.lwjgl.opengl.awt.PlatformMacOSXGLCanvas::makeCurrent@163 (line 439)
                      ;   {runtime_call counter_overflow Runtime1 stub}
  0x0000000111df0948: 6ec9 6395 | b2fe ff17 

  0x0000000111df0950: ;   {metadata({method} {0x000000012d013db0} 'check' '(J)J' in 'org/lwjgl/system/Checks')}
  0x0000000111df0950: 08b6 87d2 | 28a0 a5f2 | 2800 c0f2 | e807 00f9 | 0800 8092 | e803 00f9 

  0x0000000111df0968: ; ImmutableOopMap {[264]=Oop }
                      ;*synchronization entry
                      ; - org.lwjgl.system.Checks::check@-1 (line 187)
                      ; - org.lwjgl.system.jawt.JAWTFunctions::nJAWT_DrawingSurface_FreeDrawingSurfaceInfo@7 (line 112)
                      ; - org.lwjgl.system.jawt.JAWTFunctions::JAWT_DrawingSurface_FreeDrawingSurfaceInfo@5 (line 119)
                      ; - org.lwjgl.opengl.awt.PlatformMacOSXGLCanvas::makeCurrent@163 (line 439)
                      ;   {runtime_call counter_overflow Runtime1 stub}
  0x0000000111df0968: 66c9 6395 | bffe ff17 

  0x0000000111df0970: ;   {internal_word}
  0x0000000111df0970: 08dc ff10 | 8837 02f9 

  0x0000000111df0978: ;   {runtime_call SafepointBlob}
  0x0000000111df0978: e277 6015 

  0x0000000111df097c: ; ImmutableOopMap {[264]=Oop }
                      ;*new {reexecute=0 rethrow=0 return_oop=0}
                      ; - org.lwjgl.system.Checks::check@6 (line 188)
                      ; - org.lwjgl.system.jawt.JAWTFunctions::nJAWT_DrawingSurface_FreeDrawingSurfaceInfo@7 (line 112)
                      ; - org.lwjgl.system.jawt.JAWTFunctions::JAWT_DrawingSurface_FreeDrawingSurfaceInfo@5 (line 119)
                      ; - org.lwjgl.opengl.awt.PlatformMacOSXGLCanvas::makeCurrent@163 (line 439)
                      ;   {runtime_call fast_new_instance Runtime1 stub}
  0x0000000111df097c: 81b4 6395 | f2fe ff17 

  0x0000000111df0984: ; ImmutableOopMap {}
                      ;*new {reexecute=0 rethrow=0 return_oop=0}
                      ; - org.lwjgl.system.Checks::check@6 (line 188)
                      ; - org.lwjgl.system.jawt.JAWTFunctions::nJAWT_DrawingSurface_FreeDrawingSurfaceInfo@7 (line 112)
                      ; - org.lwjgl.system.jawt.JAWTFunctions::JAWT_DrawingSurface_FreeDrawingSurfaceInfo@5 (line 119)
                      ; - org.lwjgl.opengl.awt.PlatformMacOSXGLCanvas::makeCurrent@147 (line 439)
                      ;   {runtime_call fast_new_instance Runtime1 stub}
  0x0000000111df0984: 7fb4 6395 | 0fff ff17 | 8083 42f9 | 9f83 02f9 | 9f87 02f9 | fd7b 55a9 | ff83 0591 

  0x0000000111df09a0: ;   {runtime_call unwind_exception Runtime1 stub}
  0x0000000111df09a0: b8ac 6315 | 0000 0000 
[Stub Code]
  0x0000000111df09a8: ;   {no_reloc}
  0x0000000111df09a8: 4800 0058 | 0001 1fd6 | c018 df11 | 0100 0000 

  0x0000000111df09b8: ;   {trampoline_stub}
  0x0000000111df09b8: 4800 0058 | 0001 1fd6 | 001f 5418 | 0100 0000 

  0x0000000111df09c8: ;   {trampoline_stub}
  0x0000000111df09c8: 4800 0058 | 0001 1fd6 | e80a df11 | 0100 0000 

  0x0000000111df09d8: ;   {trampoline_stub}
  0x0000000111df09d8: 4800 0058 | 0001 1fd6 | c029 4010 | 0100 0000 

  0x0000000111df09e8: ;   {trampoline_stub}
  0x0000000111df09e8: 4800 0058 | 0001 1fd6 | c029 4010 | 0100 0000 

  0x0000000111df09f8: ;   {static_stub}
  0x0000000111df09f8: df3f 03d5 

  0x0000000111df09fc: ;   {metadata(nullptr)}
  0x0000000111df09fc: 0c00 80d2 | 0c00 a0f2 | 0c00 c0f2 | 0800 80d2 | 0800 a0f2 | 0800 c0f2 | 0001 1fd6 

  0x0000000111df0a18: ;   {trampoline_stub}
  0x0000000111df0a18: 4800 0058 | 0001 1fd6 | 8081 6017 | 0100 0000 

  0x0000000111df0a28: ;   {trampoline_stub}
  0x0000000111df0a28: 4800 0058 | 0001 1fd6 | 8087 6017 | 0100 0000 

  0x0000000111df0a38: ;   {trampoline_stub}
  0x0000000111df0a38: 4800 0058 | 0001 1fd6 | 8087 6017 | 0100 0000 

  0x0000000111df0a48: ;   {trampoline_stub}
  0x0000000111df0a48: 4800 0058 | 0001 1fd6 | 001f 5418 | 0100 0000 

  0x0000000111df0a58: ;   {trampoline_stub}
  0x0000000111df0a58: 4800 0058 | 0001 1fd6 | 502b 5418 | 0100 0000 

  0x0000000111df0a68: ;   {trampoline_stub}
  0x0000000111df0a68: 4800 0058 | 0001 1fd6 | 8087 6017 | 0100 0000 

  0x0000000111df0a78: ;   {trampoline_stub}
  0x0000000111df0a78: 4800 0058 | 0001 1fd6 | 8087 6017 | 0100 0000 

  0x0000000111df0a88: ;   {trampoline_stub}
  0x0000000111df0a88: 4800 0058 | 0001 1fd6 | 8081 6017 | 0100 0000 

  0x0000000111df0a98: ;   {trampoline_stub}
  0x0000000111df0a98: 4800 0058 | 0001 1fd6 | 8081 6017 | 0100 0000 

  0x0000000111df0aa8: ;   {static_stub}
  0x0000000111df0aa8: df3f 03d5 

  0x0000000111df0aac: ;   {metadata(nullptr)}
  0x0000000111df0aac: 0c00 80d2 | 0c00 a0f2 | 0c00 c0f2 | 0800 80d2 | 0800 a0f2 | 0800 c0f2 | 0001 1fd6 

  0x0000000111df0ac8: ;   {static_stub}
  0x0000000111df0ac8: df3f 03d5 

  0x0000000111df0acc: ;   {metadata(nullptr)}
  0x0000000111df0acc: 0c00 80d2 | 0c00 a0f2 | 0c00 c0f2 | 0800 80d2 | 0800 a0f2 | 0800 c0f2 | 0001 1fd6 

  0x0000000111df0ae8: ;   {static_stub}
  0x0000000111df0ae8: df3f 03d5 

  0x0000000111df0aec: ;   {metadata({method} {0x000000012d0b2730} 'JAWT_DrawingSurface_GetDrawingSurfaceInfo' '(Lorg/lwjgl/system/jawt/JAWTDrawingSurface;J)Lorg/lwjgl/system/jawt/JAWTDrawingSurfaceInfo;' in 'org/lwjgl/system/jawt/JAWTFunctions')}
  0x0000000111df0aec: 0ce6 84d2 | 6ca1 a5f2 | 2c00 c0f2 | 088b 9bd2 | 08ec a2f2 | 2800 c0f2 | 0001 1fd6 

  0x0000000111df0b08: ;   {static_stub}
  0x0000000111df0b08: df3f 03d5 

  0x0000000111df0b0c: ;   {metadata({method} {0x000000012d70a828} 'create' '(J)Lorg/lwjgl/system/jawt/JAWTRectangle;' in 'org/lwjgl/system/jawt/JAWTRectangle')}
  0x0000000111df0b0c: 0c05 95d2 | 0cae a5f2 | 2c00 c0f2 | 885a 80d2 | e8eb a2f2 | 2800 c0f2 | 0001 1fd6 

  0x0000000111df0b28: ;   {static_stub}
  0x0000000111df0b28: df3f 03d5 

  0x0000000111df0b2c: ;   {metadata(nullptr)}
  0x0000000111df0b2c: 0c00 80d2 | 0c00 a0f2 | 0c00 c0f2 | 0800 80d2 | 0800 a0f2 | 0800 c0f2 | 0001 1fd6 

  0x0000000111df0b48: ;   {static_stub}
  0x0000000111df0b48: df3f 03d5 

  0x0000000111df0b4c: ;   {metadata(nullptr)}
  0x0000000111df0b4c: 0c00 80d2 | 0c00 a0f2 | 0c00 c0f2 | 0800 80d2 | 0800 a0f2 | 0800 c0f2 | 0001 1fd6 

  0x0000000111df0b68: ;   {static_stub}
  0x0000000111df0b68: df3f 03d5 

  0x0000000111df0b6c: ;   {metadata(nullptr)}
  0x0000000111df0b6c: 0c00 80d2 | 0c00 a0f2 | 0c00 c0f2 | 0800 80d2 | 0800 a0f2 | 0800 c0f2 | 0001 1fd6 

  0x0000000111df0b88: ;   {static_stub}
  0x0000000111df0b88: df3f 03d5 

  0x0000000111df0b8c: ;   {metadata(nullptr)}
  0x0000000111df0b8c: 0c00 80d2 | 0c00 a0f2 | 0c00 c0f2 | 0800 80d2 | 0800 a0f2 | 0800 c0f2 | 0001 1fd6 
[Exception Handler]
  0x0000000111df0ba8: ;   {runtime_call handle_exception_from_callee Runtime1 stub}
  0x0000000111df0ba8: 16ba 6395 | c1d5 bbd4 | 560f 3307 | 0100 0000 
[Deopt Handler Code]
  0x0000000111df0bb8: 1e00 0010 

  0x0000000111df0bbc: ;   {runtime_call DeoptimizationBlob}
  0x0000000111df0bbc: 2178 6015 
[/MachCode]


Compiled method (n/a) 16651 17628     n 0       jdk.internal.vm.Continuation::enterSpecial (native)
 total in heap  [0x00000001184ec510,0x00000001184ec8a0] = 912
 relocation     [0x00000001184ec660,0x00000001184ec690] = 48
 main code      [0x00000001184ec6c0,0x00000001184ec830] = 368
 stub code      [0x00000001184ec830,0x00000001184ec890] = 96
 metadata       [0x00000001184ec890,0x00000001184ec8a0] = 16

[Constant Pool (empty)]

[MachCode]
[Entry Point]
  # {method} {0x0000000300088428} 'enterSpecial' '(Ljdk/internal/vm/Continuation;ZZ)V' in 'jdk/internal/vm/Continuation'
  # parm0:    c_rarg1:c_rarg1 
                        = 'jdk/internal/vm/Continuation'
  # parm1:    c_rarg2   = boolean
  # parm2:    c_rarg3   = boolean
  #           [sp+0x50]  (sp of caller)
  0x00000001184ec6c0: 8286 40a9 | 8302 40f9 | 88a3 42f9 | ff63 28eb | 6900 0054 | e803 0091 | 88a3 02f9 | fd7b bfa9 
  0x00000001184ec6e0: fd03 0091 | ff03 01d1 | 889f 42f9 | e807 00f9 | e803 0091 | 889f 02f9 | e10b 00f9 | e323 00b9 
  0x00000001184ec700: ff0f 00f9 | ff27 00b9 | ff3b 00b9 | 88a3 42f9 | e817 00f9 | 88ab 42f9 | e81b 00f9 | 9fa3 02f9 
  0x00000001184ec720: 9fab 02f9 | e203 00b5 

  0x00000001184ec728: ; ImmutableOopMap {}
                      ;   {static_call}
  0x00000001184ec728: 1670 c497 

  0x00000001184ec72c: ;   {other}
  0x00000001184ec72c: 1f20 03d5 | 9f43 80f2 | 1f00 80f2 | 1e00 0014 | 1f20 03d5 
[Verified Entry Point]
  0x00000001184ec740: fd7b bfa9 | fd03 0091 | ff03 01d1 | 889f 42f9 | e807 00f9 | e803 0091 | 889f 02f9 | e10b 00f9 
  0x00000001184ec760: e323 00b9 | ff0f 00f9 | ff27 00b9 | ff3b 00b9 | 88a3 42f9 | e817 00f9 | 88ab 42f9 | e81b 00f9 
  0x00000001184ec780: 9fa3 02f9 | 9fab 02f9 | c200 00b5 

  0x00000001184ec78c: ; ImmutableOopMap {}
                      ;   {static_call}
  0x00000001184ec78c: 3900 0094 

  0x00000001184ec790: ;   {other}
  0x00000001184ec790: 1f20 03d5 | 1f50 80f2 | 1f20 80f2 | 0500 0014 

  0x00000001184ec7a0: ; ImmutableOopMap {}
                      ;   {runtime_call StubRoutines (continuation stubs)}
  0x00000001184ec7a0: 588b c397 

  0x00000001184ec7a4: ;   {other}
  0x00000001184ec7a4: 1f20 03d5 | 9f52 80f2 | 1f40 80f2 | e817 40f9 | 88a3 02f9 | e81b 40f9 | 88ab 02f9 | e907 40f9 
  0x00000001184ec7c4: 899f 02f9 | fd03 0191 | bf03 0091 | fd7b c1a8 | c003 5fd6 
[Exception Handler]
  0x00000001184ec7d8: f303 00aa | e817 40f9 | 88a3 02f9 | e81b 40f9 | 88ab 02f9 | e907 40f9 | 899f 02f9 | fd03 0191 
  0x00000001184ec7f8: a107 40f9 | e003 1caa | e833 bfa9 | 08eb 8cd2 | c8e0 a0f2 | 2800 c0f2 | 0001 3fd6 | e833 c1a8 
  0x00000001184ec818: e103 00aa | e003 13aa | bf03 0091 | fd7b c1a8 | e303 1eaa | 2000 1fd6 
[Stub Code]
  0x00000001184ec830: ;   {no_reloc}
  0x00000001184ec830: 4800 0058 | 0001 1fd6 | 8087 6017 | 0100 0000 

  0x00000001184ec840: ;   {static_stub}
  0x00000001184ec840: df3f 03d5 

  0x00000001184ec844: ;   {metadata(nullptr)}
  0x00000001184ec844: 0c00 80d2 | 0c00 a0f2 | 0c00 c0f2 | 0800 80d2 | 0800 a0f2 | 0800 c0f2 | 0001 1fd6 

  0x00000001184ec860: ;   {trampoline_stub}
  0x00000001184ec860: 4800 0058 | 0001 1fd6 | 70c8 4e18 | 0100 0000 

  0x00000001184ec870: ;   {static_stub}
  0x00000001184ec870: df3f 03d5 

  0x00000001184ec874: ;   {metadata({method} {0x00000003000883c0} 'enter' '(Ljdk/internal/vm/Continuation;Z)V' in 'jdk/internal/vm/Continuation')}
  0x00000001184ec874: 0c78 90d2 | 0c01 a0f2 | 6c00 c0f2 | 084b 9ad2 | 08ec a2f2 | 2800 c0f2 | 0001 1fd6 
[/MachCode]


---------------  P R O C E S S  ---------------

Threads class SMR info:
_java_thread_list=0x0000000bce712ca0, length=29, elements={
0x00000001012507c0, 0x0000000bccd30000, 0x0000000bccd30700, 0x0000000bccd30e00,
0x0000000bccd31500, 0x0000000bccd31c00, 0x000000010126c9a0, 0x000000010126d1a0,
0x0000000bccd32300, 0x0000000bccd32a00, 0x0000000bcb797800, 0x0000000bcb7c4700,
0x0000000bcb7c4e00, 0x0000000bcb7c5500, 0x0000000bcb7c6a00, 0x0000000bcb7c7100,
0x0000000bc6251c00, 0x0000000bc9bfa300, 0x0000000bc9bf8e00, 0x0000000bc9bf9500,
0x0000000bc9bfb100, 0x0000000bca9b4000, 0x0000000bc600ce00, 0x0000000bc600c000,
0x0000000bc600c700, 0x0000000bc6306300, 0x0000000bc62b1c00, 0x0000000bc6198e00,
0x0000000bc90b7100
}

Java Threads: ( => current thread )
  0x00000001012507c0 JavaThread "main"                              [_thread_in_Java, id=4355, stack(0x000000016f4d8000,0x000000016f6db000) (2060K)]
  0x0000000bccd30000 JavaThread "Reference Handler"          daemon [_thread_blocked, id=24835, stack(0x0000000170650000,0x0000000170853000) (2060K)]
  0x0000000bccd30700 JavaThread "Finalizer"                  daemon [_thread_blocked, id=25091, stack(0x000000017085c000,0x0000000170a5f000) (2060K)]
  0x0000000bccd30e00 JavaThread "Signal Dispatcher"          daemon [_thread_blocked, id=25347, stack(0x0000000170a68000,0x0000000170c6b000) (2060K)]
  0x0000000bccd31500 JavaThread "Service Thread"             daemon [_thread_blocked, id=29699, stack(0x0000000170c74000,0x0000000170e77000) (2060K)]
  0x0000000bccd31c00 JavaThread "Monitor Deflation Thread"   daemon [_thread_blocked, id=26115, stack(0x0000000170e80000,0x0000000171083000) (2060K)]
  0x000000010126c9a0 JavaThread "C2 CompilerThread0"         daemon [_thread_blocked, id=29187, stack(0x000000017108c000,0x000000017128f000) (2060K)]
  0x000000010126d1a0 JavaThread "C1 CompilerThread0"         daemon [_thread_blocked, id=28675, stack(0x0000000171298000,0x000000017149b000) (2060K)]
  0x0000000bccd32300 JavaThread "Notification Thread"        daemon [_thread_blocked, id=26371, stack(0x00000001714a4000,0x00000001716a7000) (2060K)]
  0x0000000bccd32a00 JavaThread "Common-Cleaner"             daemon [_thread_blocked, id=27907, stack(0x00000001716b0000,0x00000001718b3000) (2060K)]
  0x0000000bcb797800 JavaThread "coursier-pool-1-thread-1"   daemon [_thread_blocked, id=33539, stack(0x0000000172504000,0x0000000172707000) (2060K)]
  0x0000000bcb7c4700 JavaThread "coursier-pool-1-thread-2"   daemon [_thread_blocked, id=34051, stack(0x0000000172710000,0x0000000172913000) (2060K)]
  0x0000000bcb7c4e00 JavaThread "coursier-pool-1-thread-3"   daemon [_thread_blocked, id=41731, stack(0x000000017291c000,0x0000000172b1f000) (2060K)]
  0x0000000bcb7c5500 JavaThread "coursier-pool-1-thread-4"   daemon [_thread_blocked, id=41219, stack(0x0000000172b28000,0x0000000172d2b000) (2060K)]
  0x0000000bcb7c6a00 JavaThread "coursier-pool-1-thread-5"   daemon [_thread_blocked, id=34563, stack(0x0000000172d34000,0x0000000172f37000) (2060K)]
  0x0000000bcb7c7100 JavaThread "coursier-pool-1-thread-6"   daemon [_thread_blocked, id=40963, stack(0x0000000172f40000,0x0000000173143000) (2060K)]
  0x0000000bc6251c00 JavaThread "AppKit Thread"              daemon [_thread_in_native, id=259, stack(0x000000016ec50000,0x000000016f44c000) (8176K)]
  0x0000000bc9bfa300 JavaThread "AWT-Shutdown"                      [_thread_blocked, id=124963, stack(0x0000000173b44000,0x0000000173d47000) (2060K)]
  0x0000000bc9bf8e00 JavaThread "Java2D Queue Flusher"       daemon [_thread_blocked, id=113683, stack(0x0000000173ef4000,0x00000001740f7000) (2060K)]
  0x0000000bc9bf9500 JavaThread "Java2D Disposer"            daemon [_thread_blocked, id=110595, stack(0x0000000174100000,0x0000000174303000) (2060K)]
  0x0000000bc9bfb100 JavaThread "AWT-EventQueue-0"                  [_thread_blocked, id=107795, stack(0x000000039af00000,0x000000039b103000) (2060K)]
  0x0000000bca9b4000 JavaThread "TimerQueue"                 daemon [_thread_blocked, id=174339, stack(0x000000039b10c000,0x000000039b30f000) (2060K)]
  0x0000000bc600ce00 JavaThread "ForkJoinPool-3-worker-1"    daemon [_thread_in_native, id=137227, stack(0x0000000343bfc000,0x0000000343dff000) (2060K)]
  0x0000000bc600c000 JavaThread "VirtualThread-unparker"     daemon [_thread_blocked, id=170243, stack(0x0000000343e08000,0x000000034400b000) (2060K)]
=>0x0000000bc600c700 JavaThread "ForkJoinPool-3-worker-2"    daemon [_thread_in_native, id=167743, stack(0x00000001718bc000,0x0000000171abf000) (2060K)]
  0x0000000bc6306300 JavaThread "ForkJoinPool-3-worker-3"    daemon [_thread_blocked, id=26915, stack(0x000000034562c000,0x000000034582f000) (2060K)]
  0x0000000bc62b1c00 JavaThread "ForkJoinPool-3-worker-4"    daemon [_thread_blocked, id=132887, stack(0x0000000345838000,0x0000000345a3b000) (2060K)]
  0x0000000bc6198e00 JavaThread "ForkJoinPool-3-worker-5"    daemon [_thread_blocked, id=143127, stack(0x0000000345a44000,0x0000000345c47000) (2060K)]
  0x0000000bc90b7100 JavaThread "Timer-0"                    daemon [_thread_blocked, id=147919, stack(0x000000039d1f4000,0x000000039d3f7000) (2060K)]
Total: 29

Other Threads:
  0x0000000bccc8d400 VMThread "VM Thread"                           [id=17667, stack(0x000000017032c000,0x000000017052f000) (2060K)]
  0x0000000101263bd0 WatcherThread "VM Periodic Task Thread"        [id=20739, stack(0x0000000170120000,0x0000000170323000) (2060K)]
  0x000000010125c4b0 WorkerThread "GC Thread#0"                     [id=12803, stack(0x000000016f6e4000,0x000000016f8e7000) (2060K)]
  0x0000000bcb534000 WorkerThread "GC Thread#1"                     [id=27395, stack(0x0000000171ac8000,0x0000000171ccb000) (2060K)]
  0x0000000bcb534400 WorkerThread "GC Thread#2"                     [id=32771, stack(0x0000000171cd4000,0x0000000171ed7000) (2060K)]
  0x0000000bcb534800 WorkerThread "GC Thread#3"                     [id=33283, stack(0x0000000171ee0000,0x00000001720e3000) (2060K)]
  0x0000000bcb534c00 WorkerThread "GC Thread#4"                     [id=43011, stack(0x00000001720ec000,0x00000001722ef000) (2060K)]
  0x0000000bcb535000 WorkerThread "GC Thread#5"                     [id=42499, stack(0x00000001722f8000,0x00000001724fb000) (2060K)]
  0x0000000bcac0b400 WorkerThread "GC Thread#6"                     [id=35331, stack(0x000000017314c000,0x000000017334f000) (2060K)]
  0x0000000bcac0b800 WorkerThread "GC Thread#7"                     [id=40451, stack(0x0000000173358000,0x000000017355b000) (2060K)]
  0x000000010125d340 ConcurrentGCThread "G1 Main Marker"            [id=14595, stack(0x000000016f8f0000,0x000000016faf3000) (2060K)]
  0x000000010125dd50 WorkerThread "G1 Conc#0"                       [id=14083, stack(0x000000016fafc000,0x000000016fcff000) (2060K)]
  0x0000000bc9bf0c00 WorkerThread "G1 Conc#1"                       [id=39939, stack(0x0000000173564000,0x0000000173767000) (2060K)]
  0x0000000bcd130000 ConcurrentGCThread "G1 Refine#0"               [id=13571, stack(0x000000016fd08000,0x000000016ff0b000) (2060K)]
  0x0000000bccc8c000 ConcurrentGCThread "G1 Service"                [id=16643, stack(0x000000016ff14000,0x0000000170117000) (2060K)]
Total: 15

Threads with active compile tasks:
Total: 0

VM state: not at safepoint (normal execution)

VM Mutex/Monitor currently owned by a thread: None

OutOfMemory and StackOverflow Exception counts:
StackOverflowErrors=1
LinkageErrors=100

Heap address: 0x0000000700000000, size: 4096 MB, Compressed Oops mode: Zero based, Oop shift amount: 3

CDS archive(s) mapped at: [0x0000000300000000-0x0000000300cf8000-0x0000000300cf8000), size 13598720, SharedBaseAddress: 0x0000000300000000, ArchiveRelocationMode: 1.
Compressed class space mapped at: 0x0000000301000000-0x0000000341000000, reserved size: 1073741824
Narrow klass base: 0x0000000300000000, Narrow klass shift: 0, Narrow klass range: 0x100000000

GC Precious Log:
 CardTable entry size: 512
 Card Set container configuration: InlinePtr #cards 4 size 8 Array Of Cards #cards 16 size 48 Howl #buckets 8 coarsen threshold 3686 Howl Bitmap #cards 512 size 80 coarsen threshold 460 Card regions per heap region 1 cards per card region 4096
 CPUs: 8 total, 8 available
 Memory: 16384M
 Large Page Support: Disabled
 NUMA Support: Disabled
 Compressed Oops: Enabled (Zero based)
 Heap Region Size: 2M
 Heap Min Capacity: 8M
 Heap Initial Capacity: 256M
 Heap Max Capacity: 4G
 Pre-touch: Disabled
 Parallel Workers: 8
 Concurrent Workers: 2
 Concurrent Refinement Workers: 8
 Periodic GC: Disabled

Heap:
 garbage-first heap   total 151552K, used 80658K [0x0000000700000000, 0x0000000800000000)
  region size 2048K, 21 young (43008K), 1 survivors (2048K)
 Metaspace       used 88298K, committed 88896K, reserved 1179648K
  class space    used 13555K, committed 13824K, reserved 1048576K

Heap Regions: E=young(eden), S=young(survivor), O=old, HS=humongous(starts), HC=humongous(continues), CS=collection set, F=free, TAMS=top-at-mark-start, PB=parsable bottom
|   0|0x0000000700000000, 0x0000000700200000, 0x0000000700200000|100%| O|  |TAMS 0x0000000700000000| PB 0x0000000700000000| Untracked 
|   1|0x0000000700200000, 0x0000000700400000, 0x0000000700400000|100%| O|  |TAMS 0x0000000700200000| PB 0x0000000700200000| Untracked 
|   2|0x0000000700400000, 0x0000000700600000, 0x0000000700600000|100%|HS|  |TAMS 0x0000000700400000| PB 0x0000000700400000| Complete 
|   3|0x0000000700600000, 0x0000000700800000, 0x0000000700800000|100%|HC|  |TAMS 0x0000000700600000| PB 0x0000000700600000| Complete 
|   4|0x0000000700800000, 0x0000000700a00000, 0x0000000700a00000|100%| O|  |TAMS 0x0000000700800000| PB 0x0000000700800000| Untracked 
|   5|0x0000000700a00000, 0x0000000700c00000, 0x0000000700c00000|100%| O|  |TAMS 0x0000000700a00000| PB 0x0000000700a00000| Untracked 
|   6|0x0000000700c00000, 0x0000000700e00000, 0x0000000700e00000|100%| O|  |TAMS 0x0000000700c00000| PB 0x0000000700c00000| Untracked 
|   7|0x0000000700e00000, 0x0000000701000000, 0x0000000701000000|100%| O|  |TAMS 0x0000000700e00000| PB 0x0000000700e00000| Untracked 
|   8|0x0000000701000000, 0x0000000701200000, 0x0000000701200000|100%| O|  |TAMS 0x0000000701000000| PB 0x0000000701000000| Untracked 
|   9|0x0000000701200000, 0x0000000701400000, 0x0000000701400000|100%| O|  |TAMS 0x0000000701200000| PB 0x0000000701200000| Untracked 
|  10|0x0000000701400000, 0x0000000701600000, 0x0000000701600000|100%| O|  |TAMS 0x0000000701400000| PB 0x0000000701400000| Untracked 
|  11|0x0000000701600000, 0x00000007017a5b00, 0x0000000701800000| 82%| O|  |TAMS 0x0000000701600000| PB 0x0000000701600000| Untracked 
|  12|0x0000000701800000, 0x00000007019716f8, 0x0000000701a00000| 72%| O|  |TAMS 0x0000000701800000| PB 0x0000000701800000| Untracked 
|  13|0x0000000701a00000, 0x0000000701c00000, 0x0000000701c00000|100%| O|  |TAMS 0x0000000701a00000| PB 0x0000000701a00000| Untracked 
|  14|0x0000000701c00000, 0x0000000701e00000, 0x0000000701e00000|100%| O|  |TAMS 0x0000000701c00000| PB 0x0000000701c00000| Untracked 
|  15|0x0000000701e00000, 0x0000000701f96f88, 0x0000000702000000| 79%| O|  |TAMS 0x0000000701e00000| PB 0x0000000701e00000| Untracked 
|  16|0x0000000702000000, 0x0000000702200000, 0x0000000702200000|100%| O|  |TAMS 0x0000000702000000| PB 0x0000000702000000| Untracked 
|  17|0x0000000702200000, 0x0000000702400000, 0x0000000702400000|100%| O|  |TAMS 0x0000000702200000| PB 0x0000000702200000| Untracked 
|  18|0x0000000702400000, 0x00000007025c8950, 0x0000000702600000| 89%| O|  |TAMS 0x0000000702400000| PB 0x0000000702400000| Untracked 
|  19|0x0000000702600000, 0x0000000702800000, 0x0000000702800000|100%| O|  |TAMS 0x0000000702600000| PB 0x0000000702600000| Untracked 
|  20|0x0000000702800000, 0x00000007028ed7c8, 0x0000000702a00000| 46%| O|Cm|TAMS 0x0000000702800000| PB 0x0000000702800000| Complete 
|  21|0x0000000702a00000, 0x0000000702a00000, 0x0000000702c00000|  0%| F|  |TAMS 0x0000000702a00000| PB 0x0000000702a00000| Untracked 
|  22|0x0000000702c00000, 0x0000000702c00000, 0x0000000702e00000|  0%| F|  |TAMS 0x0000000702c00000| PB 0x0000000702c00000| Untracked 
|  23|0x0000000702e00000, 0x0000000702e00000, 0x0000000703000000|  0%| F|  |TAMS 0x0000000702e00000| PB 0x0000000702e00000| Untracked 
|  24|0x0000000703000000, 0x0000000703000000, 0x0000000703200000|  0%| F|  |TAMS 0x0000000703000000| PB 0x0000000703000000| Untracked 
|  25|0x0000000703200000, 0x0000000703200000, 0x0000000703400000|  0%| F|  |TAMS 0x0000000703200000| PB 0x0000000703200000| Untracked 
|  26|0x0000000703400000, 0x0000000703400000, 0x0000000703600000|  0%| F|  |TAMS 0x0000000703400000| PB 0x0000000703400000| Untracked 
|  27|0x0000000703600000, 0x0000000703600000, 0x0000000703800000|  0%| F|  |TAMS 0x0000000703600000| PB 0x0000000703600000| Untracked 
|  28|0x0000000703800000, 0x0000000703800000, 0x0000000703a00000|  0%| F|  |TAMS 0x0000000703800000| PB 0x0000000703800000| Untracked 
|  29|0x0000000703a00000, 0x0000000703b60810, 0x0000000703c00000| 68%| S|CS|TAMS 0x0000000703a00000| PB 0x0000000703a00000| Complete 
|  30|0x0000000703c00000, 0x0000000703c00000, 0x0000000703e00000|  0%| F|  |TAMS 0x0000000703c00000| PB 0x0000000703c00000| Untracked 
|  31|0x0000000703e00000, 0x0000000703e00000, 0x0000000704000000|  0%| F|  |TAMS 0x0000000703e00000| PB 0x0000000703e00000| Untracked 
|  32|0x0000000704000000, 0x0000000704000000, 0x0000000704200000|  0%| F|  |TAMS 0x0000000704000000| PB 0x0000000704000000| Untracked 
|  33|0x0000000704200000, 0x0000000704200000, 0x0000000704400000|  0%| F|  |TAMS 0x0000000704200000| PB 0x0000000704200000| Untracked 
|  34|0x0000000704400000, 0x0000000704400000, 0x0000000704600000|  0%| F|  |TAMS 0x0000000704400000| PB 0x0000000704400000| Untracked 
|  35|0x0000000704600000, 0x0000000704600000, 0x0000000704800000|  0%| F|  |TAMS 0x0000000704600000| PB 0x0000000704600000| Untracked 
|  36|0x0000000704800000, 0x0000000704800000, 0x0000000704a00000|  0%| F|  |TAMS 0x0000000704800000| PB 0x0000000704800000| Untracked 
|  37|0x0000000704a00000, 0x0000000704a00000, 0x0000000704c00000|  0%| F|  |TAMS 0x0000000704a00000| PB 0x0000000704a00000| Untracked 
|  38|0x0000000704c00000, 0x0000000704c00000, 0x0000000704e00000|  0%| F|  |TAMS 0x0000000704c00000| PB 0x0000000704c00000| Untracked 
|  39|0x0000000704e00000, 0x0000000704e00000, 0x0000000705000000|  0%| F|  |TAMS 0x0000000704e00000| PB 0x0000000704e00000| Untracked 
|  40|0x0000000705000000, 0x0000000705000000, 0x0000000705200000|  0%| F|  |TAMS 0x0000000705000000| PB 0x0000000705000000| Untracked 
|  41|0x0000000705200000, 0x0000000705200000, 0x0000000705400000|  0%| F|  |TAMS 0x0000000705200000| PB 0x0000000705200000| Untracked 
|  42|0x0000000705400000, 0x0000000705400000, 0x0000000705600000|  0%| F|  |TAMS 0x0000000705400000| PB 0x0000000705400000| Untracked 
|  43|0x0000000705600000, 0x0000000705600000, 0x0000000705800000|  0%| F|  |TAMS 0x0000000705600000| PB 0x0000000705600000| Untracked 
|  44|0x0000000705800000, 0x0000000705800000, 0x0000000705a00000|  0%| F|  |TAMS 0x0000000705800000| PB 0x0000000705800000| Untracked 
|  45|0x0000000705a00000, 0x0000000705a00000, 0x0000000705c00000|  0%| F|  |TAMS 0x0000000705a00000| PB 0x0000000705a00000| Untracked 
|  46|0x0000000705c00000, 0x0000000705c00000, 0x0000000705e00000|  0%| F|  |TAMS 0x0000000705c00000| PB 0x0000000705c00000| Untracked 
|  47|0x0000000705e00000, 0x0000000705e00000, 0x0000000706000000|  0%| F|  |TAMS 0x0000000705e00000| PB 0x0000000705e00000| Untracked 
|  48|0x0000000706000000, 0x0000000706000000, 0x0000000706200000|  0%| F|  |TAMS 0x0000000706000000| PB 0x0000000706000000| Untracked 
|  49|0x0000000706200000, 0x0000000706200000, 0x0000000706400000|  0%| F|  |TAMS 0x0000000706200000| PB 0x0000000706200000| Untracked 
|  50|0x0000000706400000, 0x0000000706400000, 0x0000000706600000|  0%| F|  |TAMS 0x0000000706400000| PB 0x0000000706400000| Untracked 
|  51|0x0000000706600000, 0x0000000706600000, 0x0000000706800000|  0%| F|  |TAMS 0x0000000706600000| PB 0x0000000706600000| Untracked 
|  52|0x0000000706800000, 0x0000000706800000, 0x0000000706a00000|  0%| F|  |TAMS 0x0000000706800000| PB 0x0000000706800000| Untracked 
|  53|0x0000000706a00000, 0x0000000706a00000, 0x0000000706c00000|  0%| F|  |TAMS 0x0000000706a00000| PB 0x0000000706a00000| Untracked 
|  54|0x0000000706c00000, 0x0000000706d01b98, 0x0000000706e00000| 50%| E|  |TAMS 0x0000000706c00000| PB 0x0000000706c00000| Complete 
|  55|0x0000000706e00000, 0x0000000707000000, 0x0000000707000000|100%| E|CS|TAMS 0x0000000706e00000| PB 0x0000000706e00000| Complete 
|  56|0x0000000707000000, 0x0000000707200000, 0x0000000707200000|100%| E|CS|TAMS 0x0000000707000000| PB 0x0000000707000000| Complete 
|  57|0x0000000707200000, 0x0000000707400000, 0x0000000707400000|100%| E|CS|TAMS 0x0000000707200000| PB 0x0000000707200000| Complete 
|  58|0x0000000707400000, 0x0000000707600000, 0x0000000707600000|100%| E|CS|TAMS 0x0000000707400000| PB 0x0000000707400000| Complete 
|  59|0x0000000707600000, 0x0000000707800000, 0x0000000707800000|100%| E|CS|TAMS 0x0000000707600000| PB 0x0000000707600000| Complete 
|  60|0x0000000707800000, 0x0000000707a00000, 0x0000000707a00000|100%| E|CS|TAMS 0x0000000707800000| PB 0x0000000707800000| Complete 
|  61|0x0000000707a00000, 0x0000000707c00000, 0x0000000707c00000|100%| E|CS|TAMS 0x0000000707a00000| PB 0x0000000707a00000| Complete 
|  62|0x0000000707c00000, 0x0000000707e00000, 0x0000000707e00000|100%| E|CS|TAMS 0x0000000707c00000| PB 0x0000000707c00000| Complete 
|  63|0x0000000707e00000, 0x0000000708000000, 0x0000000708000000|100%| E|CS|TAMS 0x0000000707e00000| PB 0x0000000707e00000| Complete 
|  64|0x0000000708000000, 0x0000000708200000, 0x0000000708200000|100%| E|CS|TAMS 0x0000000708000000| PB 0x0000000708000000| Complete 
|  65|0x0000000708200000, 0x0000000708400000, 0x0000000708400000|100%| E|CS|TAMS 0x0000000708200000| PB 0x0000000708200000| Complete 
|  66|0x0000000708400000, 0x0000000708600000, 0x0000000708600000|100%| E|CS|TAMS 0x0000000708400000| PB 0x0000000708400000| Complete 
|  67|0x0000000708600000, 0x0000000708800000, 0x0000000708800000|100%| E|CS|TAMS 0x0000000708600000| PB 0x0000000708600000| Complete 
|  68|0x0000000708800000, 0x0000000708a00000, 0x0000000708a00000|100%| E|CS|TAMS 0x0000000708800000| PB 0x0000000708800000| Complete 
|  69|0x0000000708a00000, 0x0000000708c00000, 0x0000000708c00000|100%| E|CS|TAMS 0x0000000708a00000| PB 0x0000000708a00000| Complete 
| 136|0x0000000711000000, 0x0000000711200000, 0x0000000711200000|100%| E|CS|TAMS 0x0000000711000000| PB 0x0000000711000000| Complete 
| 441|0x0000000737200000, 0x0000000737400000, 0x0000000737400000|100%| E|CS|TAMS 0x0000000737200000| PB 0x0000000737200000| Complete 
|2046|0x00000007ffc00000, 0x00000007ffe00000, 0x00000007ffe00000|100%| E|CS|TAMS 0x00000007ffc00000| PB 0x00000007ffc00000| Complete 
|2047|0x00000007ffe00000, 0x0000000800000000, 0x0000000800000000|100%| E|CS|TAMS 0x00000007ffe00000| PB 0x00000007ffe00000| Complete 

Card table byte_map: [0x0000000105e34000,0x0000000106634000] _byte_map_base: 0x0000000102634000

Marking Bits: (CMBitMap*) 0x000000010125cb60
 Bits: [0x000000011f098000, 0x0000000123098000)

Polling page: 0x00000001009dc000

Metaspace:

Usage:
  Non-class:     72.99 MB used.
      Class:     13.24 MB used.
       Both:     86.23 MB used.

Virtual space:
  Non-class space:      128.00 MB reserved,      73.31 MB ( 57%) committed,  2 nodes.
      Class space:        1.00 GB reserved,      13.50 MB (  1%) committed,  1 nodes.
             Both:        1.12 GB reserved,      86.81 MB (  8%) committed. 

Chunk freelists:
   Non-Class:  6.29 MB
       Class:  2.57 MB
        Both:  8.86 MB

MaxMetaspaceSize: unlimited
CompressedClassSpaceSize: 1.00 GB
Initial GC threshold: 21.00 MB
Current GC threshold: 144.69 MB
CDS: on
 - commit_granule_bytes: 65536.
 - commit_granule_words: 8192.
 - virtual_space_node_default_size: 8388608.
 - enlarge_chunks_in_place: 1.
 - use_allocation_guard: 0.


Internal statistics:

num_allocs_failed_limit: 12.
num_arena_births: 684.
num_arena_deaths: 36.
num_vsnodes_births: 3.
num_vsnodes_deaths: 0.
num_space_committed: 1374.
num_space_uncommitted: 0.
num_chunks_returned_to_freelist: 59.
num_chunks_taken_from_freelist: 3456.
num_chunk_merges: 24.
num_chunk_splits: 2627.
num_chunks_enlarged: 2157.
num_inconsistent_stats: 0.

CodeHeap 'non-profiled nmethods': size=120032Kb used=9429Kb max_used=10228Kb free=110602Kb
 bounds [0x0000000117b60000, 0x0000000118560000, 0x000000011f098000]
CodeHeap 'profiled nmethods': size=120016Kb used=20946Kb max_used=30270Kb free=99069Kb
 bounds [0x0000000110098000, 0x0000000111e28000, 0x00000001175cc000]
CodeHeap 'non-nmethods': size=5712Kb used=2332Kb max_used=2391Kb free=3379Kb
 bounds [0x00000001175cc000, 0x000000011783c000, 0x0000000117b60000]
CodeCache: size=245760Kb, used=32707Kb, max_used=42889Kb, free=213050Kb
 total_blobs=14484, nmethods=12900, adapters=1491, full_count=0
Compilation: enabled, stopped_count=0, restarted_count=0

Compilation events (20 events):
Event: 16.590 Thread 0x000000010126d1a0 18518       3       java.lang.ref.WeakReference::<init> (6 bytes)
Event: 16.590 Thread 0x000000010126d1a0 nmethod 18518 0x0000000110628710 code [0x00000001106288c0, 0x0000000110628bd0]
Event: 16.592 Thread 0x000000010126c9a0 nmethod 18504 0x0000000117d13210 code [0x0000000117d13600, 0x0000000117d15f58]
Event: 16.592 Thread 0x000000010126c9a0 18514       4       dev.flix.runtime.Handler$$$Lambda/0x0000000301d4c000::invoke (12 bytes)
Event: 16.592 Thread 0x000000010126c9a0 nmethod 18514 0x0000000117d12e90 code [0x0000000117d13000, 0x0000000117d130c8]
Event: 16.592 Thread 0x000000010126c9a0 18503       4       RedBlackTree.Def$balanceBlack$316704::invoke (36 bytes)
Event: 16.593 Thread 0x000000010126c9a0 nmethod 18503 0x0000000117b82f90 code [0x0000000117b83140, 0x0000000117b83380]
Event: 16.593 Thread 0x000000010126c9a0 18505       4       java.lang.Short::valueOf (37 bytes)
Event: 16.593 Thread 0x000000010126c9a0 nmethod 18505 0x0000000117ba8490 code [0x0000000117ba8640, 0x0000000117ba8790]
Event: 16.593 Thread 0x000000010126c9a0 18507       4       Int16.Def$toInt32::staticApply (24 bytes)
Event: 16.594 Thread 0x000000010126c9a0 nmethod 18507 0x0000000117bb6290 code [0x0000000117bb6400, 0x0000000117bb64e8]
Event: 16.594 Thread 0x000000010126c9a0 18508       4       Int32.Def$toFloat64::staticApply (24 bytes)
Event: 16.594 Thread 0x000000010126c9a0 nmethod 18508 0x0000000117bb5f90 code [0x0000000117bb6100, 0x0000000117bb61f8]
Event: 16.594 Thread 0x000000010126c9a0 18519       4       dev.flix.runtime.FramesCons$::reverseOnto (30 bytes)
Event: 16.595 Thread 0x000000010126c9a0 nmethod 18519 0x0000000117bb9190 code [0x0000000117bb9340, 0x0000000117bb95d8]
Event: 16.595 Thread 0x000000010126c9a0 18512       4       dev.flix.runtime.ResumptionCons$::<init> (5 bytes)
Event: 16.595 Thread 0x000000010126c9a0 nmethod 18512 0x0000000117bbe090 code [0x0000000117bbe200, 0x0000000117bbe278]
Event: 16.595 Thread 0x000000010126c9a0 18515       4       dev.flix.runtime.Frame$::applyFrameStatic (8 bytes)
Event: 16.596 Thread 0x000000010126c9a0 nmethod 18515 0x0000000117bbdd90 code [0x0000000117bbdf00, 0x0000000117bbdfb0]
Event: 16.596 Thread 0x000000010126c9a0 18520       4       dev.flix.runtime.Handler$::installHandler (188 bytes)

GC Heap History (20 events):
Event: 15.235 GC heap before
{Heap before GC invocations=73 (full 0):
 garbage-first heap   total 151552K, used 128429K [0x0000000700000000, 0x0000000800000000)
  region size 2048K, 44 young (90112K), 1 survivors (2048K)
 Metaspace       used 87740K, committed 88384K, reserved 1179648K
  class space    used 13513K, committed 13824K, reserved 1048576K
}
Event: 15.236 GC heap after
{Heap after GC invocations=74 (full 0):
 garbage-first heap   total 151552K, used 40368K [0x0000000700000000, 0x0000000800000000)
  region size 2048K, 1 young (2048K), 1 survivors (2048K)
 Metaspace       used 87740K, committed 88384K, reserved 1179648K
  class space    used 13513K, committed 13824K, reserved 1048576K
}
Event: 15.340 GC heap before
{Heap before GC invocations=75 (full 0):
 garbage-first heap   total 151552K, used 128432K [0x0000000700000000, 0x0000000800000000)
  region size 2048K, 44 young (90112K), 1 survivors (2048K)
 Metaspace       used 87740K, committed 88384K, reserved 1179648K
  class space    used 13513K, committed 13824K, reserved 1048576K
}
Event: 15.341 GC heap after
{Heap after GC invocations=76 (full 0):
 garbage-first heap   total 151552K, used 40367K [0x0000000700000000, 0x0000000800000000)
  region size 2048K, 1 young (2048K), 1 survivors (2048K)
 Metaspace       used 87740K, committed 88384K, reserved 1179648K
  class space    used 13513K, committed 13824K, reserved 1048576K
}
Event: 15.442 GC heap before
{Heap before GC invocations=76 (full 0):
 garbage-first heap   total 151552K, used 128431K [0x0000000700000000, 0x0000000800000000)
  region size 2048K, 44 young (90112K), 1 survivors (2048K)
 Metaspace       used 87740K, committed 88384K, reserved 1179648K
  class space    used 13513K, committed 13824K, reserved 1048576K
}
Event: 15.443 GC heap after
{Heap after GC invocations=77 (full 0):
 garbage-first heap   total 151552K, used 40352K [0x0000000700000000, 0x0000000800000000)
  region size 2048K, 1 young (2048K), 1 survivors (2048K)
 Metaspace       used 87740K, committed 88384K, reserved 1179648K
  class space    used 13513K, committed 13824K, reserved 1048576K
}
Event: 15.546 GC heap before
{Heap before GC invocations=77 (full 0):
 garbage-first heap   total 151552K, used 128416K [0x0000000700000000, 0x0000000800000000)
  region size 2048K, 44 young (90112K), 1 survivors (2048K)
 Metaspace       used 87740K, committed 88384K, reserved 1179648K
  class space    used 13513K, committed 13824K, reserved 1048576K
}
Event: 15.547 GC heap after
{Heap after GC invocations=78 (full 0):
 garbage-first heap   total 151552K, used 40353K [0x0000000700000000, 0x0000000800000000)
  region size 2048K, 1 young (2048K), 1 survivors (2048K)
 Metaspace       used 87740K, committed 88384K, reserved 1179648K
  class space    used 13513K, committed 13824K, reserved 1048576K
}
Event: 15.655 GC heap before
{Heap before GC invocations=79 (full 0):
 garbage-first heap   total 151552K, used 128417K [0x0000000700000000, 0x0000000800000000)
  region size 2048K, 44 young (90112K), 1 survivors (2048K)
 Metaspace       used 87740K, committed 88384K, reserved 1179648K
  class space    used 13513K, committed 13824K, reserved 1048576K
}
Event: 15.656 GC heap after
{Heap after GC invocations=80 (full 0):
 garbage-first heap   total 182272K, used 40350K [0x0000000700000000, 0x0000000800000000)
  region size 2048K, 1 young (2048K), 1 survivors (2048K)
 Metaspace       used 87740K, committed 88384K, reserved 1179648K
  class space    used 13513K, committed 13824K, reserved 1048576K
}
Event: 15.785 GC heap before
{Heap before GC invocations=80 (full 0):
 garbage-first heap   total 182272K, used 146846K [0x0000000700000000, 0x0000000800000000)
  region size 2048K, 53 young (108544K), 1 survivors (2048K)
 Metaspace       used 87740K, committed 88384K, reserved 1179648K
  class space    used 13513K, committed 13824K, reserved 1048576K
}
Event: 15.786 GC heap after
{Heap after GC invocations=81 (full 0):
 garbage-first heap   total 182272K, used 40330K [0x0000000700000000, 0x0000000800000000)
  region size 2048K, 1 young (2048K), 1 survivors (2048K)
 Metaspace       used 87740K, committed 88384K, reserved 1179648K
  class space    used 13513K, committed 13824K, reserved 1048576K
}
Event: 15.912 GC heap before
{Heap before GC invocations=81 (full 0):
 garbage-first heap   total 182272K, used 146826K [0x0000000700000000, 0x0000000800000000)
  region size 2048K, 53 young (108544K), 1 survivors (2048K)
 Metaspace       used 87740K, committed 88384K, reserved 1179648K
  class space    used 13513K, committed 13824K, reserved 1048576K
}
Event: 15.913 GC heap after
{Heap after GC invocations=82 (full 0):
 garbage-first heap   total 182272K, used 40330K [0x0000000700000000, 0x0000000800000000)
  region size 2048K, 1 young (2048K), 1 survivors (2048K)
 Metaspace       used 87740K, committed 88384K, reserved 1179648K
  class space    used 13513K, committed 13824K, reserved 1048576K
}
Event: 16.020 GC heap before
{Heap before GC invocations=83 (full 0):
 garbage-first heap   total 151552K, used 128394K [0x0000000700000000, 0x0000000800000000)
  region size 2048K, 44 young (90112K), 1 survivors (2048K)
 Metaspace       used 87740K, committed 88384K, reserved 1179648K
  class space    used 13513K, committed 13824K, reserved 1048576K
}
Event: 16.021 GC heap after
{Heap after GC invocations=84 (full 0):
 garbage-first heap   total 151552K, used 40332K [0x0000000700000000, 0x0000000800000000)
  region size 2048K, 1 young (2048K), 1 survivors (2048K)
 Metaspace       used 87740K, committed 88384K, reserved 1179648K
  class space    used 13513K, committed 13824K, reserved 1048576K
}
Event: 16.122 GC heap before
{Heap before GC invocations=84 (full 0):
 garbage-first heap   total 151552K, used 128396K [0x0000000700000000, 0x0000000800000000)
  region size 2048K, 44 young (90112K), 1 survivors (2048K)
 Metaspace       used 87756K, committed 88448K, reserved 1179648K
  class space    used 13513K, committed 13824K, reserved 1048576K
}
Event: 16.123 GC heap after
{Heap after GC invocations=85 (full 0):
 garbage-first heap   total 151552K, used 40343K [0x0000000700000000, 0x0000000800000000)
  region size 2048K, 1 young (2048K), 1 survivors (2048K)
 Metaspace       used 87756K, committed 88448K, reserved 1179648K
  class space    used 13513K, committed 13824K, reserved 1048576K
}
Event: 16.595 GC heap before
{Heap before GC invocations=85 (full 0):
 garbage-first heap   total 151552K, used 126359K [0x0000000700000000, 0x0000000800000000)
  region size 2048K, 44 young (90112K), 1 survivors (2048K)
 Metaspace       used 88297K, committed 88896K, reserved 1179648K
  class space    used 13555K, committed 13824K, reserved 1048576K
}
Event: 16.596 GC heap after
{Heap after GC invocations=86 (full 0):
 garbage-first heap   total 151552K, used 41746K [0x0000000700000000, 0x0000000800000000)
  region size 2048K, 1 young (2048K), 1 survivors (2048K)
 Metaspace       used 88297K, committed 88896K, reserved 1179648K
  class space    used 13555K, committed 13824K, reserved 1048576K
}

Dll operation events (14 events):
Event: 0.004 Loaded shared library /nix/store/n3rmmip6djs9s68zkazn1c6gsxbjg7fs-zulu-ca-jdk-21.0.8/Library/Java/JavaVirtualMachines/zulu-21.jdk/Contents/Home/lib/libjava.dylib
Event: 0.019 Loaded shared library /nix/store/n3rmmip6djs9s68zkazn1c6gsxbjg7fs-zulu-ca-jdk-21.0.8/Library/Java/JavaVirtualMachines/zulu-21.jdk/Contents/Home/lib/libnio.dylib
Event: 0.027 Loaded shared library /nix/store/n3rmmip6djs9s68zkazn1c6gsxbjg7fs-zulu-ca-jdk-21.0.8/Library/Java/JavaVirtualMachines/zulu-21.jdk/Contents/Home/lib/libzip.dylib
Event: 0.164 Loaded shared library /nix/store/n3rmmip6djs9s68zkazn1c6gsxbjg7fs-zulu-ca-jdk-21.0.8/Library/Java/JavaVirtualMachines/zulu-21.jdk/Contents/Home/lib/libjimage.dylib
Event: 0.204 Loaded shared library /nix/store/n3rmmip6djs9s68zkazn1c6gsxbjg7fs-zulu-ca-jdk-21.0.8/Library/Java/JavaVirtualMachines/zulu-21.jdk/Contents/Home/lib/libnet.dylib
Event: 5.949 Loaded shared library /nix/store/n3rmmip6djs9s68zkazn1c6gsxbjg7fs-zulu-ca-jdk-21.0.8/Library/Java/JavaVirtualMachines/zulu-21.jdk/Contents/Home/lib/libverify.dylib
Event: 6.665 Loaded shared library /private/var/folders/0l/g6sywy1d5s138fm98j6g7b0h0000gn/T/lwjgl_abab/3.4.1+2/arm64/liblwjgl.dylib
Event: 6.795 Loaded shared library /nix/store/n3rmmip6djs9s68zkazn1c6gsxbjg7fs-zulu-ca-jdk-21.0.8/Library/Java/JavaVirtualMachines/zulu-21.jdk/Contents/Home/lib/libawt.dylib
Event: 6.799 Loaded shared library /nix/store/n3rmmip6djs9s68zkazn1c6gsxbjg7fs-zulu-ca-jdk-21.0.8/Library/Java/JavaVirtualMachines/zulu-21.jdk/Contents/Home/lib/libawt_lwawt.dylib
Event: 6.822 Loaded shared library /nix/store/n3rmmip6djs9s68zkazn1c6gsxbjg7fs-zulu-ca-jdk-21.0.8/Library/Java/JavaVirtualMachines/zulu-21.jdk/Contents/Home/lib/libfontmanager.dylib
Event: 7.024 Loaded shared library /nix/store/n3rmmip6djs9s68zkazn1c6gsxbjg7fs-zulu-ca-jdk-21.0.8/Library/Java/JavaVirtualMachines/zulu-21.jdk/Contents/Home/lib/libosxui.dylib
Event: 7.694 Loaded shared library /private/var/folders/0l/g6sywy1d5s138fm98j6g7b0h0000gn/T/lwjgl_abab/3.4.1+2/arm64/liblwjgl_opengl.dylib
Event: 11.484 Loaded shared library /nix/store/n3rmmip6djs9s68zkazn1c6gsxbjg7fs-zulu-ca-jdk-21.0.8/Library/Java/JavaVirtualMachines/zulu-21.jdk/Contents/Home/lib/libprefs.dylib
Event: 16.540 Loaded shared library /private/var/folders/0l/g6sywy1d5s138fm98j6g7b0h0000gn/T/lwjgl_abab/3.4.1+2/arm64/liblwjgl_stb.dylib

Deoptimization events (20 events):
Event: 16.571 Thread 0x0000000bc600ce00 DEOPT PACKING pc=0x00000001107f4080 sp=0x0000000343dfdb30
Event: 16.571 Thread 0x0000000bc600ce00 DEOPT UNPACKING pc=0x000000011760ee7c sp=0x0000000343dfd7f0 mode 0
Event: 16.571 Thread 0x0000000bc600ce00 DEOPT PACKING pc=0x00000001107f4080 sp=0x0000000343dfdb30
Event: 16.571 Thread 0x0000000bc600ce00 DEOPT UNPACKING pc=0x000000011760ee7c sp=0x0000000343dfd7f0 mode 0
Event: 16.571 Thread 0x0000000bc600ce00 DEOPT PACKING pc=0x00000001107f4080 sp=0x0000000343dfdb30
Event: 16.571 Thread 0x0000000bc600ce00 DEOPT UNPACKING pc=0x000000011760ee7c sp=0x0000000343dfd7f0 mode 0
Event: 16.571 Thread 0x0000000bc600ce00 DEOPT PACKING pc=0x00000001107f4080 sp=0x0000000343dfdb30
Event: 16.571 Thread 0x0000000bc600ce00 DEOPT UNPACKING pc=0x000000011760ee7c sp=0x0000000343dfd7f0 mode 0
Event: 16.571 Thread 0x0000000bc600ce00 DEOPT PACKING pc=0x00000001107f4080 sp=0x0000000343dfdb30
Event: 16.571 Thread 0x0000000bc600ce00 DEOPT UNPACKING pc=0x000000011760ee7c sp=0x0000000343dfd7f0 mode 0
Event: 16.571 Thread 0x0000000bc600ce00 DEOPT PACKING pc=0x00000001107f4080 sp=0x0000000343dfdb30
Event: 16.571 Thread 0x0000000bc600ce00 DEOPT UNPACKING pc=0x000000011760ee7c sp=0x0000000343dfd7f0 mode 0
Event: 16.576 Thread 0x0000000bc600ce00 Uncommon trap: trap_request=0xffffff45 fr.pc=0x0000000117bfe454 relative=0x0000000000000b94
Event: 16.576 Thread 0x0000000bc600ce00 Uncommon trap: reason=unstable_if action=reinterpret pc=0x0000000117bfe454 method=RedBlackTree.Def$insert$553991.staticApply(ILRecord$;LTagged$;)Ldev/flix/runtime/Result$; @ 156 c2
Event: 16.576 Thread 0x0000000bc600ce00 DEOPT PACKING pc=0x0000000117bfe454 sp=0x0000000343dfd870
Event: 16.576 Thread 0x0000000bc600ce00 DEOPT UNPACKING pc=0x000000011760f01c sp=0x0000000343dfd790 mode 2
Event: 16.576 Thread 0x0000000bc600ce00 Uncommon trap: trap_request=0xffffffde fr.pc=0x0000000117bc5d78 relative=0x0000000000000238
Event: 16.576 Thread 0x0000000bc600ce00 Uncommon trap: reason=class_check action=maybe_recompile pc=0x0000000117bc5d78 method=List.Def$nth$553576.staticApply(LTagged$;I)Ldev/flix/runtime/Result$; @ 53 c2
Event: 16.576 Thread 0x0000000bc600ce00 DEOPT PACKING pc=0x0000000117bc5d78 sp=0x0000000343dfdba0
Event: 16.576 Thread 0x0000000bc600ce00 DEOPT UNPACKING pc=0x000000011760f01c sp=0x0000000343dfdae0 mode 2

Classes loaded (20 events):
Event: 16.236 Loading class javax/swing/Autoscroller
Event: 16.236 Loading class javax/swing/Autoscroller done
Event: 16.236 Loading class jdk/internal/util/regex/Grapheme
Event: 16.236 Loading class jdk/internal/util/regex/Grapheme done
Event: 16.238 Loading class apple/laf/JRSUIConstants$Orientation
Event: 16.238 Loading class apple/laf/JRSUIConstants$Orientation done
Event: 16.238 Loading class apple/laf/JRSUIConstants$Key
Event: 16.238 Loading class apple/laf/JRSUIConstants$Key done
Event: 16.238 Loading class apple/laf/JRSUIConstants$DoubleValue
Event: 16.238 Loading class apple/laf/JRSUIConstants$DoubleValue done
Event: 16.238 Loading class apple/laf/JRSUIControl$ThreadLocalByteBuffer
Event: 16.238 Loading class apple/laf/JRSUIControl$ThreadLocalByteBuffer done
Event: 16.238 Loading class apple/laf/JRSUIConstants
Event: 16.239 Loading class apple/laf/JRSUIConstants done
Event: 16.239 Loading class apple/laf/JRSUIControl$BufferState
Event: 16.239 Loading class apple/laf/JRSUIControl$BufferState done
Event: 16.243 Loading class com/apple/laf/AquaProgressBarUI$Animator
Event: 16.243 Loading class com/apple/laf/AquaProgressBarUI$Animator done
Event: 16.301 Loading class javax/swing/RepaintManager$3
Event: 16.301 Loading class javax/swing/RepaintManager$3 done

Classes unloaded (18 events):
Event: 2.737 Thread 0x0000000bccc8d400 Unloading class 0x000000030150dc00 'java/lang/invoke/LambdaForm$MH+0x000000030150dc00'
Event: 2.737 Thread 0x0000000bccc8d400 Unloading class 0x000000030150d400 'java/lang/invoke/LambdaForm$MH+0x000000030150d400'
Event: 2.737 Thread 0x0000000bccc8d400 Unloading class 0x000000030150cc00 'java/lang/invoke/LambdaForm$MH+0x000000030150cc00'
Event: 2.737 Thread 0x0000000bccc8d400 Unloading class 0x0000000301420800 'java/lang/invoke/LambdaForm$DMH+0x0000000301420800'
Event: 10.999 Thread 0x0000000bccc8d400 Unloading class 0x00000003018dac00 'java/lang/invoke/LambdaForm$MH+0x00000003018dac00'
Event: 10.999 Thread 0x0000000bccc8d400 Unloading class 0x00000003018da800 'java/lang/invoke/LambdaForm$MH+0x00000003018da800'
Event: 10.999 Thread 0x0000000bccc8d400 Unloading class 0x00000003018da400 'java/lang/invoke/LambdaForm$MH+0x00000003018da400'
Event: 10.999 Thread 0x0000000bccc8d400 Unloading class 0x00000003018d9c00 'java/lang/invoke/LambdaForm$DMH+0x00000003018d9c00'
Event: 10.999 Thread 0x0000000bccc8d400 Unloading class 0x00000003018d9400 'java/lang/invoke/LambdaForm$DMH+0x00000003018d9400'
Event: 10.999 Thread 0x0000000bccc8d400 Unloading class 0x00000003018d8c00 'java/lang/invoke/LambdaForm$DMH+0x00000003018d8c00'
Event: 10.999 Thread 0x0000000bccc8d400 Unloading class 0x00000003018d8800 'java/lang/invoke/LambdaForm$DMH+0x00000003018d8800'
Event: 10.999 Thread 0x0000000bccc8d400 Unloading class 0x00000003018d8400 'java/lang/invoke/LambdaForm$DMH+0x00000003018d8400'
Event: 10.999 Thread 0x0000000bccc8d400 Unloading class 0x0000000301889c00 'java/lang/invoke/LambdaForm$DMH+0x0000000301889c00'
Event: 10.999 Thread 0x0000000bccc8d400 Unloading class 0x0000000301889800 'java/lang/invoke/LambdaForm$DMH+0x0000000301889800'
Event: 10.999 Thread 0x0000000bccc8d400 Unloading class 0x0000000301889000 'java/lang/invoke/LambdaForm$DMH+0x0000000301889000'
Event: 10.999 Thread 0x0000000bccc8d400 Unloading class 0x0000000301888c00 'java/lang/invoke/LambdaForm$DMH+0x0000000301888c00'
Event: 10.999 Thread 0x0000000bccc8d400 Unloading class 0x0000000301888800 'java/lang/invoke/LambdaForm$DMH+0x0000000301888800'
Event: 10.999 Thread 0x0000000bccc8d400 Unloading class 0x0000000301888400 'java/lang/invoke/LambdaForm$DMH+0x0000000301888400'

Classes redefined (0 events):
No events

Internal exceptions (20 events):
Event: 7.044 Thread 0x00000001012507c0 Exception <a 'java/lang/NoSuchMethodError'{0x00000007369ac6b0}: 'int java.lang.invoke.Invokers$Holder.invokeExact_MT(java.lang.Object, java.lang.Object)'> (0x00000007369ac6b0) 
thrown [src/hotspot/share/interpreter/linkResolver.cpp, line 773]
Event: 7.045 Thread 0x00000001012507c0 Implicit null exception at 0x00000001184c91d4 to 0x00000001184c947c
Event: 7.045 Thread 0x00000001012507c0 Implicit null exception at 0x0000000117bcb5d4 to 0x0000000117bcb87c
Event: 7.391 Thread 0x00000001012507c0 Implicit null exception at 0x00000001184d16d4 to 0x00000001184d191c
Event: 7.391 Thread 0x00000001012507c0 Exception <a 'java/lang/NoSuchMethodError'{0x000000073640ed88}: 'java.lang.Object java.lang.invoke.DirectMethodHandle$Holder.invokeSpecial(java.lang.Object, java.lang.Object, double, double)'> (0x000000073640ed88) 
thrown [src/hotspot/share/interpreter/linkResolver.cpp, line 773]
Event: 7.392 Thread 0x00000001012507c0 Exception <a 'java/lang/NoSuchMethodError'{0x0000000736415948}: 'void java.lang.invoke.DirectMethodHandle$Holder.invokeStatic(java.lang.Object, java.lang.Object, long)'> (0x0000000736415948) 
thrown [src/hotspot/share/interpreter/linkResolver.cpp, line 773]
Event: 7.419 Thread 0x00000001012507c0 Exception <a 'java/lang/NoSuchMethodError'{0x0000000736447970}: 'void java.lang.invoke.DirectMethodHandle$Holder.invokeStatic(java.lang.Object, int, long)'> (0x0000000736447970) 
thrown [src/hotspot/share/interpreter/linkResolver.cpp, line 773]
Event: 7.421 Thread 0x0000000bc9bfb100 Exception <a 'java/lang/NoSuchMethodError'{0x000000073677f2d8}: 'void java.lang.invoke.DirectMethodHandle$Holder.invokeStatic(java.lang.Object, long)'> (0x000000073677f2d8) 
thrown [src/hotspot/share/interpreter/linkResolver.cpp, line 773]
Event: 7.426 Thread 0x00000001012507c0 Exception <a 'java/lang/NoSuchMethodError'{0x0000000736464c10}: 'java.lang.Object java.lang.invoke.DirectMethodHandle$Holder.newInvokeSpecial(java.lang.Object, int, int, int, int)'> (0x0000000736464c10) 
thrown [src/hotspot/share/interpreter/linkResolver.cpp, line 773]
Event: 7.436 Thread 0x0000000bc6251c00 Exception <a 'java/lang/NoSuchMethodError'{0x0000000736b99b58}: 'void java.lang.invoke.DirectMethodHandle$Holder.invokeSpecial(java.lang.Object, java.lang.Object, long)'> (0x0000000736b99b58) 
thrown [src/hotspot/share/interpreter/linkResolver.cpp, line 773]
Event: 7.457 Thread 0x00000001012507c0 Exception <a 'java/lang/NoSuchMethodError'{0x0000000736482ca8}: 'void java.lang.invoke.DirectMethodHandle$Holder.invokeStatic(java.lang.Object, long, long)'> (0x0000000736482ca8) 
thrown [src/hotspot/share/interpreter/linkResolver.cpp, line 773]
Event: 7.468 Thread 0x00000001012507c0 Exception <a 'java/lang/NoSuchMethodError'{0x00000007364956d0}: 'int java.lang.invoke.DirectMethodHandle$Holder.invokeStaticInit(java.lang.Object, java.lang.Object)'> (0x00000007364956d0) 
thrown [src/hotspot/share/interpreter/linkResolver.cpp, line 773]
Event: 7.499 Thread 0x0000000bc9bfb100 Exception <a 'java/lang/NoSuchMethodError'{0x00000007367c7fb8}: 'java.lang.Object java.lang.invoke.DirectMethodHandle$Holder.newInvokeSpecial(java.lang.Object, java.lang.Object, int, int, int, int)'> (0x00000007367c7fb8) 
thrown [src/hotspot/share/interpreter/linkResolver.cpp, line 773]
Event: 7.691 Thread 0x0000000bc600ce00 Exception <a 'java/lang/NoSuchMethodError'{0x00000007365c4c00}: 'void java.lang.System.load(java.lang.String, java.lang.Class)'> (0x00000007365c4c00) 
thrown [src/hotspot/share/interpreter/linkResolver.cpp, line 773]
Event: 7.691 Thread 0x0000000bc600ce00 Implicit null exception at 0x00000001184cf1e4 to 0x00000001184cf918
Event: 7.691 Thread 0x0000000bc600ce00 Exception <a 'java/lang/NoSuchMethodError'{0x00000007365c7670}: 'void java.lang.System.loadLibrary(java.lang.String, java.lang.Class)'> (0x00000007365c7670) 
thrown [src/hotspot/share/interpreter/linkResolver.cpp, line 773]
Event: 10.214 Thread 0x0000000bc9bfb100 Exception <a 'java/lang/NoSuchMethodError'{0x0000000737247ca0}: 'java.lang.Object java.lang.invoke.DirectMethodHandle$Holder.newInvokeSpecial(java.lang.Object, float)'> (0x0000000737247ca0) 
thrown [src/hotspot/share/interpreter/linkResolver.cpp, line 773]
Event: 16.533 Thread 0x0000000bc600ce00 Exception <a 'java/lang/NoSuchMethodError'{0x0000000704c1e068}: 'void java.lang.System.load(java.lang.String, java.lang.Class)'> (0x0000000704c1e068) 
thrown [src/hotspot/share/interpreter/linkResolver.cpp, line 773]
Event: 16.534 Thread 0x0000000bc600ce00 Exception <a 'java/lang/NoSuchMethodError'{0x0000000704c21b00}: 'void java.lang.System.loadLibrary(java.lang.String, java.lang.Class)'> (0x0000000704c21b00) 
thrown [src/hotspot/share/interpreter/linkResolver.cpp, line 773]
Event: 16.596 Thread 0x0000000bc600ce00 Exception <a 'java/lang/StackOverflowError'{0x00000007fff909e8}> (0x00000007fff909e8) 
thrown [src/hotspot/share/runtime/javaCalls.cpp, line 391]

ZGC Phase Switch (0 events):
No events

VM Operations (20 events):
Event: 15.564 Executing VM operation: G1PauseCleanup
Event: 15.564 Executing VM operation: G1PauseCleanup done
Event: 15.655 Executing VM operation: G1CollectForAllocation (G1 Evacuation Pause)
Event: 15.656 Executing VM operation: G1CollectForAllocation (G1 Evacuation Pause) done
Event: 15.785 Executing VM operation: G1CollectForAllocation (G1 Evacuation Pause)
Event: 15.786 Executing VM operation: G1CollectForAllocation (G1 Evacuation Pause) done
Event: 15.912 Executing VM operation: G1CollectForAllocation (G1 Evacuation Pause)
Event: 15.913 Executing VM operation: G1CollectForAllocation (G1 Evacuation Pause) done
Event: 15.922 Executing VM operation: G1PauseRemark
Event: 15.924 Executing VM operation: G1PauseRemark done
Event: 15.929 Executing VM operation: G1PauseCleanup
Event: 15.929 Executing VM operation: G1PauseCleanup done
Event: 16.020 Executing VM operation: G1CollectForAllocation (G1 Evacuation Pause)
Event: 16.021 Executing VM operation: G1CollectForAllocation (G1 Evacuation Pause) done
Event: 16.122 Executing VM operation: G1CollectForAllocation (G1 Evacuation Pause)
Event: 16.123 Executing VM operation: G1CollectForAllocation (G1 Evacuation Pause) done
Event: 16.552 Executing VM operation: ICBufferFull
Event: 16.552 Executing VM operation: ICBufferFull done
Event: 16.595 Executing VM operation: G1CollectForAllocation (G1 Evacuation Pause)
Event: 16.596 Executing VM operation: G1CollectForAllocation (G1 Evacuation Pause) done

Memory protections (20 events):
Event: 6.652 Protecting memory [0x0000000173d94000,0x0000000173da0000] with protection modes 3
Event: 6.653 Protecting memory [0x0000000173fa0000,0x0000000173fac000] with protection modes 3
Event: 6.826 Protecting memory [0x000000016ec50000,0x000000016ec5c000] with protection modes 0
Event: 6.872 Protecting memory [0x0000000173b44000,0x0000000173b50000] with protection modes 0
Event: 7.003 Protecting memory [0x0000000173ef4000,0x0000000173f00000] with protection modes 0
Event: 7.005 Protecting memory [0x0000000174100000,0x000000017410c000] with protection modes 0
Event: 7.384 Protecting memory [0x000000039af00000,0x000000039af0c000] with protection modes 0
Event: 7.395 Protecting memory [0x000000039b10c000,0x000000039b118000] with protection modes 0
Event: 7.470 Protecting memory [0x0000000343bfc000,0x0000000343c08000] with protection modes 0
Event: 7.471 Protecting memory [0x0000000343e08000,0x0000000343e14000] with protection modes 0
Event: 7.656 Protecting memory [0x00000001718bc000,0x00000001718c8000] with protection modes 3
Event: 7.676 Protecting memory [0x00000001718bc000,0x00000001718c8000] with protection modes 0
Event: 7.676 Protecting memory [0x000000034562c000,0x0000000345638000] with protection modes 0
Event: 7.676 Protecting memory [0x0000000345838000,0x0000000345844000] with protection modes 0
Event: 7.677 Protecting memory [0x0000000345a44000,0x0000000345a50000] with protection modes 0
Event: 11.486 Protecting memory [0x000000039d1f4000,0x000000039d200000] with protection modes 0
Event: 11.498 Protecting memory [0x000000039d400000,0x000000039d40c000] with protection modes 0
Event: 16.186 Protecting memory [0x000000039d400000,0x000000039d40c000] with protection modes 3
Event: 16.238 Protecting memory [0x000000039e638000,0x000000039e644000] with protection modes 0
Event: 16.504 Protecting memory [0x000000039e638000,0x000000039e644000] with protection modes 3

Nmethod flushes (20 events):
Event: 12.665 Thread 0x0000000bccc8d400 flushing  nmethod 0x0000000111bc5c10
Event: 12.665 Thread 0x0000000bccc8d400 flushing  nmethod 0x0000000111bc6010
Event: 12.665 Thread 0x0000000bccc8d400 flushing  nmethod 0x0000000111bf5710
Event: 12.665 Thread 0x0000000bccc8d400 flushing  nmethod 0x0000000111bf5f10
Event: 12.665 Thread 0x0000000bccc8d400 flushing  nmethod 0x0000000111bfad90
Event: 12.665 Thread 0x0000000bccc8d400 flushing  nmethod 0x0000000111bfb210
Event: 12.665 Thread 0x0000000bccc8d400 flushing  nmethod 0x0000000111bfc510
Event: 12.665 Thread 0x0000000bccc8d400 flushing  nmethod 0x0000000111bfd310
Event: 12.665 Thread 0x0000000bccc8d400 flushing  nmethod 0x0000000111bfe490
Event: 12.665 Thread 0x0000000bccc8d400 flushing  nmethod 0x0000000111bff090
Event: 12.665 Thread 0x0000000bccc8d400 flushing  nmethod 0x0000000111cea910
Event: 12.665 Thread 0x0000000bccc8d400 flushing  nmethod 0x0000000111d66f10
Event: 12.665 Thread 0x0000000bccc8d400 flushing  nmethod 0x0000000111d67310
Event: 12.665 Thread 0x0000000bccc8d400 flushing  nmethod 0x0000000111d68190
Event: 12.665 Thread 0x0000000bccc8d400 flushing  nmethod 0x0000000111d68490
Event: 12.665 Thread 0x0000000bccc8d400 flushing  nmethod 0x0000000111d69610
Event: 13.114 Thread 0x0000000bccc8d400 flushing  nmethod 0x000000011052bf90
Event: 13.114 Thread 0x0000000bccc8d400 flushing  nmethod 0x000000011052cb10
Event: 14.239 Thread 0x0000000bccc8d400 flushing  nmethod 0x00000001106ee890
Event: 14.929 Thread 0x0000000bccc8d400 flushing  nmethod 0x00000001105c4690

Events (20 events):
Event: 6.652 Thread 0x0000000bc9bf8e00 Thread exited: 0x0000000bc9bf8e00
Event: 6.653 Thread 0x0000000bc9bfa300 Thread exited: 0x0000000bc9bfa300
Event: 6.826 Thread 0x0000000bc6251c00 Thread added: 0x0000000bc6251c00
Event: 6.872 Thread 0x0000000bc6251c00 Thread added: 0x0000000bc9bfa300
Event: 7.003 Thread 0x00000001012507c0 Thread added: 0x0000000bc9bf8e00
Event: 7.005 Thread 0x00000001012507c0 Thread added: 0x0000000bc9bf9500
Event: 7.384 Thread 0x00000001012507c0 Thread added: 0x0000000bc9bfb100
Event: 7.395 Thread 0x00000001012507c0 Thread added: 0x0000000bca9b4000
Event: 7.470 Thread 0x00000001012507c0 Thread added: 0x0000000bc600ce00
Event: 7.471 Thread 0x0000000bc600ce00 Thread added: 0x0000000bc600c000
Event: 7.656 Thread 0x0000000bcd1a8800 Thread exited: 0x0000000bcd1a8800
Event: 7.676 Thread 0x0000000bc600ce00 Thread added: 0x0000000bc600c700
Event: 7.676 Thread 0x0000000bc600ce00 Thread added: 0x0000000bc6306300
Event: 7.676 Thread 0x0000000bc600ce00 Thread added: 0x0000000bc62b1c00
Event: 7.677 Thread 0x0000000bc600ce00 Thread added: 0x0000000bc6198e00
Event: 11.486 Thread 0x0000000bc9bfb100 Thread added: 0x0000000bc90b7100
Event: 11.498 Thread 0x0000000bc9bfb100 Thread added: 0x0000000bc9154000
Event: 16.186 Thread 0x0000000bc9154000 Thread exited: 0x0000000bc9154000
Event: 16.238 Thread 0x000000010126d1a0 Thread added: 0x0000000bcd964000
Event: 16.504 Thread 0x0000000bcd964000 Thread exited: 0x0000000bcd964000


Dynamic libraries:
0x00000001009f4000 	/nix/store/n3rmmip6djs9s68zkazn1c6gsxbjg7fs-zulu-ca-jdk-21.0.8/Library/Java/JavaVirtualMachines/zulu-21.jdk/Contents/Home/lib/libjli.dylib
0x00000001bdfef000 	/System/Library/Frameworks/Cocoa.framework/Versions/A/Cocoa
0x00000001a337c000 	/System/Library/Frameworks/AppKit.framework/Versions/C/AppKit
0x00000001a69f0000 	/System/Library/Frameworks/CoreData.framework/Versions/A/CoreData
0x00000001a0776000 	/System/Library/Frameworks/Foundation.framework/Versions/C/Foundation
0x00000001ae9b3000 	/usr/lib/libSystem.B.dylib
0x00000001a4aa9000 	/System/Library/PrivateFrameworks/UIFoundation.framework/Versions/A/UIFoundation
0x00000002587c1000 	/System/Library/PrivateFrameworks/CollectionViewCore.framework/Versions/A/CollectionViewCore
0x00000001abd44000 	/System/Library/PrivateFrameworks/XCTTargetBootstrap.framework/Versions/A/XCTTargetBootstrap
0x00000001b141c000 	/System/Library/PrivateFrameworks/InternationalSupport.framework/Versions/A/InternationalSupport
0x00000001b1776000 	/System/Library/PrivateFrameworks/UserActivity.framework/Versions/A/UserActivity
0x00000001a7080000 	/System/Library/PrivateFrameworks/BaseBoard.framework/Versions/A/BaseBoard
0x0000000260f8e000 	/System/Library/PrivateFrameworks/FrontBoard.framework/Versions/A/FrontBoard
0x00000001b8e2f000 	/System/Library/PrivateFrameworks/FrontBoardServices.framework/Versions/A/FrontBoardServices
0x000000029cf2d000 	/usr/lib/libRosetta.dylib
0x00000002907e2000 	/System/Library/PrivateFrameworks/UIIntelligenceSupport.framework/Versions/A/UIIntelligenceSupport
0x000000024d6ca000 	/System/Library/Frameworks/SwiftUICore.framework/Versions/A/SwiftUICore
0x0000000296d96000 	/System/Library/PrivateFrameworks/WritingTools.framework/Versions/A/WritingTools
0x0000000295be7000 	/System/Library/PrivateFrameworks/WindowManagement.framework/Versions/A/WindowManagement
0x00000001a03d5000 	/System/Library/Frameworks/SystemConfiguration.framework/Versions/A/SystemConfiguration
0x00000001b064e000 	/usr/lib/libspindump.dylib
0x00000001a4c64000 	/System/Library/Frameworks/UniformTypeIdentifiers.framework/Versions/A/UniformTypeIdentifiers
0x00000001adc4a000 	/usr/lib/libbsm.0.dylib
0x00000001a944e000 	/usr/lib/libapp_launch_measurement.dylib
0x00000001a8743000 	/System/Library/PrivateFrameworks/CoreAnalytics.framework/Versions/A/CoreAnalytics
0x00000001a9452000 	/System/Library/PrivateFrameworks/CoreAutoLayout.framework/Versions/A/CoreAutoLayout
0x00000001ab28f000 	/System/Library/Frameworks/Metal.framework/Versions/A/Metal
0x00000001ac697000 	/usr/lib/liblangid.dylib
0x00000001abd4a000 	/System/Library/PrivateFrameworks/CoreSVG.framework/Versions/A/CoreSVG
0x00000001a56c5000 	/System/Library/PrivateFrameworks/SkyLight.framework/Versions/A/SkyLight
0x0000000260cc7000 	/System/Library/PrivateFrameworks/FocusEngine.framework/Versions/A/FocusEngine
0x00000001a5c8c000 	/System/Library/Frameworks/CoreGraphics.framework/Versions/A/CoreGraphics
0x000000025e8c2000 	/System/Library/PrivateFrameworks/DesignLibrary.framework/Versions/A/DesignLibrary
0x00000001b70f7000 	/System/Library/Frameworks/Accelerate.framework/Versions/A/Accelerate
0x00000001b0443000 	/System/Library/PrivateFrameworks/IconServices.framework/Versions/A/IconServices
0x00000001ab267000 	/System/Library/Frameworks/IOSurface.framework/Versions/A/IOSurface
0x00000001a8773000 	/usr/lib/libDiagnosticMessagesClient.dylib
0x00000001ae8fc000 	/usr/lib/libz.1.dylib
0x00000001bb41f000 	/System/Library/Frameworks/ApplicationServices.framework/Versions/A/ApplicationServices
0x00000001abd2f000 	/System/Library/PrivateFrameworks/DFRFoundation.framework/Versions/A/DFRFoundation
0x00000001a2bcb000 	/usr/lib/libicucore.A.dylib
0x00000001b29b3000 	/System/Library/Frameworks/AudioToolbox.framework/Versions/A/AudioToolbox
0x00000001b1724000 	/System/Library/PrivateFrameworks/DataDetectorsCore.framework/Versions/A/DataDetectorsCore
0x00000002913f5000 	/System/Library/PrivateFrameworks/UpdateCycle.framework/Versions/A/UpdateCycle
0x00000001cf61a000 	/System/Library/PrivateFrameworks/TextInput.framework/Versions/A/TextInput
0x00000001a5607000 	/usr/lib/libMobileGestalt.dylib
0x00000001aba2b000 	/System/Library/Frameworks/Carbon.framework/Versions/A/Frameworks/HIToolbox.framework/Versions/A/HIToolbox
0x00000001a8ca8000 	/System/Library/Frameworks/QuartzCore.framework/Versions/A/QuartzCore
0x00000001a27a6000 	/System/Library/Frameworks/Security.framework/Versions/A/Security
0x00000001b6a76000 	/System/Library/Frameworks/Carbon.framework/Versions/A/Frameworks/SpeechRecognition.framework/Versions/A/SpeechRecognition
0x00000001a911d000 	/System/Library/PrivateFrameworks/CoreUI.framework/Versions/A/CoreUI
0x00000001a1ff4000 	/System/Library/Frameworks/CoreAudio.framework/Versions/A/CoreAudio
0x00000001a8867000 	/System/Library/Frameworks/DiskArbitration.framework/Versions/A/DiskArbitration
0x00000001b0bf6000 	/System/Library/PrivateFrameworks/MultitouchSupport.framework/Versions/A/MultitouchSupport
0x00000001a5605000 	/usr/lib/libenergytrace.dylib
0x00000001c2afe000 	/System/Library/PrivateFrameworks/RenderBox.framework/Versions/A/RenderBox
0x00000001a3223000 	/System/Library/Frameworks/IOKit.framework/Versions/A/IOKit
0x00000001b6e80000 	/System/Library/Frameworks/CoreServices.framework/Versions/A/CoreServices
0x00000001a93df000 	/System/Library/PrivateFrameworks/PerformanceAnalysis.framework/Versions/A/PerformanceAnalysis
0x00000002430b4000 	/System/Library/Frameworks/OpenGL.framework/Versions/A/OpenGL
0x00000001a949c000 	/usr/lib/libxml2.2.dylib
0x00000001adb2b000 	/System/Library/PrivateFrameworks/MobileKeyBag.framework/Versions/A/MobileKeyBag
0x000000019ea8c000 	/usr/lib/libobjc.A.dylib
0x000000019edf2000 	/usr/lib/libc++.1.dylib
0x00000001b6dfd000 	/System/Library/Frameworks/Accessibility.framework/Versions/A/Accessibility
0x00000001a63e6000 	/System/Library/Frameworks/ColorSync.framework/Versions/A/ColorSync
0x000000019ef23000 	/System/Library/Frameworks/CoreFoundation.framework/Versions/A/CoreFoundation
0x00000001ac0d7000 	/System/Library/Frameworks/CoreImage.framework/Versions/A/CoreImage
0x00000001a1dc7000 	/System/Library/Frameworks/CoreText.framework/Versions/A/CoreText
0x00000002449be000 	/System/Library/Frameworks/CoreTransferable.framework/Versions/A/CoreTransferable
0x0000000244efa000 	/System/Library/Frameworks/DataDetection.framework/Versions/A/DataDetection
0x0000000244f0f000 	/System/Library/Frameworks/DeveloperToolsSupport.framework/Versions/A/DeveloperToolsSupport
0x00000001abd88000 	/System/Library/Frameworks/ImageIO.framework/Versions/A/ImageIO
0x000000024e63f000 	/System/Library/Frameworks/Symbols.framework/Versions/A/Symbols
0x00000001d483f000 	/System/Library/PrivateFrameworks/AttributeGraph.framework/Versions/A/AttributeGraph
0x00000001b8f0e000 	/System/Library/PrivateFrameworks/BoardServices.framework/Versions/A/BoardServices
0x00000001f8ffe000 	/System/Library/PrivateFrameworks/FeatureFlags.framework/Versions/A/FeatureFlags
0x0000000269f07000 	/System/Library/PrivateFrameworks/Gestures.framework/Versions/A/Gestures
0x00000001ae9b8000 	/System/Library/PrivateFrameworks/SoftLinking.framework/Versions/A/SoftLinking
0x00000001e30e3000 	/usr/lib/swift/libswiftAccelerate.dylib
0x00000001d955a000 	/usr/lib/swift/libswiftCompression.dylib
0x00000001b231b000 	/usr/lib/swift/libswiftCore.dylib
0x00000001cb8eb000 	/usr/lib/swift/libswiftCoreFoundation.dylib
0x00000001cb944000 	/usr/lib/swift/libswiftCoreImage.dylib
0x00000001b8baa000 	/usr/lib/swift/libswiftDispatch.dylib
0x00000001cb945000 	/usr/lib/swift/libswiftIOKit.dylib
0x00000001d954d000 	/usr/lib/swift/libswiftMetal.dylib
0x00000001e88d2000 	/usr/lib/swift/libswiftOSLog.dylib
0x00000001bba70000 	/usr/lib/swift/libswiftObjectiveC.dylib
0x000000029e16e000 	/usr/lib/swift/libswiftObservation.dylib
0x00000001de866000 	/usr/lib/swift/libswiftQuartzCore.dylib
0x000000029e2ad000 	/usr/lib/swift/libswiftSynchronization.dylib
0x00000001e30d4000 	/usr/lib/swift/libswiftUniformTypeIdentifiers.dylib
0x00000001cb8fd000 	/usr/lib/swift/libswiftXPC.dylib
0x000000029e2e7000 	/usr/lib/swift/libswift_Builtin_float.dylib
0x000000029e2ea000 	/usr/lib/swift/libswift_Concurrency.dylib
0x00000001bba74000 	/usr/lib/swift/libswiftos.dylib
0x00000001cf3aa000 	/usr/lib/swift/libswiftsimd.dylib
0x00000001aebdf000 	/usr/lib/libcompression.dylib
0x00000001b137c000 	/System/Library/PrivateFrameworks/TextureIO.framework/Versions/A/TextureIO
0x00000001a6592000 	/System/Library/Frameworks/ApplicationServices.framework/Versions/A/Frameworks/HIServices.framework/Versions/A/HIServices
0x00000001b00cc000 	/usr/lib/libate.dylib
0x00000001ae9ad000 	/usr/lib/system/libcache.dylib
0x00000001ae968000 	/usr/lib/system/libcommonCrypto.dylib
0x00000001ae993000 	/usr/lib/system/libcompiler_rt.dylib
0x00000001ae988000 	/usr/lib/system/libcopyfile.dylib
0x000000019ec2c000 	/usr/lib/system/libcorecrypto.dylib
0x000000019ed25000 	/usr/lib/system/libdispatch.dylib
0x000000019eae0000 	/usr/lib/system/libdyld.dylib
0x00000001ae9a3000 	/usr/lib/system/libkeymgr.dylib
0x00000001ae94b000 	/usr/lib/system/libmacho.dylib
0x00000001adc22000 	/usr/lib/system/libquarantine.dylib
0x00000001ae9a0000 	/usr/lib/system/libremovefile.dylib
0x00000001a5688000 	/usr/lib/system/libsystem_asl.dylib
0x000000019ebb1000 	/usr/lib/system/libsystem_blocks.dylib
0x000000019ed6f000 	/usr/lib/system/libsystem_c.dylib
0x00000001ae997000 	/usr/lib/system/libsystem_collections.dylib
0x00000001ac684000 	/usr/lib/system/libsystem_configuration.dylib
0x00000001ab22e000 	/usr/lib/system/libsystem_containermanager.dylib
0x00000001ae3b2000 	/usr/lib/system/libsystem_coreservices.dylib
0x00000001a2e9d000 	/usr/lib/system/libsystem_darwin.dylib
0x000000029e63d000 	/usr/lib/system/libsystem_darwindirectory.dylib
0x00000001ae9a4000 	/usr/lib/system/libsystem_dnssd.dylib
0x000000029e641000 	/usr/lib/system/libsystem_eligibility.dylib
0x000000019ed6c000 	/usr/lib/system/libsystem_featureflags.dylib
0x000000019eef3000 	/usr/lib/system/libsystem_info.dylib
0x00000001ae90c000 	/usr/lib/system/libsystem_m.dylib
0x000000019ecd9000 	/usr/lib/system/libsystem_malloc.dylib
0x00000001a55ea000 	/usr/lib/system/libsystem_networkextension.dylib
0x00000001a330e000 	/usr/lib/system/libsystem_notify.dylib
0x00000001ac689000 	/usr/lib/system/libsystem_sandbox.dylib
0x000000029e64b000 	/usr/lib/system/libsystem_sanitizers.dylib
0x00000001ae99c000 	/usr/lib/system/libsystem_secinit.dylib
0x000000019eea0000 	/usr/lib/system/libsystem_kernel.dylib
0x000000019eeea000 	/usr/lib/system/libsystem_platform.dylib
0x000000019eedd000 	/usr/lib/system/libsystem_pthread.dylib
0x00000001a7264000 	/usr/lib/system/libsystem_symptoms.dylib
0x000000019ec0b000 	/usr/lib/system/libsystem_trace.dylib
0x000000029e653000 	/usr/lib/system/libsystem_trial.dylib
0x00000001ae976000 	/usr/lib/system/libunwind.dylib
0x000000019ebb5000 	/usr/lib/system/libxpc.dylib
0x000000019ee85000 	/usr/lib/libc++abi.dylib
0x000000029de7e000 	/usr/lib/libswiftPrespecialized.dylib
0x00000001ae9b5000 	/usr/lib/libfakelink.dylib
0x00000001a522e000 	/System/Library/Frameworks/CFNetwork.framework/Versions/A/CFNetwork
0x00000001aea09000 	/usr/lib/libarchive.2.dylib
0x00000001b4b8b000 	/System/Library/Frameworks/Combine.framework/Versions/A/Combine
0x00000002587e6000 	/System/Library/PrivateFrameworks/CollectionsInternal.framework/Versions/A/CollectionsInternal
0x000000027f965000 	/System/Library/PrivateFrameworks/ReflectionInternal.framework/Versions/A/ReflectionInternal
0x00000002807f1000 	/System/Library/PrivateFrameworks/RuntimeInternal.framework/Versions/A/RuntimeInternal
0x00000001c8792000 	/usr/lib/swift/libswiftDarwin.dylib
0x000000029e2b5000 	/usr/lib/swift/libswiftSystem.dylib
0x000000029e374000 	/usr/lib/swift/libswift_DarwinFoundation1.dylib
0x000000029e455000 	/usr/lib/swift/libswift_StringProcessing.dylib
0x00000001a31a2000 	/System/Library/PrivateFrameworks/CoreServicesInternal.framework/Versions/A/CoreServicesInternal
0x00000001ae980000 	/usr/lib/liboah.dylib
0x00000001baebd000 	/System/Library/PrivateFrameworks/DiskImages.framework/Versions/A/DiskImages
0x00000001c8254000 	/System/Library/Frameworks/NetFS.framework/Versions/A/NetFS
0x00000001a9416000 	/System/Library/Frameworks/CoreServices.framework/Versions/A/Frameworks/FSEvents.framework/Versions/A/FSEvents
0x00000001a2ea8000 	/System/Library/Frameworks/CoreServices.framework/Versions/A/Frameworks/CarbonCore.framework/Versions/A/CarbonCore
0x00000001a87db000 	/System/Library/Frameworks/CoreServices.framework/Versions/A/Frameworks/Metadata.framework/Versions/A/Metadata
0x00000001ae3ba000 	/System/Library/Frameworks/CoreServices.framework/Versions/A/Frameworks/OSServices.framework/Versions/A/OSServices
0x00000001aeb01000 	/System/Library/Frameworks/CoreServices.framework/Versions/A/Frameworks/SearchKit.framework/Versions/A/SearchKit
0x00000001a71dd000 	/System/Library/Frameworks/CoreServices.framework/Versions/A/Frameworks/AE.framework/Versions/A/AE
0x000000019f46d000 	/System/Library/Frameworks/CoreServices.framework/Versions/A/Frameworks/LaunchServices.framework/Versions/A/LaunchServices
0x00000001aff22000 	/System/Library/Frameworks/CoreServices.framework/Versions/A/Frameworks/DictionaryServices.framework/Versions/A/DictionaryServices
0x00000001a9424000 	/System/Library/Frameworks/CoreServices.framework/Versions/A/Frameworks/SharedFileList.framework/Versions/A/SharedFileList
0x00000001aeb96000 	/usr/lib/libapple_nghttp2.dylib
0x00000001a6df7000 	/usr/lib/libsqlite3.dylib
0x00000001bb105000 	/System/Library/PrivateFrameworks/AppSupport.framework/Versions/A/AppSupport
0x00000001b304d000 	/System/Library/Frameworks/GSS.framework/Versions/A/GSS
0x00000001a7171000 	/System/Library/PrivateFrameworks/RunningBoardServices.framework/Versions/A/RunningBoardServices
0x00000001bb9fe000 	/System/Library/PrivateFrameworks/StreamingZip.framework/Versions/A/StreamingZip
0x00000001a726d000 	/System/Library/Frameworks/Network.framework/Versions/A/Network
0x00000001ae94f000 	/usr/lib/system/libkxld.dylib
0x0000000254047000 	/System/Library/PrivateFrameworks/AppleKeyStore.framework/Versions/A/AppleKeyStore
0x000000029cc10000 	/usr/lib/libCoreEntitlements.dylib
0x0000000275837000 	/System/Library/PrivateFrameworks/MessageSecurity.framework/Versions/A/MessageSecurity
0x00000001a6ddb000 	/System/Library/PrivateFrameworks/ProtocolBuffer.framework/Versions/A/ProtocolBuffer
0x00000001b7fab000 	/System/Library/PrivateFrameworks/SymptomDiagnosticReporter.framework/Versions/A/SymptomDiagnosticReporter
0x00000001b0166000 	/System/Library/PrivateFrameworks/CrashReporterSupport.framework/Versions/A/CrashReporterSupport
0x00000001ae399000 	/System/Library/PrivateFrameworks/AppleFSCompression.framework/Versions/A/AppleFSCompression
0x00000001adc32000 	/usr/lib/libcoretls.dylib
0x00000001aff99000 	/usr/lib/libcoretls_cfhelpers.dylib
0x00000001aebd8000 	/usr/lib/libpam.2.dylib
0x00000001b000b000 	/usr/lib/libxar.1.dylib
0x00000001aff9b000 	/System/Library/PrivateFrameworks/APFS.framework/Versions/A/APFS
0x000000028b29d000 	/System/Library/PrivateFrameworks/SwiftASN1Internal.framework/Versions/A/SwiftASN1Internal
0x00000001b001a000 	/usr/lib/libutil.dylib
0x00000001ac692000 	/System/Library/PrivateFrameworks/AppleSystemInfo.framework/Versions/A/AppleSystemInfo
0x00000001ad91a000 	/System/Library/PrivateFrameworks/IOMobileFramebuffer.framework/Versions/A/IOMobileFramebuffer
0x00000001cb7b1000 	/System/Library/PrivateFrameworks/LoggingSupport.framework/Versions/A/LoggingSupport
0x00000001b30b0000 	/System/Library/PrivateFrameworks/MobileAsset.framework/Versions/A/MobileAsset
0x00000001b7fbb000 	/System/Library/PrivateFrameworks/PowerLog.framework/Versions/A/PowerLog
0x000000024d55c000 	/System/Library/Frameworks/SwiftData.framework/Versions/A/SwiftData
0x00000001a9649000 	/System/Library/PrivateFrameworks/UserManagement.framework/Versions/A/UserManagement
0x00000001a5159000 	/usr/lib/libboringssl.dylib
0x00000001a7252000 	/usr/lib/libdns_services.dylib
0x00000001ca7e8000 	/usr/lib/libquic.dylib
0x00000001b22ab000 	/usr/lib/libusrtcp.dylib
0x0000000254e39000 	/System/Library/PrivateFrameworks/AtomicsInternal.framework/Versions/A/AtomicsInternal
0x00000001f115e000 	/System/Library/PrivateFrameworks/InternalSwiftProtobuf.framework/Versions/A/InternalSwiftProtobuf
0x000000029e145000 	/usr/lib/swift/libswiftDistributed.dylib
0x00000001ac690000 	/System/Library/PrivateFrameworks/AggregateDictionary.framework/Versions/A/AggregateDictionary
0x00000002555cc000 	/System/Library/PrivateFrameworks/BiomeLibrary.framework/Versions/A/BiomeLibrary
0x00000001da56d000 	/System/Library/PrivateFrameworks/BiomeStreams.framework/Versions/A/BiomeStreams
0x00000001d6738000 	/System/Library/PrivateFrameworks/BiomeFoundation.framework/Versions/A/BiomeFoundation
0x00000001e062e000 	/System/Library/PrivateFrameworks/BiomePubSub.framework/Versions/A/BiomePubSub
0x00000001bca2a000 	/System/Library/PrivateFrameworks/ProactiveSupport.framework/Versions/A/ProactiveSupport
0x00000001aff7a000 	/usr/lib/liblzma.5.dylib
0x00000001bb420000 	/System/Library/PrivateFrameworks/InternationalTextSearch.framework/Versions/A/InternationalTextSearch
0x00000001d2c3c000 	/System/Library/PrivateFrameworks/SoftwareUpdateCoreSupport.framework/Versions/A/SoftwareUpdateCoreSupport
0x00000001daff1000 	/System/Library/PrivateFrameworks/SoftwareUpdateCoreConnect.framework/Versions/A/SoftwareUpdateCoreConnect
0x00000001bafbb000 	/System/Library/PrivateFrameworks/RemoteServiceDiscovery.framework/Versions/A/RemoteServiceDiscovery
0x00000001d2833000 	/System/Library/PrivateFrameworks/MSUDataAccessor.framework/Versions/A/MSUDataAccessor
0x00000001cd90d000 	/usr/lib/libbootpolicy.dylib
0x00000001bafd2000 	/System/Library/PrivateFrameworks/RemoteXPC.framework/Versions/A/RemoteXPC
0x00000001da439000 	/usr/lib/libFDR.dylib
0x00000001e024f000 	/usr/lib/libamsupport.dylib
0x000000029cf25000 	/usr/lib/libReverseProxyDevice.dylib
0x0000000253970000 	/System/Library/PrivateFrameworks/AppleDeviceQuerySupport.framework/Versions/A/AppleDeviceQuerySupport
0x00000001e32e3000 	/usr/lib/libpartition2_dynamic.dylib
0x00000001aeb72000 	/System/Library/PrivateFrameworks/AppleSauce.framework/Versions/A/AppleSauce
0x000000029cab1000 	/usr/lib/libAppleArchive.dylib
0x00000001ae3a5000 	/usr/lib/libbz2.1.0.dylib
0x00000001a8871000 	/System/Library/Frameworks/Accelerate.framework/Versions/A/Frameworks/vImage.framework/Versions/A/vImage
0x00000001b6e5a000 	/System/Library/Frameworks/Accelerate.framework/Versions/A/Frameworks/vecLib.framework/Versions/A/vecLib
0x00000001b0051000 	/System/Library/Frameworks/Accelerate.framework/Versions/A/Frameworks/vecLib.framework/Versions/A/libvMisc.dylib
0x000000019f96d000 	/System/Library/Frameworks/Accelerate.framework/Versions/A/Frameworks/vecLib.framework/Versions/A/libBLAS.dylib
0x00000001a9583000 	/System/Library/Frameworks/CoreVideo.framework/Versions/A/CoreVideo
0x00000001b2c54000 	/System/Library/Frameworks/ApplicationServices.framework/Versions/A/Frameworks/ATS.framework/Versions/A/ATS
0x00000001b1305000 	/System/Library/Frameworks/ApplicationServices.framework/Versions/A/Frameworks/PrintCore.framework/Versions/A/PrintCore
0x00000001b3016000 	/System/Library/Frameworks/ApplicationServices.framework/Versions/A/Frameworks/QD.framework/Versions/A/QD
0x00000001b3011000 	/System/Library/Frameworks/ApplicationServices.framework/Versions/A/Frameworks/ColorSyncLegacy.framework/Versions/A/ColorSyncLegacy
0x00000001b2c26000 	/System/Library/Frameworks/ApplicationServices.framework/Versions/A/Frameworks/SpeechSynthesis.framework/Versions/A/SpeechSynthesis
0x00000001ab759000 	/System/Library/PrivateFrameworks/FontServices.framework/libFontParser.dylib
0x00000001bace1000 	/System/Library/PrivateFrameworks/BackBoardServices.framework/Versions/A/BackBoardServices
0x00000002554e5000 	/System/Library/PrivateFrameworks/BackBoardHIDEventFoundation.framework/Versions/A/BackBoardHIDEventFoundation
0x00000001a18d8000 	/System/Library/Frameworks/CoreDisplay.framework/Versions/A/CoreDisplay
0x00000001b0c3c000 	/System/Library/Frameworks/VideoToolbox.framework/Versions/A/VideoToolbox
0x00000001aebd6000 	/System/Library/Frameworks/MetalPerformanceShaders.framework/Versions/A/MetalPerformanceShaders
0x000000027e9d1000 	/System/Library/PrivateFrameworks/ProDisplayLibrary.framework/Versions/A/ProDisplayLibrary
0x00000001beac1000 	/System/Library/PrivateFrameworks/IOSurfaceAccelerator.framework/Versions/A/IOSurfaceAccelerator
0x00000001ab284000 	/System/Library/PrivateFrameworks/IOAccelerator.framework/Versions/A/IOAccelerator
0x00000001ab59c000 	/System/Library/Frameworks/CoreMedia.framework/Versions/A/CoreMedia
0x00000001a56a0000 	/System/Library/PrivateFrameworks/TCC.framework/Versions/A/TCC
0x00000001b0bf4000 	/System/Library/PrivateFrameworks/WatchdogClient.framework/Versions/A/WatchdogClient
0x00000001cb8cb000 	/usr/lib/swift/libswiftCoreAudio.dylib
0x00000001e712b000 	/usr/lib/swift/libswiftCoreMedia.dylib
0x000000029e2cf000 	/usr/lib/swift/libswiftVideoToolbox.dylib
0x00000001e068c000 	/System/Library/PrivateFrameworks/BiomeStorage.framework/Versions/A/BiomeStorage
0x000000026fe97000 	/System/Library/PrivateFrameworks/IntelligencePlatformLibrary.framework/Versions/A/IntelligencePlatformLibrary
0x000000027dcd0000 	/System/Library/PrivateFrameworks/PoirotSchematizer.framework/Versions/A/PoirotSchematizer
0x0000000255e14000 	/System/Library/PrivateFrameworks/BiomeSync.framework/Versions/A/BiomeSync
0x00000002555b2000 	/System/Library/PrivateFrameworks/BiomeDSL.framework/Versions/A/BiomeDSL
0x000000027dd3a000 	/System/Library/PrivateFrameworks/PoirotUDFs.framework/Versions/A/PoirotUDFs
0x000000027dc9f000 	/System/Library/PrivateFrameworks/PoirotSQLite.framework/Versions/A/PoirotSQLite
0x00000001b942b000 	/System/Library/PrivateFrameworks/CoreTime.framework/Versions/A/CoreTime
0x00000001ae9ee000 	/usr/lib/libiconv.2.dylib
0x00000001ae94a000 	/usr/lib/libcharset.1.dylib
0x000000029e3b5000 	/usr/lib/swift/libswift_RegexParser.dylib
0x0000000257425000 	/System/Library/PrivateFrameworks/CascadeSets.framework/Versions/A/CascadeSets
0x00000001b3220000 	/System/Library/PrivateFrameworks/CorePhoneNumbers.framework/Versions/A/CorePhoneNumbers
0x00000001b09dc000 	/System/Library/PrivateFrameworks/AppleJPEG.framework/Versions/A/AppleJPEG
0x00000001b03be000 	/usr/lib/libexpat.1.dylib
0x00000001b11d8000 	/System/Library/Frameworks/ImageIO.framework/Versions/A/Resources/libPng.dylib
0x00000001b1204000 	/System/Library/Frameworks/ImageIO.framework/Versions/A/Resources/libTIFF.dylib
0x00000001b12ee000 	/System/Library/Frameworks/ImageIO.framework/Versions/A/Resources/libGIF.dylib
0x00000001b0a21000 	/System/Library/Frameworks/ImageIO.framework/Versions/A/Resources/libJP2.dylib
0x00000001b1294000 	/System/Library/Frameworks/ImageIO.framework/Versions/A/Resources/libJPEG.dylib
0x00000001b128b000 	/System/Library/Frameworks/ImageIO.framework/Versions/A/Resources/libRadiance.dylib
0x0000000266675000 	/System/Library/PrivateFrameworks/GPUCompiler.framework/Versions/32023/Libraries/libllvm-flatbuffers.dylib
0x0000000260f81000 	/System/Library/PrivateFrameworks/FramePacing.framework/Versions/A/FramePacing
0x00000002430a6000 	/System/Library/Frameworks/OpenGL.framework/Versions/A/Libraries/libCoreFSCache.dylib
0x00000002620c2000 	/System/Library/PrivateFrameworks/GPUCompiler.framework/Versions/32023/Libraries/libGPUCompilerUtils.dylib
0x00000001b8fdb000 	/System/Library/PrivateFrameworks/GraphicsServices.framework/Versions/A/GraphicsServices
0x00000001bcbb6000 	/System/Library/PrivateFrameworks/ASEProcessing.framework/Versions/A/ASEProcessing
0x00000001ec92d000 	/System/Library/PrivateFrameworks/Symbolication.framework/Versions/A/Symbolication
0x000000027d8bc000 	/System/Library/PrivateFrameworks/PhotosensitivityProcessing.framework/Versions/A/PhotosensitivityProcessing
0x0000000280a2a000 	/System/Library/PrivateFrameworks/SILManager.framework/Versions/A/SILManager
0x00000001b05f0000 	/System/Library/PrivateFrameworks/GraphVisualizer.framework/Versions/A/GraphVisualizer
0x0000000243105000 	/System/Library/Frameworks/OpenGL.framework/Versions/A/Libraries/libGLU.dylib
0x00000002430c8000 	/System/Library/Frameworks/OpenGL.framework/Versions/A/Libraries/libGFXShared.dylib
0x0000000243294000 	/System/Library/Frameworks/OpenGL.framework/Versions/A/Libraries/libGL.dylib
0x00000002430d1000 	/System/Library/Frameworks/OpenGL.framework/Versions/A/Libraries/libGLImage.dylib
0x00000002430c5000 	/System/Library/Frameworks/OpenGL.framework/Versions/A/Libraries/libCVMSPluginSupport.dylib
0x00000002430ae000 	/System/Library/Frameworks/OpenGL.framework/Versions/A/Libraries/libCoreVMClient.dylib
0x0000000260e8c000 	/System/Library/PrivateFrameworks/FontServices.framework/Versions/A/FontServices
0x00000001b0600000 	/System/Library/PrivateFrameworks/OTSVG.framework/Versions/A/OTSVG
0x00000001a90ca000 	/System/Library/Frameworks/ApplicationServices.framework/Versions/A/Frameworks/ATS.framework/Versions/A/Resources/libFontRegistry.dylib
0x000000029d435000 	/usr/lib/libhvf.dylib
0x000000027a6f4000 	/System/Library/PrivateFrameworks/ParsingInternal.framework/Versions/A/ParsingInternal
0x0000000260e90000 	/System/Library/PrivateFrameworks/FontServices.framework/libXTFontStaticRegistryData.dylib
0x00000001ac5cf000 	/System/Library/Frameworks/MetalPerformanceShaders.framework/Versions/A/Frameworks/MPSCore.framework/Versions/A/MPSCore
0x00000001ae304000 	/System/Library/Frameworks/MetalPerformanceShaders.framework/Versions/A/Frameworks/MPSImage.framework/Versions/A/MPSImage
0x00000001adcd5000 	/System/Library/Frameworks/MetalPerformanceShaders.framework/Versions/A/Frameworks/MPSNeuralNetwork.framework/Versions/A/MPSNeuralNetwork
0x00000001ae10d000 	/System/Library/Frameworks/MetalPerformanceShaders.framework/Versions/A/Frameworks/MPSMatrix.framework/Versions/A/MPSMatrix
0x00000001adf22000 	/System/Library/Frameworks/MetalPerformanceShaders.framework/Versions/A/Frameworks/MPSRayIntersector.framework/Versions/A/MPSRayIntersector
0x00000001ae13f000 	/System/Library/Frameworks/MetalPerformanceShaders.framework/Versions/A/Frameworks/MPSNDArray.framework/Versions/A/MPSNDArray
0x000000024723d000 	/System/Library/Frameworks/MetalPerformanceShaders.framework/Versions/A/Frameworks/MPSFunctions.framework/Versions/A/MPSFunctions
0x000000024721e000 	/System/Library/Frameworks/MetalPerformanceShaders.framework/Versions/A/Frameworks/MPSBenchmarkLoop.framework/Versions/A/MPSBenchmarkLoop
0x0000000247252000 	/System/Library/Frameworks/MetalPerformanceShaders.framework/Versions/A/Frameworks/MPSHost.framework/Versions/A/MPSHost
0x000000019f789000 	/System/Library/PrivateFrameworks/MetalTools.framework/Versions/A/MetalTools
0x00000001d0a56000 	/System/Library/PrivateFrameworks/IOAccelMemoryInfo.framework/Versions/A/IOAccelMemoryInfo
0x00000001dec5c000 	/System/Library/PrivateFrameworks/kperf.framework/Versions/A/kperf
0x00000001cb8c7000 	/System/Library/PrivateFrameworks/GPURawCounter.framework/Versions/A/GPURawCounter
0x00000001b9314000 	/System/Library/PrivateFrameworks/CoreSymbolication.framework/Versions/A/CoreSymbolication
0x00000001cb83e000 	/System/Library/PrivateFrameworks/MallocStackLogging.framework/Versions/A/MallocStackLogging
0x00000001b92f1000 	/System/Library/PrivateFrameworks/DebugSymbols.framework/Versions/A/DebugSymbols
0x00000001dd4c2000 	/System/Library/PrivateFrameworks/OSAnalytics.framework/Versions/A/OSAnalytics
0x000000025ed79000 	/System/Library/PrivateFrameworks/DeviceRecovery.framework/Versions/A/DeviceRecovery
0x0000000245054000 	/System/Library/Frameworks/ExtensionFoundation.framework/Versions/A/ExtensionFoundation
0x00000001b0641000 	/System/Library/PrivateFrameworks/AppServerSupport.framework/Versions/A/AppServerSupport
0x00000002463bc000 	/System/Library/Frameworks/LightweightCodeRequirements.framework/Versions/A/LightweightCodeRequirements
0x00000001b02bd000 	/System/Library/PrivateFrameworks/PlugInKit.framework/Versions/A/PlugInKit
0x00000001adb43000 	/System/Library/PrivateFrameworks/AssertionServices.framework/Versions/A/AssertionServices
0x00000001b03e3000 	/System/Library/PrivateFrameworks/IconFoundation.framework/Versions/A/IconFoundation
0x000000026cd99000 	/System/Library/PrivateFrameworks/IconRendering.framework/Versions/A/IconRendering
0x00000002809a2000 	/System/Library/PrivateFrameworks/SFSymbols.framework/Versions/A/SFSymbols
0x00000001a19fc000 	/System/Library/PrivateFrameworks/AudioToolboxCore.framework/Versions/A/AudioToolboxCore
0x00000001b2b8e000 	/System/Library/PrivateFrameworks/AudioSession.framework/Versions/A/AudioSession
0x00000001bde02000 	/System/Library/Frameworks/CoreMIDI.framework/Versions/A/CoreMIDI
0x00000001b2c0d000 	/usr/lib/libAudioStatistics.dylib
0x00000001ab573000 	/System/Library/PrivateFrameworks/caulk.framework/Versions/A/caulk
0x00000001b11b2000 	/usr/lib/libAudioToolboxUtility.dylib
0x00000001d207c000 	/usr/lib/swift/libswiftCoreMIDI.dylib
0x00000001b301f000 	/System/Library/PrivateFrameworks/perfdata.framework/Versions/A/perfdata
0x00000001ca8e5000 	/System/Library/PrivateFrameworks/SystemPolicy.framework/Versions/A/SystemPolicy
0x00000001b2ec4000 	/usr/lib/libSMC.dylib
0x00000001b302d000 	/usr/lib/libperfcheck.dylib
0x0000000254ef9000 	/System/Library/PrivateFrameworks/AudioAnalytics.framework/Versions/A/AudioAnalytics
0x000000029e378000 	/usr/lib/swift/libswift_DarwinFoundation2.dylib
0x000000029e379000 	/usr/lib/swift/libswift_DarwinFoundation3.dylib
0x00000001f0e5b000 	/System/Library/Frameworks/OSLog.framework/Versions/A/OSLog
0x00000001cb870000 	/usr/lib/libmis.dylib
0x00000001b0501000 	/System/Library/PrivateFrameworks/MediaExperience.framework/Versions/A/MediaExperience
0x00000001b295c000 	/System/Library/PrivateFrameworks/AudioSession.framework/libSessionUtility.dylib
0x00000001b12f4000 	/System/Library/PrivateFrameworks/CMCaptureCore.framework/Versions/A/CMCaptureCore
0x00000001b7ea5000 	/System/Library/Frameworks/CoreBluetooth.framework/Versions/A/CoreBluetooth
0x00000001ad9af000 	/System/Library/PrivateFrameworks/CoreUtils.framework/Versions/A/CoreUtils
0x00000001c3825000 	/System/Library/PrivateFrameworks/HID.framework/Versions/A/HID
0x000000025e176000 	/System/Library/PrivateFrameworks/CoreUtilsExtras.framework/Versions/A/CoreUtilsExtras
0x000000026ccee000 	/System/Library/PrivateFrameworks/IO80211.framework/Versions/A/IO80211
0x00000001b48de000 	/System/Library/Frameworks/IOBluetooth.framework/Versions/A/IOBluetooth
0x0000000254ae7000 	/System/Library/PrivateFrameworks/ArgumentParserInternal.framework/Versions/A/ArgumentParserInternal
0x00000001b015d000 	/usr/lib/libIOReport.dylib
0x00000001adb52000 	/System/Library/Frameworks/SecurityFoundation.framework/Versions/A/SecurityFoundation
0x00000001a014d000 	/System/Library/PrivateFrameworks/Lexicon.framework/Versions/A/Lexicon
0x00000001adcbd000 	/usr/lib/libgermantok.dylib
0x00000001ac7bb000 	/System/Library/PrivateFrameworks/LinguisticData.framework/Versions/A/LinguisticData
0x00000001b80ad000 	/System/Library/PrivateFrameworks/MediaKit.framework/Versions/A/MediaKit
0x00000001b7ff8000 	/System/Library/Frameworks/DiscRecording.framework/Versions/A/DiscRecording
0x00000001b03d9000 	/usr/lib/libheimdal-asn1.dylib
0x00000001bb9d4000 	/System/Library/Frameworks/AudioUnit.framework/Versions/A/AudioUnit
0x00000001a93e9000 	/System/Library/Frameworks/OpenDirectory.framework/Versions/A/OpenDirectory
0x00000001a93f7000 	/System/Library/Frameworks/OpenDirectory.framework/Versions/A/Frameworks/CFOpenDirectory.framework/Versions/A/CFOpenDirectory
0x0000000243618000 	/System/Library/Frameworks/AVFAudio.framework/Versions/A/AVFAudio
0x00000001c47f6000 	/usr/lib/libAccessibility.dylib
0x0000000270a3e000 	/System/Library/PrivateFrameworks/IsolatedCoreAudioClient.framework/Versions/A/IsolatedCoreAudioClient
0x000000028e878000 	/System/Library/PrivateFrameworks/Tightbeam.framework/Versions/A/Tightbeam
0x000000025a074000 	/System/Library/PrivateFrameworks/CoreAudioOrchestration.framework/Versions/A/CoreAudioOrchestration
0x00000001e3836000 	/System/Library/PrivateFrameworks/AFKUser.framework/Versions/A/AFKUser
0x00000001b7147000 	/System/Library/Frameworks/MediaAccessibility.framework/Versions/A/MediaAccessibility
0x0000000292a97000 	/System/Library/PrivateFrameworks/VideoToolboxParavirtualizationSupport.framework/Versions/A/VideoToolboxParavirtualizationSupport
0x00000001b0375000 	/System/Library/PrivateFrameworks/AppleVA.framework/Versions/A/AppleVA
0x00000001b1286000 	/System/Library/PrivateFrameworks/GPUWrangler.framework/Versions/A/GPUWrangler
0x00000001b1266000 	/System/Library/PrivateFrameworks/IOPresentment.framework/Versions/A/IOPresentment
0x00000001b128e000 	/System/Library/PrivateFrameworks/DSExternalDisplay.framework/Versions/A/DSExternalDisplay
0x000000025493e000 	/System/Library/PrivateFrameworks/AppleMobileFileIntegrity.framework/Versions/A/AppleMobileFileIntegrity
0x000000029cfb2000 	/usr/lib/libTLE.dylib
0x0000000202161000 	/System/Library/PrivateFrameworks/ConfigProfileHelper.framework/Versions/A/ConfigProfileHelper
0x00000001f6f6e000 	/usr/lib/libedit.3.dylib
0x0000000271fbe000 	/System/Library/PrivateFrameworks/MIL.framework/Versions/A/MIL
0x00000001d0a19000 	/usr/lib/libncurses.5.4.dylib
0x00000001ad8e4000 	/System/Library/PrivateFrameworks/CoreEmoji.framework/Versions/A/CoreEmoji
0x00000001a0469000 	/usr/lib/libCRFSuite.dylib
0x00000001ac699000 	/System/Library/PrivateFrameworks/CoreNLP.framework/Versions/A/CoreNLP
0x00000001adc5c000 	/usr/lib/libmecab.dylib
0x00000001aeb69000 	/usr/lib/libThaiTokenizer.dylib
0x00000001f1326000 	/System/Library/PrivateFrameworks/HIDDisplay.framework/Versions/A/HIDDisplay
0x00000001b12c0000 	/System/Library/Frameworks/ApplicationServices.framework/Versions/A/Frameworks/ATSUI.framework/Versions/A/ATSUI
0x00000001b2fa5000 	/usr/lib/libcups.2.dylib
0x00000001b303b000 	/System/Library/Frameworks/Kerberos.framework/Versions/A/Kerberos
0x00000001b2c9c000 	/usr/lib/libresolv.9.dylib
0x00000001b0655000 	/System/Library/PrivateFrameworks/Heimdal.framework/Versions/A/Heimdal
0x00000001bb9d3000 	/System/Library/Frameworks/Kerberos.framework/Versions/A/Libraries/libHeimdalProxy.dylib
0x00000001b309f000 	/System/Library/PrivateFrameworks/CommonAuth.framework/Versions/A/CommonAuth
0x00000001c46f1000 	/System/Library/PrivateFrameworks/AXCoreUtilities.framework/Versions/A/AXCoreUtilities
0x000000029c9cb000 	/usr/lib/libAXSafeCategoryBundle.dylib
0x00000001ad7aa000 	/System/Library/Frameworks/Accelerate.framework/Versions/A/Frameworks/vecLib.framework/Versions/A/libvDSP.dylib
0x00000001aecb6000 	/System/Library/Frameworks/Accelerate.framework/Versions/A/Frameworks/vecLib.framework/Versions/A/libLAPACK.dylib
0x00000001adcc0000 	/System/Library/Frameworks/Accelerate.framework/Versions/A/Frameworks/vecLib.framework/Versions/A/libLinearAlgebra.dylib
0x00000001aebaf000 	/System/Library/Frameworks/Accelerate.framework/Versions/A/Frameworks/vecLib.framework/Versions/A/libSparseBLAS.dylib
0x00000001aecb1000 	/System/Library/Frameworks/Accelerate.framework/Versions/A/Frameworks/vecLib.framework/Versions/A/libQuadrature.dylib
0x00000001ac7c2000 	/System/Library/Frameworks/Accelerate.framework/Versions/A/Frameworks/vecLib.framework/Versions/A/libBNNS.dylib
0x00000001a0262000 	/System/Library/Frameworks/Accelerate.framework/Versions/A/Frameworks/vecLib.framework/Versions/A/libSparse.dylib
0x00000001b3004000 	/System/Library/PrivateFrameworks/NetAuth.framework/Versions/A/NetAuth
0x00000001a9608000 	/System/Library/PrivateFrameworks/login.framework/Versions/A/Frameworks/loginsupport.framework/Versions/A/loginsupport
0x00000001adc26000 	/usr/lib/libCheckFix.dylib
0x00000001a8775000 	/System/Library/PrivateFrameworks/MetadataUtilities.framework/Versions/A/MetadataUtilities
0x000000026d7b6000 	/System/Library/PrivateFrameworks/InstalledContentLibrary.framework/Versions/A/InstalledContentLibrary
0x00000001a31e3000 	/System/Library/PrivateFrameworks/CoreServicesStore.framework/Versions/A/CoreServicesStore
0x00000001ded63000 	/System/Library/PrivateFrameworks/MobileSystemServices.framework/Versions/A/MobileSystemServices
0x00000001b001e000 	/usr/lib/libxslt.1.dylib
0x00000001adbe5000 	/System/Library/PrivateFrameworks/BackgroundTaskManagement.framework/Versions/A/BackgroundTaskManagement
0x00000001bb07d000 	/usr/lib/libcurl.4.dylib
0x000000029d1eb000 	/usr/lib/libcrypto.46.dylib
0x000000029de0b000 	/usr/lib/libssl.48.dylib
0x00000001bad53000 	/System/Library/Frameworks/LDAP.framework/Versions/A/LDAP
0x00000001bad8f000 	/System/Library/PrivateFrameworks/TrustEvaluationAgent.framework/Versions/A/TrustEvaluationAgent
0x00000001b2cb9000 	/usr/lib/libsasl2.2.dylib
0x00000001c8791000 	/usr/lib/swift/libswiftCoreGraphics.dylib
0x00000001b7843000 	/usr/lib/swift/libswiftFoundation.dylib
0x0000000201b1d000 	/usr/lib/swift/libswiftSwiftOnoneSupport.dylib
0x000000029e4ea000 	/usr/lib/swift/libswiftsys_time.dylib
0x00000001ed0ea000 	/System/Library/PrivateFrameworks/CoreMaterial.framework/Versions/A/CoreMaterial
0x000000029e230000 	/usr/lib/swift/libswiftSpatial.dylib
0x000000029cfaf000 	/usr/lib/libSpatial.dylib
0x000000029c8e9000 	/System/Library/SubFrameworks/UIUtilities.framework/Versions/A/UIUtilities
0x000000010679c000 	/nix/store/n3rmmip6djs9s68zkazn1c6gsxbjg7fs-zulu-ca-jdk-21.0.8/Library/Java/JavaVirtualMachines/zulu-21.jdk/Contents/Home/lib/server/libjvm.dylib
0x0000000100a1c000 	/nix/store/n3rmmip6djs9s68zkazn1c6gsxbjg7fs-zulu-ca-jdk-21.0.8/Library/Java/JavaVirtualMachines/zulu-21.jdk/Contents/Home/lib/libjimage.dylib
0x0000000100aa0000 	/nix/store/n3rmmip6djs9s68zkazn1c6gsxbjg7fs-zulu-ca-jdk-21.0.8/Library/Java/JavaVirtualMachines/zulu-21.jdk/Contents/Home/lib/libjava.dylib
0x0000000100d30000 	/nix/store/n3rmmip6djs9s68zkazn1c6gsxbjg7fs-zulu-ca-jdk-21.0.8/Library/Java/JavaVirtualMachines/zulu-21.jdk/Contents/Home/lib/libnio.dylib
0x0000000101050000 	/nix/store/n3rmmip6djs9s68zkazn1c6gsxbjg7fs-zulu-ca-jdk-21.0.8/Library/Java/JavaVirtualMachines/zulu-21.jdk/Contents/Home/lib/libnet.dylib
0x000000010665c000 	/nix/store/n3rmmip6djs9s68zkazn1c6gsxbjg7fs-zulu-ca-jdk-21.0.8/Library/Java/JavaVirtualMachines/zulu-21.jdk/Contents/Home/lib/libzip.dylib
0x0000000106634000 	/nix/store/n3rmmip6djs9s68zkazn1c6gsxbjg7fs-zulu-ca-jdk-21.0.8/Library/Java/JavaVirtualMachines/zulu-21.jdk/Contents/Home/lib/libverify.dylib
0x0000000106750000 	/private/var/folders/0l/g6sywy1d5s138fm98j6g7b0h0000gn/T/lwjgl_abab/3.4.1+2/arm64/liblwjgl.dylib
0x0000000127250000 	/private/var/folders/0l/g6sywy1d5s138fm98j6g7b0h0000gn/T/lwjgl_abab/3.4.1+2/arm64/libopenal.dylib
0x00000001ca6bf000 	/System/Library/Frameworks/AVFoundation.framework/Versions/A/AVFoundation
0x00000001ba89d000 	/System/Library/PrivateFrameworks/CoreWiFi.framework/Versions/A/CoreWiFi
0x00000001b9436000 	/System/Library/PrivateFrameworks/Rapport.framework/Versions/A/Rapport
0x000000024f59a000 	/System/Library/Frameworks/_LocationEssentials.framework/Versions/A/_LocationEssentials
0x00000001ae75d000 	/System/Library/Frameworks/UserNotifications.framework/Versions/A/UserNotifications
0x00000001f9083000 	/System/Library/PrivateFrameworks/WiFiPeerToPeer.framework/Versions/A/WiFiPeerToPeer
0x00000002574c5000 	/System/Library/PrivateFrameworks/Centauri.framework/Versions/A/Centauri
0x000000029d91f000 	/usr/lib/libmrc.dylib
0x000000026cd58000 	/System/Library/PrivateFrameworks/IPConfiguration.framework/Versions/A/IPConfiguration
0x00000001ed0ac000 	/System/Library/PrivateFrameworks/Netrb.framework/Versions/A/Netrb
0x00000001b4c82000 	/System/Library/PrivateFrameworks/GeoServices.framework/Versions/A/GeoServices
0x00000001b2923000 	/System/Library/PrivateFrameworks/LocationSupport.framework/Versions/A/LocationSupport
0x0000000269d61000 	/System/Library/PrivateFrameworks/GeoServicesCore.framework/Versions/A/GeoServicesCore
0x00000001c46e5000 	/System/Library/PrivateFrameworks/PhoneNumbers.framework/Versions/A/PhoneNumbers
0x0000000271eaf000 	/System/Library/PrivateFrameworks/LocationLogEncryption.framework/Versions/A/LocationLogEncryption
0x000000024375d000 	/System/Library/Frameworks/AVRouting.framework/Versions/A/AVRouting
0x00000001b17e4000 	/System/Library/Frameworks/MediaToolbox.framework/Versions/A/MediaToolbox
0x00000001b81d5000 	/System/Library/PrivateFrameworks/CoreAVCHD.framework/Versions/A/CoreAVCHD
0x00000001b81d1000 	/System/Library/PrivateFrameworks/Mangrove.framework/Versions/A/Mangrove
0x0000000256b41000 	/System/Library/PrivateFrameworks/CMPhoto.framework/Versions/A/CMPhoto
0x00000001b89bb000 	/System/Library/Frameworks/CoreTelephony.framework/Versions/A/CoreTelephony
0x00000001b81c4000 	/System/Library/PrivateFrameworks/CoreAUC.framework/Versions/A/CoreAUC
0x0000000253e72000 	/System/Library/PrivateFrameworks/AppleJPEGXL.framework/Versions/A/AppleJPEGXL
0x00000001b3230000 	/usr/lib/libTelephonyUtilDynamic.dylib
0x00000001f3d3e000 	/System/Library/Frameworks/CryptoKit.framework/Versions/A/CryptoKit
0x00000001bb9cf000 	/System/Library/PrivateFrameworks/CryptoKitCBridging.framework/Versions/A/CryptoKitCBridging
0x00000001b8fed000 	/System/Library/Frameworks/CryptoTokenKit.framework/Versions/A/CryptoTokenKit
0x00000001bbb53000 	/System/Library/PrivateFrameworks/Espresso.framework/Versions/A/Espresso
0x000000020275d000 	/System/Library/PrivateFrameworks/ANECompiler.framework/Versions/A/ANECompiler
0x00000001bdc4c000 	/System/Library/PrivateFrameworks/AppleNeuralEngine.framework/Versions/A/AppleNeuralEngine
0x0000000247257000 	/System/Library/Frameworks/MetalPerformanceShadersGraph.framework/Versions/A/MetalPerformanceShadersGraph
0x0000000272763000 	/System/Library/PrivateFrameworks/MLCompilerServices.framework/Versions/A/MLCompilerServices
0x00000001bc9f7000 	/System/Library/PrivateFrameworks/ANEServices.framework/Versions/A/ANEServices
0x00000001a3320000 	/usr/lib/libsandbox.1.dylib
0x00000001b02ff000 	/usr/lib/libMatch.1.dylib
0x0000000279b10000 	/System/Library/PrivateFrameworks/ODIE.framework/Versions/A/ODIE
0x0000000272707000 	/System/Library/PrivateFrameworks/MLCompilerRuntime.framework/Versions/A/MLCompilerRuntime
0x00000001b8bc1000 	/System/Library/PrivateFrameworks/AVFCore.framework/Versions/A/AVFCore
0x00000001c2121000 	/System/Library/PrivateFrameworks/AVFCapture.framework/Versions/A/AVFCapture
0x000000025692a000 	/System/Library/PrivateFrameworks/CMImaging.framework/Versions/A/CMImaging
0x00000001c236b000 	/System/Library/PrivateFrameworks/Quagga.framework/Versions/A/Quagga
0x00000001c249f000 	/System/Library/PrivateFrameworks/CMCapture.framework/Versions/A/CMCapture
0x00000001b2db3000 	/System/Library/Frameworks/CoreMediaIO.framework/Versions/A/CoreMediaIO
0x0000000256866000 	/System/Library/PrivateFrameworks/CMCaptureDevice.framework/Versions/A/CMCaptureDevice
0x00000001b073a000 	/System/Library/PrivateFrameworks/CoreBrightness.framework/Versions/A/CoreBrightness
0x000000025797c000 	/System/Library/PrivateFrameworks/CinematicFraming.framework/Versions/A/CinematicFraming
0x00000002767c6000 	/System/Library/PrivateFrameworks/ModelManagerServices.framework/Versions/A/ModelManagerServices
0x00000001e5bff000 	/System/Library/PrivateFrameworks/CPMS.framework/Versions/A/CPMS
0x000000028bf4f000 	/System/Library/PrivateFrameworks/SystemStatus.framework/Versions/A/SystemStatus
0x00000001ca2b7000 	/System/Library/Frameworks/CoreMotion.framework/Versions/A/CoreMotion
0x00000001da4e6000 	/System/Library/PrivateFrameworks/TimeSync.framework/Versions/A/TimeSync
0x000000025f1a6000 	/System/Library/PrivateFrameworks/DistributedSensing.framework/Versions/A/DistributedSensing
0x00000001d5a5a000 	/System/Library/PrivateFrameworks/MobileBluetooth.framework/Versions/A/MobileBluetooth
0x00000001dc1e6000 	/System/Library/PrivateFrameworks/IOKitten.framework/Versions/A/IOKitten
0x0000000253d75000 	/System/Library/PrivateFrameworks/AppleIntelligenceReporting.framework/Versions/A/AppleIntelligenceReporting
0x000000012775c000 	/System/Library/Components/CoreAudio.component/Contents/MacOS/CoreAudio
0x0000000127454000 	/nix/store/n3rmmip6djs9s68zkazn1c6gsxbjg7fs-zulu-ca-jdk-21.0.8/Library/Java/JavaVirtualMachines/zulu-21.jdk/Contents/Home/lib/libawt.dylib
0x00000001271a0000 	/nix/store/n3rmmip6djs9s68zkazn1c6gsxbjg7fs-zulu-ca-jdk-21.0.8/Library/Java/JavaVirtualMachines/zulu-21.jdk/Contents/Home/lib/libmlib_image.dylib
0x00000002463b3000 	/System/Library/Frameworks/JavaRuntimeSupport.framework/Versions/A/JavaRuntimeSupport
0x00000001ca2b6000 	/System/Library/Frameworks/Carbon.framework/Versions/A/Carbon
0x00000001c05ed000 	/System/Library/Frameworks/Carbon.framework/Versions/A/Frameworks/CommonPanels.framework/Versions/A/CommonPanels
0x00000001bb068000 	/System/Library/Frameworks/Carbon.framework/Versions/A/Frameworks/Help.framework/Versions/A/Help
0x00000001c05f1000 	/System/Library/Frameworks/Carbon.framework/Versions/A/Frameworks/ImageCapture.framework/Versions/A/ImageCapture
0x00000001c05cc000 	/System/Library/Frameworks/Carbon.framework/Versions/A/Frameworks/OpenScripting.framework/Versions/A/OpenScripting
0x00000001c05ec000 	/System/Library/Frameworks/Carbon.framework/Versions/A/Frameworks/Ink.framework/Versions/A/Ink
0x00000001c05e9000 	/System/Library/Frameworks/Carbon.framework/Versions/A/Frameworks/SecurityHI.framework/Versions/A/SecurityHI
0x000000029ce0d000 	/usr/lib/libInterpreterSecurity.dylib
0x00000001e099c000 	/System/Library/PrivateFrameworks/XprotectFramework.framework/Versions/A/XprotectFramework
0x00000001c3b3a000 	/System/Library/PrivateFrameworks/yara.framework/Versions/A/yara
0x000000029cd89000 	/usr/lib/libEndpointSecuritySystem.dylib
0x00000001282dc000 	/nix/store/n3rmmip6djs9s68zkazn1c6gsxbjg7fs-zulu-ca-jdk-21.0.8/Library/Java/JavaVirtualMachines/zulu-21.jdk/Contents/Home/lib/libawt_lwawt.dylib
0x000000012712c000 	/nix/store/n3rmmip6djs9s68zkazn1c6gsxbjg7fs-zulu-ca-jdk-21.0.8/Library/Java/JavaVirtualMachines/zulu-21.jdk/Contents/Home/lib/libosxapp.dylib
0x00000001c87f8000 	/System/Library/Frameworks/ExceptionHandling.framework/Versions/A/ExceptionHandling
0x0000000106728000 	/nix/store/n3rmmip6djs9s68zkazn1c6gsxbjg7fs-zulu-ca-jdk-21.0.8/Library/Java/JavaVirtualMachines/zulu-21.jdk/Contents/Home/lib/libjawt.dylib
0x000000012840c000 	/nix/store/n3rmmip6djs9s68zkazn1c6gsxbjg7fs-zulu-ca-jdk-21.0.8/Library/Java/JavaVirtualMachines/zulu-21.jdk/Contents/Home/lib/libfontmanager.dylib
0x00000001275ac000 	/nix/store/n3rmmip6djs9s68zkazn1c6gsxbjg7fs-zulu-ca-jdk-21.0.8/Library/Java/JavaVirtualMachines/zulu-21.jdk/Contents/Home/lib/libfreetype.dylib
0x00000002438e8000 	/System/Library/Frameworks/AppIntents.framework/Versions/A/AppIntents
0x000000024cdd3000 	/System/Library/Frameworks/RelevanceKit.framework/Versions/A/RelevanceKit
0x00000001ae7ae000 	/System/Library/Frameworks/CoreSpotlight.framework/Versions/A/CoreSpotlight
0x0000000271ad1000 	/System/Library/PrivateFrameworks/LinkServices.framework/Versions/A/LinkServices
0x000000025f294000 	/System/Library/PrivateFrameworks/DoNotDisturb.framework/Versions/A/DoNotDisturb
0x000000027192c000 	/System/Library/PrivateFrameworks/LinkMetadata.framework/Versions/A/LinkMetadata
0x00000001cb8f2000 	/usr/lib/swift/libswiftIntents.dylib
0x00000001d0b73000 	/System/Library/PrivateFrameworks/IntentsCore.framework/Versions/A/IntentsCore
0x00000002553d3000 	/System/Library/PrivateFrameworks/AvailabilityKit.framework/Versions/A/AvailabilityKit
0x0000000252715000 	/System/Library/PrivateFrameworks/AppIntentSchemas.framework/Versions/A/AppIntentSchemas
0x0000000266be3000 	/System/Library/PrivateFrameworks/GRDBInternal.framework/Versions/A/GRDBInternal
0x000000028aa50000 	/System/Library/PrivateFrameworks/StatusKit.framework/Versions/A/StatusKit
0x00000001b83dc000 	/System/Library/PrivateFrameworks/GenerationalStorage.framework/Versions/A/GenerationalStorage
0x00000001b8204000 	/System/Library/Frameworks/FileProvider.framework/Versions/A/FileProvider
0x00000001a4c7b000 	/System/Library/PrivateFrameworks/DesktopServicesPriv.framework/Versions/A/DesktopServicesPriv
0x00000001a6fdf000 	/System/Library/Frameworks/Accounts.framework/Versions/A/Accounts
0x00000001cb35e000 	/System/Library/PrivateFrameworks/FTServices.framework/Versions/A/FTServices
0x00000001c37e3000 	/System/Library/PrivateFrameworks/CloudServices.framework/Versions/A/CloudServices
0x00000001aafae000 	/System/Library/Frameworks/CoreLocation.framework/Versions/A/CoreLocation
0x00000001ba233000 	/System/Library/Frameworks/Intents.framework/Versions/A/Intents
0x00000001ae3ed000 	/System/Library/PrivateFrameworks/AuthKit.framework/Versions/A/AuthKit
0x00000001b44e9000 	/System/Library/PrivateFrameworks/Sharing.framework/Versions/A/Sharing
0x00000001b4068000 	/System/Library/PrivateFrameworks/IDSFoundation.framework/Versions/A/IDSFoundation
0x00000001ba89c000 	/System/Library/PrivateFrameworks/Apple80211.framework/Versions/A/Apple80211
0x00000001ad92c000 	/System/Library/Frameworks/CoreWLAN.framework/Versions/A/CoreWLAN
0x00000001d205d000 	/usr/lib/swift/libswiftCoreLocation.dylib
0x00000001b28aa000 	/System/Library/PrivateFrameworks/IMFoundation.framework/Versions/A/IMFoundation
0x00000001c3b39000 	/System/Library/PrivateFrameworks/Marco.framework/Versions/A/Marco
0x00000001a7069000 	/System/Library/PrivateFrameworks/CommonUtilities.framework/Versions/A/CommonUtilities
0x00000001c05b4000 	/System/Library/PrivateFrameworks/Engram.framework/Versions/A/Engram
0x000000029e18f000 	/usr/lib/swift/libswiftRegexBuilder.dylib
0x00000001c0552000 	/usr/lib/libtidy.A.dylib
0x00000001b0966000 	/System/Library/PrivateFrameworks/Bom.framework/Versions/A/Bom
0x00000001b2cda000 	/usr/lib/libParallelCompression.dylib
0x00000001b2ccc000 	/System/Library/PrivateFrameworks/MultiverseSupport.framework/Versions/A/MultiverseSupport
0x00000001b80df000 	/System/Library/PrivateFrameworks/DiskManagement.framework/Versions/A/DiskManagement
0x00000001b7feb000 	/System/Library/PrivateFrameworks/AppleIDAuthSupport.framework/Versions/A/AppleIDAuthSupport
0x000000024fe7a000 	/System/Library/PrivateFrameworks/AAAFoundation.framework/Versions/A/AAAFoundation
0x00000001b31de000 	/System/Library/PrivateFrameworks/KeychainCircle.framework/Versions/A/KeychainCircle
0x00000001c46e7000 	/System/Library/PrivateFrameworks/URLFormatting.framework/Versions/A/URLFormatting
0x00000001bb071000 	/usr/lib/libcsfde.dylib
0x00000001b0307000 	/usr/lib/libCoreStorage.dylib
0x00000001b49b5000 	/System/Library/PrivateFrameworks/ProtectedCloudStorage.framework/Versions/A/ProtectedCloudStorage
0x00000001bb06c000 	/System/Library/PrivateFrameworks/EFILogin.framework/Versions/A/EFILogin
0x00000001b8403000 	/System/Library/PrivateFrameworks/OctagonTrust.framework/Versions/A/OctagonTrust
0x00000001b3e87000 	/System/Library/PrivateFrameworks/IDS.framework/Versions/A/IDS
0x00000001d9f86000 	/System/Library/PrivateFrameworks/FTAWD.framework/Versions/A/FTAWD
0x00000001bba92000 	/System/Library/PrivateFrameworks/IntentsFoundation.framework/Versions/A/IntentsFoundation
0x00000001a92a6000 	/System/Library/PrivateFrameworks/ViewBridge.framework/Versions/A/ViewBridge
0x000000024f4a4000 	/System/Library/Frameworks/_AppIntents_AppKit.framework/Versions/A/_AppIntents_AppKit
0x0000000127574000 	/usr/lib/libobjc-trampolines.dylib
0x00000001d5616000 	/System/Library/CoreServices/RawCamera.bundle/Contents/MacOS/RawCamera
0x00000001d2042000 	/System/Library/Frameworks/Accelerate.framework/Versions/A/Frameworks/vImage.framework/Versions/A/Libraries/libCGInterfaces.dylib
0x000000029c9cf000 	/usr/lib/libAccessibilityBaseImplementations.dylib
0x0000000296d9b000 	/System/Library/PrivateFrameworks/WritingToolsUI.framework/Versions/A/WritingToolsUI
0x0000000269743000 	/System/Library/PrivateFrameworks/GenerativeAssistantSettings.framework/Versions/A/GenerativeAssistantSettings
0x000000028c7f6000 	/System/Library/PrivateFrameworks/TextComposer.framework/Versions/A/TextComposer
0x0000000269719000 	/System/Library/PrivateFrameworks/GenerativeAssistantCommon.framework/Versions/A/GenerativeAssistantCommon
0x00000001d30f8000 	/System/Library/Frameworks/SwiftUI.framework/Versions/A/SwiftUI
0x000000024f4e3000 	/System/Library/Frameworks/_AuthenticationServices_SwiftUI.framework/Versions/A/_AuthenticationServices_SwiftUI
0x000000025244a000 	/System/Library/PrivateFrameworks/Anvil.framework/Versions/A/Anvil
0x00000001d26a5000 	/System/Library/PrivateFrameworks/AppStoreDaemon.framework/Versions/A/AppStoreDaemon
0x00000001be045000 	/System/Library/PrivateFrameworks/AppleMediaServices.framework/Versions/A/AppleMediaServices
0x0000000269bec000 	/System/Library/PrivateFrameworks/GenerativePartnerServiceUI.framework/Versions/A/GenerativePartnerServiceUI
0x0000000201087000 	/System/Library/PrivateFrameworks/JetEngine.framework/Versions/A/JetEngine
0x0000000269bc9000 	/System/Library/PrivateFrameworks/GenerativePartnerService.framework/Versions/A/GenerativePartnerService
0x00000001cb4f4000 	/System/Library/Frameworks/SafariServices.framework/Versions/A/SafariServices
0x00000001c8871000 	/System/Library/Frameworks/WebKit.framework/Versions/A/WebKit
0x00000001cea3d000 	/System/Library/PrivateFrameworks/AppleMediaServicesUI.framework/Versions/A/AppleMediaServicesUI
0x00000001cc1d5000 	/System/Library/PrivateFrameworks/OnBoardingKit.framework/Versions/A/OnBoardingKit
0x00000002823f0000 	/System/Library/PrivateFrameworks/Settings.framework/Versions/A/Settings
0x000000024518a000 	/System/Library/Frameworks/ExtensionKit.framework/Versions/A/ExtensionKit
0x00000002451ce000 	/System/Library/Frameworks/FSKit.framework/Versions/A/FSKit
0x0000000271c60000 	/System/Library/PrivateFrameworks/LiveFS.framework/Versions/A/LiveFS
0x000000028c6d3000 	/System/Library/PrivateFrameworks/TextAnimationSupport.framework/Versions/A/TextAnimationSupport
0x000000027f8d8000 	/System/Library/PrivateFrameworks/RecapPerformanceTesting.framework/Versions/A/RecapPerformanceTesting
0x00000001cc1c5000 	/System/Library/PrivateFrameworks/SignpostCollection.framework/Versions/A/SignpostCollection
0x00000001bd9d6000 	/System/Library/Frameworks/WebKit.framework/Versions/A/Frameworks/WebKitLegacy.framework/Versions/A/WebKitLegacy
0x00000001bb7b2000 	/System/Library/PrivateFrameworks/CorePrediction.framework/Versions/A/CorePrediction
0x00000001aa397000 	/System/Library/Frameworks/WebKit.framework/Versions/A/Frameworks/WebCore.framework/Versions/A/Frameworks/libwebrtc.dylib
0x00000001c87fb000 	/System/Library/PrivateFrameworks/SafariSafeBrowsing.framework/Versions/A/SafariSafeBrowsing
0x00000001b2d42000 	/System/Library/Frameworks/SecurityInterface.framework/Versions/A/SecurityInterface
0x00000001cc1d4000 	/System/Library/PrivateFrameworks/WebInspectorUI.framework/Versions/A/WebInspectorUI
0x00000001c05f4000 	/System/Library/Frameworks/JavaScriptCore.framework/Versions/A/JavaScriptCore
0x00000001c482c000 	/System/Library/Frameworks/WebKit.framework/Versions/A/Frameworks/WebCore.framework/Versions/A/WebCore
0x000000024435c000 	/System/Library/Frameworks/BrowserEngineCore.framework/Versions/A/BrowserEngineCore
0x000000024f061000 	/System/Library/Frameworks/WebKit.framework/Versions/A/Frameworks/WebCore.framework/Versions/A/Frameworks/libANGLE-shared.dylib
0x000000029563d000 	/System/Library/PrivateFrameworks/WebGPU.framework/Versions/A/WebGPU
0x00000001ce0b0000 	/System/Library/Frameworks/SceneKit.framework/Versions/A/SceneKit
0x00000001df5bc000 	/System/Library/Frameworks/ModelIO.framework/Versions/A/ModelIO
0x00000001b4aac000 	/System/Library/Frameworks/MetalKit.framework/Versions/A/MetalKit
0x00000001b6d80000 	/System/Library/Frameworks/GLKit.framework/Versions/A/GLKit
0x000000029e82a000 	/usr/lib/usd/libusd_ms.dylib
0x0000000290aa3000 	/System/Library/PrivateFrameworks/USDLib_FormatLoaderProxy.framework/Versions/A/USDLib_FormatLoaderProxy
0x000000029e4e5000 	/usr/lib/swift/libswift_errno.dylib
0x00000001cb33f000 	/System/Library/PrivateFrameworks/CoreOptimization.framework/Versions/A/CoreOptimization
0x000000025528b000 	/System/Library/PrivateFrameworks/AuthenticationServicesCore.framework/Versions/A/AuthenticationServicesCore
0x00000001d5a9c000 	/System/Library/Frameworks/AuthenticationServices.framework/Versions/A/AuthenticationServices
0x00000001b0299000 	/System/Library/PrivateFrameworks/SharedWebCredentials.framework/Versions/A/SharedWebCredentials
0x00000001cd063000 	/System/Library/PrivateFrameworks/SafariCore.framework/Versions/A/SafariCore
0x00000001d55c0000 	/System/Library/PrivateFrameworks/SafariFoundation.framework/Versions/A/SafariFoundation
0x00000001b7b03000 	/System/Library/Frameworks/Contacts.framework/Versions/A/Contacts
0x00000002564dc000 	/System/Library/PrivateFrameworks/CBORLibrary.framework/Versions/A/CBORLibrary
0x0000000257504000 	/System/Library/PrivateFrameworks/Chirp.framework/Versions/A/Chirp
0x0000000258101000 	/System/Library/PrivateFrameworks/CloudSubscriptionFeatures.framework/Versions/A/CloudSubscriptionFeatures
0x00000001b7844000 	/System/Library/PrivateFrameworks/ContactsFoundation.framework/Versions/A/ContactsFoundation
0x0000000202491000 	/System/Library/PrivateFrameworks/RemoteManagement.framework/Versions/A/RemoteManagement
0x000000027fc66000 	/System/Library/PrivateFrameworks/RemoteManagementModel.framework/Versions/A/RemoteManagementModel
0x000000027fcf7000 	/System/Library/PrivateFrameworks/RemoteManagementStore.framework/Versions/A/RemoteManagementStore
0x00000001b4aca000 	/usr/lib/libxcselect.dylib
0x00000001d552e000 	/System/Library/PrivateFrameworks/DifferentialPrivacy.framework/Versions/A/DifferentialPrivacy
0x000000027473b000 	/System/Library/PrivateFrameworks/ManagedSettingsObjC.framework/Versions/A/ManagedSettingsObjC
0x0000000271eb4000 	/System/Library/PrivateFrameworks/LockdownMode.framework/Versions/A/LockdownMode
0x00000002916eb000 	/System/Library/PrivateFrameworks/VDAF.framework/Versions/A/VDAF
0x00000001b791c000 	/System/Library/PrivateFrameworks/ContactsPersistence.framework/Versions/A/ContactsPersistence
0x00000001b6a7a000 	/System/Library/PrivateFrameworks/AppleLDAP.framework/Versions/A/AppleLDAP
0x00000001bb423000 	/System/Library/Frameworks/ClassKit.framework/Versions/A/ClassKit
0x00000001bd6d4000 	/System/Library/PrivateFrameworks/CoreSuggestions.framework/Versions/A/CoreSuggestions
0x00000001b8f9b000 	/System/Library/PrivateFrameworks/vCard.framework/Versions/A/vCard
0x0000000258d8b000 	/System/Library/PrivateFrameworks/ContactsMetrics.framework/Versions/A/ContactsMetrics
0x00000001b0716000 	/System/Library/PrivateFrameworks/login.framework/Versions/A/login
0x0000000274735000 	/System/Library/PrivateFrameworks/ManagedOrganizationContacts.framework/Versions/A/ManagedOrganizationContacts
0x00000001a9a8c000 	/System/Library/PrivateFrameworks/CloudDocs.framework/Versions/A/CloudDocs
0x00000001c40a7000 	/System/Library/PrivateFrameworks/ProactiveEventTracker.framework/Versions/A/ProactiveEventTracker
0x00000001b2d7c000 	/System/Library/PrivateFrameworks/CoreFollowUp.framework/Versions/A/CoreFollowUp
0x00000001bcbf2000 	/System/Library/PrivateFrameworks/ConfigurationProfiles.framework/Versions/A/ConfigurationProfiles
0x000000025e3fa000 	/System/Library/PrivateFrameworks/DMCUtilities.framework/Versions/A/DMCUtilities
0x0000000271f35000 	/System/Library/PrivateFrameworks/MDMClientLibrary.framework/Versions/A/MDMClientLibrary
0x000000027fceb000 	/System/Library/PrivateFrameworks/RemoteManagementProtocol.framework/Versions/A/RemoteManagementProtocol
0x00000001b715f000 	/System/Library/PrivateFrameworks/SystemAdministration.framework/Versions/A/SystemAdministration
0x00000001c2027000 	/System/Library/PrivateFrameworks/PowerlogControl.framework/Versions/A/PowerlogControl
0x00000001c2029000 	/usr/lib/libUniversalAccess.dylib
0x00000001beacc000 	/System/Library/PrivateFrameworks/FamilyControls.framework/Versions/A/FamilyControls
0x00000001b6a4f000 	/System/Library/Frameworks/DirectoryService.framework/Versions/A/DirectoryService
0x00000001bb0ff000 	/System/Library/PrivateFrameworks/LoginUIKit.framework/Versions/A/Frameworks/LoginUICore.framework/Versions/A/LoginUICore
0x00000001b0964000 	/usr/lib/libodfde.dylib
0x00000001beac6000 	/System/Library/PrivateFrameworks/UniversalAccess.framework/Versions/A/Libraries/libUAPreferences.dylib
0x00000001beaf0000 	/System/Library/PrivateFrameworks/CommerceKit.framework/Versions/A/Frameworks/CommerceCore.framework/Versions/A/CommerceCore
0x000000025e366000 	/System/Library/PrivateFrameworks/DEPClientLibrary.framework/Versions/A/DEPClientLibrary
0x000000025e38f000 	/System/Library/PrivateFrameworks/DMCEnrollmentLibrary.framework/Versions/A/DMCEnrollmentLibrary
0x00000001c2110000 	/System/Library/PrivateFrameworks/SetupAssistantFramework.framework/Versions/A/SetupAssistantFramework
0x00000001bb80a000 	/System/Library/PrivateFrameworks/AuthKitUI.framework/Versions/A/AuthKitUI
0x00000001bb149000 	/System/Library/PrivateFrameworks/AppSSO.framework/Versions/A/AppSSO
0x00000001d2401000 	/System/Library/PrivateFrameworks/LocalAuthenticationUI.framework/Versions/A/LocalAuthenticationUI
0x000000027d918000 	/System/Library/PrivateFrameworks/PlatformSSO.framework/Versions/A/PlatformSSO
0x000000027da06000 	/System/Library/PrivateFrameworks/PlatformSSOCore.framework/Versions/A/PlatformSSOCore
0x0000000246442000 	/System/Library/Frameworks/LocalAuthenticationEmbeddedUI.framework/Versions/A/LocalAuthenticationEmbeddedUI
0x00000001d2ebd000 	/System/Library/PrivateFrameworks/AOSUI.framework/Versions/A/AOSUI
0x00000001c3e6f000 	/System/Library/Frameworks/ContactsUI.framework/Versions/A/ContactsUI
0x00000001b7d94000 	/System/Library/PrivateFrameworks/FamilyCircle.framework/Versions/A/FamilyCircle
0x00000001e0d86000 	/System/Library/Frameworks/LinkPresentation.framework/Versions/A/LinkPresentation
0x00000001c3a20000 	/System/Library/PrivateFrameworks/IASUtilities.framework/Versions/A/IASUtilities
0x000000026cc21000 	/System/Library/PrivateFrameworks/IASUtilitiesCore.framework/Versions/A/IASUtilitiesCore
0x000000027fd61000 	/System/Library/PrivateFrameworks/RemoteUI.framework/Versions/A/RemoteUI
0x00000002712c3000 	/System/Library/PrivateFrameworks/LiftUI.framework/Versions/A/LiftUI
0x00000002973a9000 	/System/Library/PrivateFrameworks/_IconServices_SwiftUI.framework/Versions/A/_IconServices_SwiftUI
0x0000000258040000 	/System/Library/PrivateFrameworks/CloudSettings.framework/Versions/A/CloudSettings
0x00000001bd7a5000 	/System/Library/Frameworks/EventKit.framework/Versions/A/EventKit
0x00000001cc3e9000 	/System/Library/PrivateFrameworks/SearchFoundation.framework/Versions/A/SearchFoundation
0x00000001e2e51000 	/System/Library/PrivateFrameworks/Email.framework/Versions/A/Email
0x00000001caf41000 	/System/Library/PrivateFrameworks/CoreRoutine.framework/Versions/A/CoreRoutine
0x0000000201dfe000 	/System/Library/PrivateFrameworks/VoiceShortcutClient.framework/Versions/A/VoiceShortcutClient
0x00000001dab21000 	/System/Library/PrivateFrameworks/Categories.framework/Versions/A/Categories
0x00000001d2d6c000 	/System/Library/PrivateFrameworks/ChronoServices.framework/Versions/A/ChronoServices
0x0000000256f85000 	/System/Library/PrivateFrameworks/CalendarDatabase.framework/Versions/A/CalendarDatabase
0x0000000256ece000 	/System/Library/PrivateFrameworks/CalendarDaemon.framework/Versions/A/CalendarDaemon
0x00000001bcb15000 	/System/Library/PrivateFrameworks/CalendarFoundation.framework/Versions/A/CalendarFoundation
0x00000001bcad1000 	/System/Library/PrivateFrameworks/iCalendar.framework/Versions/A/iCalendar
0x000000025e5f9000 	/System/Library/PrivateFrameworks/DataAccessExpress.framework/Versions/A/DataAccessExpress
0x00000001c3fd1000 	/System/Library/PrivateFrameworks/ContactsAutocomplete.framework/Versions/A/ContactsAutocomplete
0x00000001d2cb9000 	/System/Library/PrivateFrameworks/FTClientServices.framework/Versions/A/FTClientServices
0x0000000279d5f000 	/System/Library/PrivateFrameworks/OSEligibility.framework/Versions/A/OSEligibility
0x000000028b02b000 	/System/Library/PrivateFrameworks/StorageContainersPrivate.framework/Versions/A/StorageContainersPrivate
0x000000029e140000 	/usr/lib/swift/libswiftCoreMediaIO.dylib
0x00000001c38aa000 	/System/Library/PrivateFrameworks/CoreDAV.framework/Versions/A/CoreDAV
0x00000001bd675000 	/System/Library/PrivateFrameworks/CalDAV.framework/Versions/A/CalDAV
0x00000001c84f7000 	/System/Library/PrivateFrameworks/TelephonyUtilities.framework/Versions/A/TelephonyUtilities
0x00000002463ff000 	/System/Library/Frameworks/LiveCommunicationKit.framework/Versions/A/LiveCommunicationKit
0x000000025893d000 	/System/Library/PrivateFrameworks/CommunicationTrust.framework/Versions/A/CommunicationTrust
0x00000001cce75000 	/System/Library/Frameworks/CallKit.framework/Versions/A/CallKit
0x00000001b7d8c000 	/System/Library/PrivateFrameworks/CommunicationsFilter.framework/Versions/A/CommunicationsFilter
0x00000001f70a9000 	/System/Library/PrivateFrameworks/IMTransferServices.framework/Versions/A/IMTransferServices
0x00000001cb358000 	/System/Library/PrivateFrameworks/IncomingCallFilter.framework/Versions/A/IncomingCallFilter
0x00000002784ae000 	/System/Library/PrivateFrameworks/NeighborhoodActivityConduit.framework/Versions/A/NeighborhoodActivityConduit
0x00000001cf3c2000 	/System/Library/PrivateFrameworks/CallHistory.framework/Versions/A/CallHistory
0x000000029cbfc000 	/usr/lib/libBASupport.dylib
0x000000025739e000 	/System/Library/PrivateFrameworks/CallsUtilities.framework/Versions/A/CallsUtilities
0x00000002573a9000 	/System/Library/PrivateFrameworks/CallsXPC.framework/Versions/A/CallsXPC
0x00000002025f2000 	/usr/lib/swift/libswiftCallKit.dylib
0x0000000257391000 	/System/Library/PrivateFrameworks/CallsPersistence.framework/Versions/A/CallsPersistence
0x000000024d0aa000 	/System/Library/Frameworks/SensitiveContentAnalysis.framework/Versions/A/SensitiveContentAnalysis
0x00000001d03ff000 	/System/Library/PrivateFrameworks/PeopleSuggester.framework/Versions/A/PeopleSuggester
0x00000001d98de000 	/System/Library/PrivateFrameworks/SpotlightReceiver.framework/Versions/A/SpotlightReceiver
0x000000029736f000 	/System/Library/PrivateFrameworks/_AppIntentsServices_AppIntents.framework/Versions/A/_AppIntentsServices_AppIntents
0x000000025277e000 	/System/Library/PrivateFrameworks/AppIntentsServices.framework/Versions/A/AppIntentsServices
0x00000001bcab9000 	/System/Library/PrivateFrameworks/CoreRecents.framework/Versions/A/CoreRecents
0x00000002458d4000 	/System/Library/Frameworks/GeoToolbox.framework/Versions/A/GeoToolbox
0x000000024f566000 	/System/Library/Frameworks/_GeoToolbox_AppIntents.framework/Versions/A/_GeoToolbox_AppIntents
0x00000001ecadf000 	/System/Library/PrivateFrameworks/DiagnosticRequest.framework/Versions/A/DiagnosticRequest
0x00000002972b3000 	/System/Library/PrivateFrameworks/XPCDistributed.framework/Versions/A/XPCDistributed
0x000000027f96e000 	/System/Library/PrivateFrameworks/RegulatoryDomain.framework/Versions/A/RegulatoryDomain
0x00000001b6e58000 	/usr/lib/libCTGreenTeaLogger.dylib
0x0000000271e86000 	/System/Library/PrivateFrameworks/LocalStatusKit.framework/Versions/A/LocalStatusKit
0x00000001c83e3000 	/System/Library/PrivateFrameworks/CoreParsec.framework/Versions/A/CoreParsec
0x00000001e2e45000 	/System/Library/PrivateFrameworks/EmailAddressing.framework/Versions/A/EmailAddressing
0x00000001dee2b000 	/System/Library/PrivateFrameworks/EmailCore.framework/Versions/A/EmailCore
0x00000001dfe59000 	/System/Library/PrivateFrameworks/EmailFoundation.framework/Versions/A/EmailFoundation
0x000000027b4a0000 	/System/Library/PrivateFrameworks/PegasusAPI.framework/Versions/A/PegasusAPI
0x000000027bff1000 	/System/Library/PrivateFrameworks/PegasusConfiguration.framework/Versions/A/PegasusConfiguration
0x000000028f30c000 	/System/Library/PrivateFrameworks/ToolKit.framework/Versions/A/ToolKit
0x00000002800f6000 	/System/Library/PrivateFrameworks/ReplicatorEngine.framework/Versions/A/ReplicatorEngine
0x0000000280298000 	/System/Library/PrivateFrameworks/ReplicatorServices.framework/Versions/A/ReplicatorServices
0x000000028bfc7000 	/System/Library/PrivateFrameworks/SystemWake.framework/Versions/A/SystemWake
0x00000001cd049000 	/System/Library/PrivateFrameworks/ContextKit.framework/Versions/A/ContextKit
0x0000000258ed8000 	/System/Library/PrivateFrameworks/ContextKitCore.framework/Versions/A/ContextKitCore
0x00000001cb5de000 	/System/Library/Frameworks/LocalAuthentication.framework/Support/DaemonUtils.framework/Versions/A/DaemonUtils
0x0000000271e1b000 	/System/Library/PrivateFrameworks/LocalAuthenticationCoreUI.framework/Versions/A/LocalAuthenticationCoreUI
0x00000001cea04000 	/System/Library/PrivateFrameworks/BridgeXPC.framework/Versions/A/BridgeXPC
0x00000001cc2b1000 	/System/Library/PrivateFrameworks/CoreKDL.framework/Versions/A/CoreKDL
0x00000001ca8de000 	/System/Library/PrivateFrameworks/EmbeddedOSSupportHost.framework/Versions/A/EmbeddedOSSupportHost
0x00000001bf5cb000 	/System/Library/PrivateFrameworks/LoginUIKit.framework/Versions/A/LoginUIKit
0x00000001db01e000 	/System/Library/PrivateFrameworks/StorageKit.framework/Versions/A/StorageKit
0x0000000203e07000 	/System/Library/Frameworks/DeviceCheck.framework/Versions/A/DeviceCheck
0x00000001db098000 	/System/Library/PrivateFrameworks/CoreWLANKit.framework/Versions/A/CoreWLANKit
0x00000002949c5000 	/System/Library/PrivateFrameworks/Wallpaper.framework/Versions/A/Wallpaper
0x000000029e15b000 	/usr/lib/swift/libswiftGLKit.dylib
0x000000029e166000 	/usr/lib/swift/libswiftMetalKit.dylib
0x000000029e16a000 	/usr/lib/swift/libswiftModelIO.dylib
0x000000029e22d000 	/usr/lib/swift/libswiftSceneKit.dylib
0x000000025ef64000 	/System/Library/PrivateFrameworks/DiskImages2.framework/Versions/A/DiskImages2
0x00000001e3d87000 	/System/Library/PrivateFrameworks/DynamicDesktop.framework/Versions/A/DynamicDesktop
0x0000000294b54000 	/System/Library/PrivateFrameworks/WallpaperFoundation.framework/Versions/A/WallpaperFoundation
0x0000000294bb2000 	/System/Library/PrivateFrameworks/WallpaperTypes.framework/Versions/A/WallpaperTypes
0x00000001f8e06000 	/System/Library/PrivateFrameworks/SystemDesktopAppearance.framework/Versions/A/SystemDesktopAppearance
0x000000029a463000 	/System/Library/PrivateFrameworks/icloudMCCKit.framework/Versions/A/icloudMCCKit
0x00000002536d8000 	/System/Library/PrivateFrameworks/AppleAccountUI.framework/Versions/A/AppleAccountUI
0x00000001ed0b6000 	/System/Library/PrivateFrameworks/PreferencePanesSupport.framework/Versions/A/PreferencePanesSupport
0x00000001d306f000 	/System/Library/PrivateFrameworks/FindMyDeviceUI.framework/Versions/A/FindMyDeviceUI
0x00000002980a9000 	/System/Library/PrivateFrameworks/iCloudQuotaUI.framework/Versions/A/iCloudQuotaUI
0x00000001ed26a000 	/System/Library/PrivateFrameworks/CoreCDPUI.framework/Versions/A/CoreCDPUI
0x00000001ccda4000 	/System/Library/PrivateFrameworks/CoreFollowUpUI.framework/Versions/A/CoreFollowUpUI
0x00000001d9b5c000 	/System/Library/PrivateFrameworks/IMCore.framework/Versions/A/IMCore
0x00000001c2090000 	/System/Library/PrivateFrameworks/CoreCDP.framework/Versions/A/CoreCDP
0x00000001be030000 	/System/Library/PrivateFrameworks/AskPermission.framework/Versions/A/AskPermission
0x00000001d0ae4000 	/System/Library/Frameworks/Quartz.framework/Versions/A/Quartz
0x00000001dd5fd000 	/System/Library/PrivateFrameworks/CloudPhotoServicesConfiguration.framework/Versions/A/CloudPhotoServicesConfiguration
0x00000001cf1e7000 	/System/Library/PrivateFrameworks/CommerceKit.framework/Versions/A/CommerceKit
0x00000001deefb000 	/System/Library/PrivateFrameworks/FindMyMac.framework/Versions/A/FindMyMac
0x00000001dedce000 	/System/Library/Frameworks/PreferencePanes.framework/Versions/A/PreferencePanes
0x00000001d24ec000 	/System/Library/Frameworks/AddressBook.framework/Versions/A/AddressBook
0x00000001bcf13000 	/System/Library/PrivateFrameworks/AOSAccounts.framework/Versions/A/AOSAccounts
0x00000001b7159000 	/System/Library/PrivateFrameworks/AppleSRP.framework/Versions/A/AppleSRP
0x00000001bb9e3000 	/System/Library/PrivateFrameworks/NetFSServer.framework/Versions/A/NetFSServer
0x00000001cdf8a000 	/System/Library/Frameworks/PDFKit.framework/Versions/A/PDFKit
0x000000024e659000 	/System/Library/Frameworks/TabularData.framework/Versions/A/TabularData
0x000000029e181000 	/usr/lib/swift/libswiftPassKit.dylib
0x00000001f1262000 	/System/Library/Frameworks/PassKit.framework/Versions/A/PassKit
0x00000001bf6d6000 	/System/Library/PrivateFrameworks/PassKitCore.framework/Versions/A/PassKitCore
0x000000027adc2000 	/System/Library/PrivateFrameworks/PassKitMacHelperTemp.framework/Versions/A/PassKitMacHelperTemp
0x000000029cb4c000 	/usr/lib/libAppleSSE.dylib
0x00000001cb62a000 	/System/Library/PrivateFrameworks/BiometricKit.framework/Versions/A/BiometricKit
0x000000028089c000 	/System/Library/PrivateFrameworks/SEService.framework/Versions/A/SEService
0x0000000245293000 	/System/Library/Frameworks/FinanceKit.framework/Versions/A/FinanceKit
0x00000001d0b93000 	/System/Library/PrivateFrameworks/NearField.framework/Versions/A/NearField
0x000000029cf4c000 	/usr/lib/libSESShared.dylib
0x0000000280b04000 	/System/Library/PrivateFrameworks/STSXPCHelperClient.framework/Versions/A/STSXPCHelperClient
0x00000001d28f8000 	/usr/lib/libnfshared.dylib
0x000000028bd4f000 	/System/Library/PrivateFrameworks/Symptoms.framework/Versions/A/Frameworks/SymptomPresentationFeed.framework/Versions/A/SymptomPresentationFeed
0x00000002540ee000 	/System/Library/PrivateFrameworks/AppleMediaServicesKitInternal.framework/Versions/A/AppleMediaServicesKitInternal
0x0000000254d91000 	/System/Library/PrivateFrameworks/AsyncAlgorithmsInternal.framework/Versions/A/AsyncAlgorithmsInternal
0x000000028ba91000 	/System/Library/PrivateFrameworks/SymptomShared.framework/Versions/A/SymptomShared
0x00000001f3fab000 	/System/Library/PrivateFrameworks/PassKitUIFoundation.framework/Versions/A/PassKitUIFoundation
0x00000001b6a8c000 	/System/Library/Frameworks/MapKit.framework/Versions/A/MapKit
0x0000000269c97000 	/System/Library/PrivateFrameworks/GeoAnalytics.framework/Versions/A/GeoAnalytics
0x00000001d2926000 	/System/Library/PrivateFrameworks/Navigation.framework/Versions/A/Navigation
0x00000001dc645000 	/System/Library/PrivateFrameworks/VectorKit.framework/Versions/A/VectorKit
0x00000001c3aeb000 	/System/Library/PrivateFrameworks/VirtualGarage.framework/Versions/A/VirtualGarage
0x00000001d2b05000 	/System/Library/Frameworks/ExternalAccessory.framework/ExternalAccessory
0x00000001d2b20000 	/System/Library/PrivateFrameworks/IAP.framework/Versions/A/IAP
0x00000001b6d48000 	/System/Library/PrivateFrameworks/IOPlatformPluginFamily.framework/Versions/A/IOPlatformPluginFamily
0x00000002553d6000 	/System/Library/PrivateFrameworks/AvatarKit.framework/Versions/A/AvatarKit
0x0000000255495000 	/System/Library/PrivateFrameworks/AvatarPersistence.framework/Versions/A/AvatarPersistence
0x000000024e9e0000 	/System/Library/Frameworks/TipKit.framework/Versions/A/TipKit
0x00000001bf1bd000 	/System/Library/PrivateFrameworks/IMSharedUtilities.framework/Versions/A/IMSharedUtilities
0x000000029e120000 	/usr/lib/swift/libswiftAppleArchive.dylib
0x00000002917eb000 	/System/Library/PrivateFrameworks/VFX.framework/Versions/A/VFX
0x00000001eee18000 	/System/Library/PrivateFrameworks/AppleCVA.framework/Versions/A/AppleCVA
0x0000000255494000 	/System/Library/PrivateFrameworks/AvatarKitContent.framework/Versions/A/AvatarKitContent
0x00000002471ab000 	/System/Library/Frameworks/MetalFX.framework/Versions/A/MetalFX
0x0000000258a53000 	/System/Library/PrivateFrameworks/CompositorNonUI.framework/Versions/A/CompositorNonUI
0x0000000243617000 	/System/Library/Frameworks/ARKit.framework/Versions/A/ARKit
0x00000002510d2000 	/System/Library/PrivateFrameworks/ARKitCore.framework/Versions/A/ARKitCore
0x000000029cc46000 	/usr/lib/libDisplayWarpSupport.dylib
0x000000025a1ae000 	/System/Library/PrivateFrameworks/CoreComposite.framework/Versions/A/CoreComposite
0x000000029d080000 	/usr/lib/libchannel.dylib
0x000000029dd7d000 	/usr/lib/librealtime_safety.dylib
0x000000025115f000 	/System/Library/PrivateFrameworks/ARKitFoundation.framework/Versions/A/ARKitFoundation
0x0000000253776000 	/System/Library/PrivateFrameworks/AppleDepth.framework/Versions/A/AppleDepth
0x00000002538ec000 	/System/Library/PrivateFrameworks/AppleDepthCore.framework/Versions/A/AppleDepthCore
0x00000001b6e81000 	/System/Library/PrivateFrameworks/CoreAppleCVA.framework/Versions/A/CoreAppleCVA
0x00000001c3c19000 	/System/Library/PrivateFrameworks/ContactsUICore.framework/Versions/A/ContactsUICore
0x00000001cb460000 	/System/Library/PrivateFrameworks/ContactsDonation.framework/Versions/A/ContactsDonation
0x00000001cad17000 	/System/Library/PrivateFrameworks/DataDetectors.framework/Versions/A/DataDetectors
0x00000001bd661000 	/System/Library/Frameworks/MediaLibrary.framework/Versions/A/MediaLibrary
0x00000001b7d7b000 	/System/Library/PrivateFrameworks/PersonaKit.framework/Versions/A/PersonaKit
0x00000001c3c07000 	/System/Library/PrivateFrameworks/PersonaUI.framework/Versions/A/PersonaUI
0x00000001de7f0000 	/System/Library/PrivateFrameworks/Transparency.framework/Versions/A/Transparency
0x00000002609c7000 	/System/Library/PrivateFrameworks/FindMyLocate.framework/Versions/A/FindMyLocate
0x00000001ccd23000 	/System/Library/PrivateFrameworks/IntlPreferences.framework/Versions/A/IntlPreferences
0x00000002608a0000 	/System/Library/PrivateFrameworks/FindMyCommon.framework/Versions/A/FindMyCommon
0x000000026068f000 	/System/Library/PrivateFrameworks/FindMyBase.framework/Versions/A/FindMyBase
0x000000024bd2a000 	/System/Library/Frameworks/NearbyInteraction.framework/Versions/A/NearbyInteraction
0x00000001b799a000 	/System/Library/PrivateFrameworks/AddressBookCore.framework/Versions/A/AddressBookCore
0x00000001d2683000 	/System/Library/PrivateFrameworks/ToneKit.framework/Versions/A/ToneKit
0x00000001ccd6a000 	/System/Library/PrivateFrameworks/ToneLibrary.framework/Versions/A/ToneLibrary
0x0000000258d58000 	/System/Library/PrivateFrameworks/ContactsAccounts.framework/Versions/A/ContactsAccounts
0x00000001d09ff000 	/System/Library/PrivateFrameworks/Lookup.framework/Versions/A/Lookup
0x000000024c60f000 	/System/Library/Frameworks/QuickLookUI.framework/Versions/A/QuickLookUI
0x000000024d024000 	/System/Library/Frameworks/ScreenCaptureKit.framework/Versions/A/ScreenCaptureKit
0x00000001cda9e000 	/System/Library/Frameworks/Quartz.framework/Versions/A/Frameworks/QuartzComposer.framework/Versions/A/QuartzComposer
0x00000001cccfa000 	/System/Library/Frameworks/Quartz.framework/Versions/A/Frameworks/QuartzFilters.framework/Versions/A/QuartzFilters
0x00000001cbda6000 	/System/Library/Frameworks/Quartz.framework/Versions/A/Frameworks/ImageKit.framework/Versions/A/ImageKit
0x0000000243424000 	/System/Library/Frameworks/OpenCL.framework/Versions/A/OpenCL
0x00000001ca2b5000 	/System/Library/PrivateFrameworks/CorePDF.framework/Versions/A/CorePDF
0x00000001b4a43000 	/System/Library/Frameworks/QuickLook.framework/Versions/A/QuickLook
0x00000001bf5c6000 	/System/Library/PrivateFrameworks/DisplayServices.framework/Versions/A/DisplayServices
0x00000001ccc7f000 	/System/Library/Frameworks/ImageCaptureCore.framework/Versions/A/ImageCaptureCore
0x00000002937fa000 	/System/Library/PrivateFrameworks/VisionKitCore.framework/Versions/A/VisionKitCore
0x00000001c83b3000 	/System/Library/PrivateFrameworks/QuickLookSupport.framework/Versions/A/QuickLookSupport
0x000000027501f000 	/System/Library/PrivateFrameworks/MediaAnalysisServices.framework/Versions/A/MediaAnalysisServices
0x00000001cf9ea000 	/System/Library/PrivateFrameworks/PhotoLibraryServices.framework/Versions/A/PhotoLibraryServices
0x00000001cc897000 	/System/Library/Frameworks/Photos.framework/Versions/A/Photos
0x00000001e117d000 	/System/Library/PrivateFrameworks/PhotosFormats.framework/Versions/A/PhotosFormats
0x00000001dd628000 	/System/Library/PrivateFrameworks/CloudPhotoLibrary.framework/Versions/A/CloudPhotoLibrary
0x00000001e6a22000 	/System/Library/PrivateFrameworks/CloudPhotoServices.framework/Versions/A/CloudPhotoServices
0x00000001e2fb6000 	/System/Library/PrivateFrameworks/CoreMediaStream.framework/Versions/A/CoreMediaStream
0x00000001b8434000 	/System/Library/PrivateFrameworks/CPAnalytics.framework/Versions/A/CPAnalytics
0x00000001df4f4000 	/System/Library/PrivateFrameworks/MediaConversionService.framework/Versions/A/MediaConversionService
0x00000001bf1a9000 	/System/Library/PrivateFrameworks/PhotoFoundation.framework/Versions/A/PhotoFoundation
0x000000027c5d9000 	/System/Library/PrivateFrameworks/PhotoLibraryServicesCore.framework/Versions/A/PhotoLibraryServicesCore
0x00000001d926a000 	/System/Library/PrivateFrameworks/MMCS.framework/Versions/A/MMCS
0x00000001bd4ba000 	/System/Library/PrivateFrameworks/ChunkingLibrary.framework/Versions/A/ChunkingLibrary
0x00000001b7126000 	/System/Library/PrivateFrameworks/AssetCacheServices.framework/Versions/A/AssetCacheServices
0x00000001b90ec000 	/System/Library/PrivateFrameworks/AVFoundationCF.framework/Versions/A/AVFoundationCF
0x00000001f6fa4000 	/usr/lib/swift/libswiftDemangle.dylib
0x000000026ce12000 	/System/Library/PrivateFrameworks/ImageCaptureDevices.framework/Versions/A/ImageCaptureDevices
0x00000001cafd4000 	/System/Library/PrivateFrameworks/MediaStream.framework/Versions/A/MediaStream
0x00000001df996000 	/System/Library/PrivateFrameworks/NeutrinoCore.framework/Versions/A/NeutrinoCore
0x00000001a68f8000 	/System/Library/PrivateFrameworks/NLP.framework/Versions/A/NLP
0x00000001e57b5000 	/System/Library/PrivateFrameworks/PhotoImaging.framework/Versions/A/PhotoImaging
0x00000001e69e3000 	/System/Library/PrivateFrameworks/PhotosImagingFoundation.framework/Versions/A/PhotosImagingFoundation
0x000000027d186000 	/System/Library/PrivateFrameworks/PhotosIntelligenceCore.framework/Versions/A/PhotosIntelligenceCore
0x00000001b9528000 	/System/Library/PrivateFrameworks/EmbeddedAcousticRecognition.framework/Versions/A/EmbeddedAcousticRecognition
0x00000001d4887000 	/System/Library/PrivateFrameworks/EmojiFoundation.framework/Versions/A/EmojiFoundation
0x00000001dd8a1000 	/System/Library/PrivateFrameworks/SDAPI.framework/Versions/A/SDAPI
0x00000001e6a31000 	/System/Library/PrivateFrameworks/AutoLoop.framework/Versions/A/AutoLoop
0x000000027dd67000 	/System/Library/PrivateFrameworks/Portrait.framework/Versions/A/Portrait
0x0000000261057000 	/System/Library/PrivateFrameworks/FusionTracker.framework/Versions/A/FusionTracker
0x00000001cd538000 	/System/Library/PrivateFrameworks/iTunesCloud.framework/Versions/A/iTunesCloud
0x00000001d678f000 	/System/Library/PrivateFrameworks/DAAPKit.framework/Versions/A/DAAPKit
0x00000001c8730000 	/System/Library/PrivateFrameworks/DeviceManagement.framework/Versions/A/DeviceManagement
0x00000001eca30000 	/System/Library/PrivateFrameworks/ScreenTimeUI.framework/Versions/A/ScreenTimeUI
0x00000001cad11000 	/System/Library/PrivateFrameworks/QuickLookNonBaseSystem.framework/Versions/A/QuickLookNonBaseSystem
0x00000001cb536000 	/System/Library/PrivateFrameworks/Catalyst.framework/Versions/A/Catalyst
0x00000001ccf1c000 	/System/Library/PrivateFrameworks/ScreenTimeCore.framework/Versions/A/ScreenTimeCore
0x00000001e0627000 	/System/Library/PrivateFrameworks/ScreenTimeServiceUI.framework/Versions/A/ScreenTimeServiceUI
0x00000001d93fa000 	/System/Library/PrivateFrameworks/ConfigurationEngineModel.framework/Versions/A/ConfigurationEngineModel
0x00000001dc5fe000 	/System/Library/PrivateFrameworks/UsageTracking.framework/Versions/A/UsageTracking
0x0000000244f25000 	/System/Library/Frameworks/DeviceActivity.framework/Versions/A/DeviceActivity
0x00000001dc5ce000 	/System/Library/PrivateFrameworks/KnowledgeMonitor.framework/Versions/A/KnowledgeMonitor
0x00000001f3f51000 	/System/Library/PrivateFrameworks/BluetoothManager.framework/Versions/A/BluetoothManager
0x0000000246530000 	/System/Library/Frameworks/ManagedSettings.framework/Versions/A/ManagedSettings
0x000000027477c000 	/System/Library/PrivateFrameworks/ManagedSettingsSupport.framework/Versions/A/ManagedSettingsSupport
0x00000001f1332000 	/System/Library/Frameworks/ReplayKit.framework/Versions/A/ReplayKit
0x00000001c0586000 	/System/Library/PrivateFrameworks/MarkupUI.framework/Versions/A/MarkupUI
0x00000001cace9000 	/System/Library/PrivateFrameworks/SidecarCore.framework/Versions/A/SidecarCore
0x00000001cd953000 	/System/Library/PrivateFrameworks/AnnotationKit.framework/Versions/A/AnnotationKit
0x00000001cbfeb000 	/System/Library/Frameworks/PencilKit.framework/Versions/A/PencilKit
0x00000001cc1b0000 	/System/Library/PrivateFrameworks/SidecarUI.framework/Versions/A/SidecarUI
0x00000001cb946000 	/System/Library/PrivateFrameworks/CoreHandwriting.framework/Versions/A/CoreHandwriting
0x00000001a049e000 	/usr/lib/libmecabra.dylib
0x00000001c41df000 	/System/Library/PrivateFrameworks/Calculate.framework/Versions/A/Calculate
0x00000001b0049000 	/usr/lib/libChineseTokenizer.dylib
0x00000002023b6000 	/System/Library/PrivateFrameworks/ScreenReaderCore.framework/Versions/A/ScreenReaderCore
0x000000028afbd000 	/System/Library/PrivateFrameworks/StocksKit.framework/Versions/A/StocksKit
0x00000001c31d4000 	/System/Library/PrivateFrameworks/OAuth.framework/Versions/A/OAuth
0x000000028acae000 	/System/Library/PrivateFrameworks/StocksCore.framework/Versions/A/StocksCore
0x000000028c2bf000 	/System/Library/PrivateFrameworks/TeaFoundation.framework/Versions/A/TeaFoundation
0x000000028c4a1000 	/System/Library/PrivateFrameworks/TeaSettings.framework/Versions/A/TeaSettings
0x00000001f866c000 	/System/Library/PrivateFrameworks/NewsCore.framework/Versions/A/NewsCore
0x000000028c25b000 	/System/Library/PrivateFrameworks/TeaDB.framework/Versions/A/TeaDB
0x00000001f5068000 	/System/Library/PrivateFrameworks/RemoteConfiguration.framework/Versions/A/RemoteConfiguration
0x00000001f8277000 	/System/Library/PrivateFrameworks/NewsTransport.framework/Versions/A/NewsTransport
0x00000001f865c000 	/System/Library/PrivateFrameworks/NewsFoundation.framework/Versions/A/NewsFoundation
0x0000000278ab4000 	/System/Library/PrivateFrameworks/NewsURLBucket.framework/Versions/A/NewsURLBucket
0x00000001cf5e1000 	/System/Library/PrivateFrameworks/MobileInstallation.framework/Versions/A/MobileInstallation
0x000000024eb4d000 	/System/Library/Frameworks/Translation.framework/Versions/A/Translation
0x00000001e8435000 	/System/Library/PrivateFrameworks/RevealCore.framework/Versions/A/RevealCore
0x00000001e8429000 	/System/Library/PrivateFrameworks/Reveal.framework/Versions/A/Reveal
0x00000001e02f1000 	/System/Library/Frameworks/Speech.framework/Versions/A/Speech
0x000000024ffb2000 	/System/Library/PrivateFrameworks/AIMLExperimentationAnalytics.framework/Versions/A/AIMLExperimentationAnalytics
0x000000025232d000 	/System/Library/PrivateFrameworks/AlgorithmsInternal.framework/Versions/A/AlgorithmsInternal
0x000000028faf5000 	/System/Library/PrivateFrameworks/TranslationUIServices.framework/Versions/A/TranslationUIServices
0x000000028e9e0000 	/System/Library/PrivateFrameworks/TipKitCore.framework/Versions/A/TipKitCore
0x00000001d490b000 	/System/Library/PrivateFrameworks/CoreCDPInternal.framework/Versions/A/CoreCDPInternal
0x000000026d5ef000 	/System/Library/PrivateFrameworks/InputAnalytics.framework/Versions/A/InputAnalytics
0x00000001da428000 	/System/Library/Frameworks/InstantMessage.framework/Versions/A/InstantMessage
0x00000001d23fa000 	/System/Library/PrivateFrameworks/IDSKVStore.framework/Versions/A/IDSKVStore
0x00000001d20c0000 	/System/Library/PrivateFrameworks/IMDPersistence.framework/Versions/A/IMDPersistence
0x00000002916e1000 	/System/Library/PrivateFrameworks/UserSafety.framework/Versions/A/UserSafety
0x00000001f3161000 	/System/Library/PrivateFrameworks/BlastDoor.framework/Versions/A/BlastDoor
0x0000000271aa1000 	/System/Library/PrivateFrameworks/LinkPresentationStyleSheetParsing.framework/Versions/A/LinkPresentationStyleSheetParsing
0x000000027df18000 	/System/Library/PrivateFrameworks/PosterFoundation.framework/Versions/A/PosterFoundation
0x000000027dfa7000 	/System/Library/PrivateFrameworks/PosterModel.framework/Versions/A/PosterModel
0x000000027df82000 	/System/Library/PrivateFrameworks/PosterFuturesKit.framework/Versions/A/PosterFuturesKit
0x000000026047e000 	/System/Library/PrivateFrameworks/FeedbackService.framework/Versions/A/FeedbackService
0x00000001cb3b7000 	/System/Library/PrivateFrameworks/CoreSDB.framework/Versions/A/CoreSDB
0x0000000254b7a000 	/System/Library/PrivateFrameworks/AskToCore.framework/Versions/A/AskToCore
0x00000001ed267000 	/System/Library/PrivateFrameworks/MachineSettings.framework/Versions/A/MachineSettings
0x00000001ded50000 	/System/Library/PrivateFrameworks/BezelServices.framework/Versions/A/BezelServices
0x00000001d681b000 	/System/Library/PrivateFrameworks/SPOwner.framework/Versions/A/SPOwner
0x00000001cf24c000 	/System/Library/PrivateFrameworks/FMCore.framework/Versions/A/FMCore
0x0000000298001000 	/System/Library/PrivateFrameworks/iCloudQuota.framework/Versions/A/iCloudQuota
0x00000001c3b84000 	/System/Library/PrivateFrameworks/CoreRecognition.framework/Versions/A/CoreRecognition
0x00000001dee06000 	/System/Library/PrivateFrameworks/InAppMessages.framework/Versions/A/InAppMessages
0x0000000200f9f000 	/System/Library/PrivateFrameworks/JetUI.framework/Versions/A/JetUI
0x0000000270d82000 	/System/Library/PrivateFrameworks/JetPack.framework/Versions/A/JetPack
0x00000001dedfd000 	/System/Library/PrivateFrameworks/InAppMessagesCore.framework/Versions/A/InAppMessagesCore
0x00000002973b9000 	/System/Library/PrivateFrameworks/_JetEngine_SwiftUI.framework/Versions/A/_JetEngine_SwiftUI
0x000000028bd78000 	/System/Library/PrivateFrameworks/Synapse.framework/Versions/A/Synapse
0x0000000256d25000 	/System/Library/PrivateFrameworks/CSExattrCrypto.framework/Versions/A/CSExattrCrypto
0x00000001d06e8000 	/System/Library/PrivateFrameworks/StoreFoundation.framework/Versions/A/StoreFoundation
0x00000001cf246000 	/System/Library/PrivateFrameworks/ServerInformation.framework/Versions/A/ServerInformation
0x00000001cec77000 	/System/Library/PrivateFrameworks/Install.framework/Frameworks/DistributionKit.framework/Versions/A/DistributionKit
0x00000001c8187000 	/System/Library/PrivateFrameworks/PackageKit.framework/Versions/A/PackageKit
0x00000001cec9a000 	/System/Library/PrivateFrameworks/OSPersonalization.framework/Versions/A/OSPersonalization
0x00000001d0c72000 	/System/Library/PrivateFrameworks/BridgeOSSoftwareUpdate.framework/Versions/A/BridgeOSSoftwareUpdate
0x00000001cb84e000 	/System/Library/PrivateFrameworks/StorageManagement.framework/Versions/A/StorageManagement
0x00000001e0174000 	/usr/lib/libauthinstall.dylib
0x00000001d0c7b000 	/System/Library/PrivateFrameworks/InstallerDiagnostics.framework/Versions/A/InstallerDiagnostics
0x00000001e07f3000 	/usr/lib/libcrypto.42.dylib
0x000000029e687000 	/usr/lib/updaters/libAppleTconUARPUpdater.dylib
0x000000029e811000 	/usr/lib/updaters/libT200Updater.dylib
0x00000001d0c60000 	/System/Library/PrivateFrameworks/GPUInfo.framework/Versions/A/GPUInfo
0x00000001def01000 	/System/Library/PrivateFrameworks/MobileActivationMacOS.framework/Versions/A/MobileActivationMacOS
0x00000001c3116000 	/System/Library/PrivateFrameworks/AccountsDaemon.framework/Versions/A/AccountsDaemon
0x00000001b318f000 	/System/Library/PrivateFrameworks/CacheDelete.framework/Versions/A/CacheDelete
0x00000001bbb07000 	/System/Library/Frameworks/QuickLookThumbnailing.framework/Versions/A/QuickLookThumbnailing
0x00000001d0cbf000 	/System/Library/PrivateFrameworks/AOSKit.framework/Versions/A/AOSKit
0x00000001b017a000 	/System/Library/PrivateFrameworks/AppSSOCore.framework/Versions/A/AppSSOCore
0x000000025552e000 	/System/Library/PrivateFrameworks/BackgroundSystemTasks.framework/Versions/A/BackgroundSystemTasks
0x00000001bba1d000 	/System/Library/PrivateFrameworks/DuetActivityScheduler.framework/Versions/A/DuetActivityScheduler
0x00000001dd557000 	/System/Library/PrivateFrameworks/NetworkServiceProxy.framework/Versions/A/NetworkServiceProxy
0x00000001b6dba000 	/usr/lib/libnetworkextension.dylib
0x000000028baa1000 	/System/Library/PrivateFrameworks/Symptoms.framework/Versions/A/Frameworks/SymptomAnalytics.framework/Versions/A/SymptomAnalytics
0x00000001b3bc3000 	/System/Library/Frameworks/NetworkExtension.framework/Versions/A/NetworkExtension
0x00000001ba1dd000 	/System/Library/PrivateFrameworks/CoreDuetContext.framework/Versions/A/CoreDuetContext
0x00000001a4f25000 	/System/Library/PrivateFrameworks/CoreDuet.framework/Versions/A/CoreDuet
0x00000001bef02000 	/System/Library/PrivateFrameworks/AssistantServices.framework/Versions/A/AssistantServices
0x00000001b9230000 	/System/Library/PrivateFrameworks/SAObjects.framework/Versions/A/SAObjects
0x00000001beafd000 	/System/Library/PrivateFrameworks/MediaRemote.framework/Versions/A/MediaRemote
0x00000001d11b3000 	/System/Library/PrivateFrameworks/SiriInstrumentation.framework/Versions/A/SiriInstrumentation
0x0000000282a00000 	/System/Library/PrivateFrameworks/SiriAnalytics.framework/Versions/A/SiriAnalytics
0x00000002888a7000 	/System/Library/PrivateFrameworks/SiriTTSService.framework/Versions/A/SiriTTSService
0x000000028333c000 	/System/Library/PrivateFrameworks/SiriCrossDeviceArbitration.framework/Versions/A/SiriCrossDeviceArbitration
0x00000001cea0f000 	/System/Library/PrivateFrameworks/FeedbackLogger.framework/Versions/A/FeedbackLogger
0x0000000260026000 	/System/Library/PrivateFrameworks/FaceTimeNameUtility.framework/Versions/A/FaceTimeNameUtility
0x0000000283390000 	/System/Library/PrivateFrameworks/SiriCrossDeviceArbitrationFeedback.framework/Versions/A/SiriCrossDeviceArbitrationFeedback
0x0000000269a81000 	/System/Library/PrivateFrameworks/GenerativeModels.framework/Versions/A/GenerativeModels
0x00000001c3997000 	/System/Library/PrivateFrameworks/MediaServices.framework/Versions/A/MediaServices
0x00000001b906e000 	/System/Library/Frameworks/LocalAuthentication.framework/Versions/A/LocalAuthentication
0x0000000271cd7000 	/System/Library/PrivateFrameworks/LocalAuthenticationCore.framework/Versions/A/LocalAuthenticationCore
0x0000000271e5c000 	/System/Library/PrivateFrameworks/LocalAuthenticationCredentialServices.framework/Versions/A/LocalAuthenticationCredentialServices
0x00000001b90da000 	/System/Library/Frameworks/LocalAuthentication.framework/Support/SharedUtils.framework/Versions/A/SharedUtils
0x00000001b05c4000 	/System/Library/PrivateFrameworks/PersistentConnection.framework/Versions/A/PersistentConnection
0x000000028a0bc000 	/System/Library/PrivateFrameworks/SonicFoundation.framework/Versions/A/SonicFoundation
0x000000025e884000 	/System/Library/PrivateFrameworks/Dendrite.framework/Versions/A/Dendrite
0x00000001d30c2000 	/usr/lib/libtailspin.dylib
0x00000001e6b41000 	/System/Library/PrivateFrameworks/Osprey.framework/Versions/A/Osprey
0x0000000287f01000 	/System/Library/PrivateFrameworks/SiriTTS.framework/Versions/A/SiriTTS
0x00000001cb47d000 	/System/Library/Frameworks/NaturalLanguage.framework/Versions/A/NaturalLanguage
0x0000000286ce7000 	/System/Library/PrivateFrameworks/SiriPowerInstrumentation.framework/Versions/A/SiriPowerInstrumentation
0x00000001cc340000 	/System/Library/PrivateFrameworks/Trial.framework/Versions/A/Trial
0x00000001cc2c2000 	/System/Library/PrivateFrameworks/TrialProto.framework/Versions/A/TrialProto
0x0000000290da6000 	/System/Library/PrivateFrameworks/UnifiedAssetFramework.framework/Versions/A/UnifiedAssetFramework
0x00000001e8b69000 	/usr/lib/swift/libswiftAVFoundation.dylib
0x00000001f900a000 	/usr/lib/swift/libswiftNaturalLanguage.dylib
0x000000028c259000 	/System/Library/PrivateFrameworks/TailspinSymbolication.framework/Versions/A/TailspinSymbolication
0x000000025e4c3000 	/System/Library/PrivateFrameworks/Darwinup.framework/Versions/A/Darwinup
0x00000001df52f000 	/System/Library/PrivateFrameworks/SignpostSupport.framework/Versions/A/SignpostSupport
0x00000001cb344000 	/System/Library/PrivateFrameworks/FeatureFlagsSupport.framework/Versions/A/FeatureFlagsSupport
0x00000001dec62000 	/System/Library/PrivateFrameworks/ktrace.framework/Versions/A/ktrace
0x00000001df75e000 	/System/Library/PrivateFrameworks/SampleAnalysis.framework/Versions/A/SampleAnalysis
0x00000001e8403000 	/System/Library/PrivateFrameworks/kperfdata.framework/Versions/A/kperfdata
0x00000001b4b84000 	/usr/lib/libdscsym.dylib
0x00000001e88bf000 	/System/Library/PrivateFrameworks/BulkSymbolication.framework/Versions/A/BulkSymbolication
0x00000001a9b6d000 	/System/Library/Frameworks/CoreML.framework/Versions/A/CoreML
0x00000001adf77000 	/System/Library/Frameworks/MLCompute.framework/Versions/A/MLCompute
0x0000000272689000 	/System/Library/PrivateFrameworks/MLAssetIO.framework/Versions/A/MLAssetIO
0x000000029e15f000 	/usr/lib/swift/libswiftMLCompute.dylib
0x00000001a171a000 	/System/Library/PrivateFrameworks/LanguageModeling.framework/Versions/A/LanguageModeling
0x00000001a66ff000 	/System/Library/PrivateFrameworks/Montreal.framework/Versions/A/Montreal
0x00000001ae9f6000 	/usr/lib/libcmph.dylib
0x0000000269b5e000 	/System/Library/PrivateFrameworks/GenerativeModelsFoundation.framework/Versions/A/GenerativeModelsFoundation
0x000000028ed49000 	/System/Library/PrivateFrameworks/TokenGeneration.framework/Versions/A/TokenGeneration
0x000000026993d000 	/System/Library/PrivateFrameworks/GenerativeFunctions.framework/Versions/A/GenerativeFunctions
0x0000000269989000 	/System/Library/PrivateFrameworks/GenerativeFunctionsFoundation.framework/Versions/A/GenerativeFunctionsFoundation
0x00000002763e3000 	/System/Library/PrivateFrameworks/ModelCatalog.framework/Versions/A/ModelCatalog
0x0000000281eac000 	/System/Library/PrivateFrameworks/SensitiveContentAnalysisML.framework/Versions/A/SensitiveContentAnalysisML
0x0000000269a1e000 	/System/Library/PrivateFrameworks/GenerativeFunctionsInstrumentation.framework/Versions/A/GenerativeFunctionsInstrumentation
0x000000027f0a8000 	/System/Library/PrivateFrameworks/PromptKit.framework/Versions/A/PromptKit
0x000000027eb79000 	/System/Library/PrivateFrameworks/ProactiveDaemonSupport.framework/Versions/A/ProactiveDaemonSupport
0x000000028ef97000 	/System/Library/PrivateFrameworks/TokenGenerationCore.framework/Versions/A/TokenGenerationCore
0x00000002539d6000 	/System/Library/PrivateFrameworks/AppleFlatBuffers.framework/Versions/A/AppleFlatBuffers
0x00000002820e5000 	/System/Library/PrivateFrameworks/SentencePieceInternal.framework/Versions/A/SentencePieceInternal
0x00000001b719e000 	/System/Library/Frameworks/Vision.framework/Versions/A/Vision
0x000000025de9a000 	/System/Library/PrivateFrameworks/CoreSceneUnderstanding.framework/Versions/A/CoreSceneUnderstanding
0x00000002937ae000 	/System/Library/PrivateFrameworks/VisionCore.framework/Versions/A/VisionCore
0x00000001d49f3000 	/System/Library/Frameworks/Vision.framework/libfaceCore.dylib
0x00000001d5516000 	/System/Library/PrivateFrameworks/Futhark.framework/Versions/A/Futhark
0x00000001d9316000 	/System/Library/PrivateFrameworks/InertiaCam.framework/Versions/A/InertiaCam
0x00000001d529e000 	/System/Library/PrivateFrameworks/TextRecognition.framework/Versions/A/TextRecognition
0x00000001b019b000 	/System/Library/PrivateFrameworks/CVNLP.framework/Versions/A/CVNLP
0x00000001a960b000 	/System/Library/PrivateFrameworks/ApplePushService.framework/Versions/A/ApplePushService
0x00000001a9676000 	/System/Library/Frameworks/CloudKit.framework/Versions/A/CloudKit
0x00000001bcbb5000 	/System/Library/PrivateFrameworks/CoreDuetDaemonProtocol.framework/Versions/A/CoreDuetDaemonProtocol
0x00000001e1d46000 	/System/Library/PrivateFrameworks/DeviceIdentity.framework/Versions/A/DeviceIdentity
0x000000024d23b000 	/System/Library/Frameworks/SharedWithYouCore.framework/Versions/A/SharedWithYouCore
0x0000000258224000 	/System/Library/PrivateFrameworks/CloudTelemetry.framework/Versions/A/CloudTelemetry
0x00000001bb4ea000 	/System/Library/PrivateFrameworks/AppleAccount.framework/Versions/A/AppleAccount
0x00000001bbaac000 	/System/Library/PrivateFrameworks/C2.framework/Versions/A/C2
0x0000000257e96000 	/System/Library/PrivateFrameworks/CloudCoreInternal.framework/Versions/A/CloudCoreInternal
0x0000000257c3b000 	/System/Library/PrivateFrameworks/CloudAsset.framework/Versions/A/CloudAsset
0x00000001bbaa3000 	/System/Library/Frameworks/PushKit.framework/Versions/A/PushKit
0x0000000258244000 	/System/Library/PrivateFrameworks/CloudTelemetryTools.framework/Versions/A/CloudTelemetryTools
0x00000001bd9a7000 	/System/Library/PrivateFrameworks/RTCReporting.framework/Versions/A/RTCReporting
0x000000024fe97000 	/System/Library/PrivateFrameworks/AAAFoundationSwift.framework/Versions/A/AAAFoundationSwift
0x00000001bb775000 	/System/Library/PrivateFrameworks/AppleIDSSOAuthentication.framework/Versions/A/AppleIDSSOAuthentication
0x00000001d0593000 	/System/Library/PrivateFrameworks/CaptiveNetwork.framework/Versions/A/CaptiveNetwork
0x00000001baf7b000 	/System/Library/PrivateFrameworks/EAP8021X.framework/Versions/A/EAP8021X
0x000000025e2a9000 	/System/Library/PrivateFrameworks/CryptoKitPrivate.framework/Versions/A/CryptoKitPrivate
0x00000001ca90e000 	/System/Library/PrivateFrameworks/FindMyDevice.framework/Versions/A/FindMyDevice
0x00000001bf6b6000 	/System/Library/PrivateFrameworks/FMCoreLite.framework/Versions/A/FMCoreLite
0x00000001adc17000 	/System/Library/Frameworks/ServiceManagement.framework/Versions/A/ServiceManagement
0x00000001df727000 	/System/Library/PrivateFrameworks/UIKitServices.framework/Versions/A/UIKitServices
0x000000013e808000 	/System/Library/Extensions/AGXMetalG14G.bundle/Contents/MacOS/AGXMetalG14G
0x00000001c3838000 	/System/Library/PrivateFrameworks/IOGPU.framework/Versions/A/IOGPU
0x000000013d55c000 	/nix/store/n3rmmip6djs9s68zkazn1c6gsxbjg7fs-zulu-ca-jdk-21.0.8/Library/Java/JavaVirtualMachines/zulu-21.jdk/Contents/Home/lib/libosxui.dylib
0x000000028ca6a000 	/System/Library/PrivateFrameworks/TextInputUI.framework/Versions/A/TextInputUI
0x000000028ca9f000 	/System/Library/PrivateFrameworks/TextInputUIMacHelper.framework/Versions/A/TextInputUIMacHelper
0x00000001d5606000 	/System/Library/PrivateFrameworks/SafariPlatformSupport.framework/Versions/A/SafariPlatformSupport
0x000000024329e000 	/System/Library/Frameworks/OpenGL.framework/Versions/A/Resources/GLEngine.bundle/GLEngine
0x0000000243140000 	/System/Library/Frameworks/OpenGL.framework/Versions/A/Libraries/libGLProgrammability.dylib
0x00000003447f8000 	/System/Library/Extensions/AppleMetalOpenGLRenderer.bundle/Contents/MacOS/AppleMetalOpenGLRenderer
0x00000002433ff000 	/System/Library/Frameworks/OpenGL.framework/Versions/A/Resources/GLRendererFloat.bundle/GLRendererFloat
0x0000000342900000 	/private/var/folders/0l/g6sywy1d5s138fm98j6g7b0h0000gn/T/lwjgl_abab/3.4.1+2/arm64/liblwjgl_opengl.dylib
0x000000028a6dd000 	/System/Library/PrivateFrameworks/SpotlightKnowledge.framework/Versions/A/SpotlightKnowledge
0x000000028a6c4000 	/System/Library/PrivateFrameworks/SpotlightEmbedding.framework/Versions/A/SpotlightEmbedding
0x00000001a4ec8000 	/System/Library/PrivateFrameworks/SpotlightLinguistics.framework/Versions/A/SpotlightLinguistics
0x000000028a891000 	/System/Library/PrivateFrameworks/SpotlightResources.framework/Versions/A/SpotlightResources
0x00000001d0557000 	/System/Library/PrivateFrameworks/DataDeliveryServices.framework/Versions/A/DataDeliveryServices
0x0000000344760000 	/nix/store/n3rmmip6djs9s68zkazn1c6gsxbjg7fs-zulu-ca-jdk-21.0.8/Library/Java/JavaVirtualMachines/zulu-21.jdk/Contents/Home/lib/libprefs.dylib
0x000000039d3fc000 	/private/var/folders/0l/g6sywy1d5s138fm98j6g7b0h0000gn/T/lwjgl_abab/3.4.1+2/arm64/liblwjgl_stb.dylib

JVMTI agents: none


VM Arguments:
java_command: /Users/abab/Desktop/flix_game_engine/bin/flix.jar run
java_class_path (initial): /Users/abab/Desktop/flix_game_engine/bin/flix.jar
Launcher Type: SUN_STANDARD

[Global flags]
     intx CICompilerCount                          = 4                                         {product} {ergonomic}
     uint ConcGCThreads                            = 2                                         {product} {ergonomic}
     uint G1ConcRefinementThreads                  = 8                                         {product} {ergonomic}
   size_t G1HeapRegionSize                         = 2097152                                   {product} {ergonomic}
    uintx GCDrainStackTargetSize                   = 64                                        {product} {ergonomic}
   size_t InitialHeapSize                          = 268435456                                 {product} {ergonomic}
   size_t MarkStackSize                            = 4194304                                   {product} {ergonomic}
   size_t MaxHeapSize                              = 4294967296                                {product} {ergonomic}
   size_t MaxNewSize                               = 2575302656                                {product} {ergonomic}
   size_t MinHeapDeltaBytes                        = 2097152                                   {product} {ergonomic}
   size_t MinHeapSize                              = 8388608                                   {product} {ergonomic}
    uintx NonNMethodCodeHeapSize                   = 5839564                                {pd product} {ergonomic}
    uintx NonProfiledCodeHeapSize                  = 122909338                              {pd product} {ergonomic}
    uintx ProfiledCodeHeapSize                     = 122909338                              {pd product} {ergonomic}
    uintx ReservedCodeCacheSize                    = 251658240                              {pd product} {ergonomic}
     bool SegmentedCodeCache                       = true                                      {product} {ergonomic}
   size_t SoftMaxHeapSize                          = 4294967296                             {manageable} {ergonomic}
     bool UseCompressedOops                        = true                           {product lp64_product} {ergonomic}
     bool UseG1GC                                  = true                                      {product} {ergonomic}
     bool UseNUMA                                  = false                                     {product} {ergonomic}
     bool UseNUMAInterleaving                      = false                                     {product} {ergonomic}

Logging:
Log output configuration:
 #0: stdout all=warning uptime,level,tags foldmultilines=false
 #1: stderr all=off uptime,level,tags foldmultilines=false

Environment Variables:
JAVA_HOME=/nix/store/n3rmmip6djs9s68zkazn1c6gsxbjg7fs-zulu-ca-jdk-21.0.8
CLASSPATH=
PATH=/Users/abab/Desktop/flix_game_engine/bin:/Users/abab/Desktop/flix_game_engine/.devbox/nix/profile/default/bin:/nix/store/s7qlr26bmc6n4r607scz8iiwcg6yg4ic-clang-wrapper-21.1.8/bin:/nix/store/6adskryjj6g2p508xjxp2x4iwyy15gsr-clang-21.1.8/bin:/nix/store/akih5l2yxpzqyh63xvyc6zsxl7kl2x4v-coreutils-9.10/bin:/nix/store/hwn7mviydmcdr2gw3zx30rcc0xi7k40c-cctools-binutils-darwin-wrapper-1010.6/bin:/nix/store/yppcv1v8rdm3086ykynmf7w5yy61v30b-cctools-binutils-darwin-1010.6/bin:/nix/store/930py6p7h4xw7fwys7y3hx7rkyqnpvqq-xcbuild-0.1.1-unstable-2019-11-20-xcrun/bin:/nix/store/a85h00app701vf0ggln0r97yayszvwkk-libiconv-109.100.2/bin:/nix/store/f9ik2jdvk6shdnzr4l8mibqdiqjd9chb-findutils-4.10.0/bin:/nix/store/hrkhhbx6v8fzwnizwvqh9h0yff5vcp75-diffutils-3.12/bin:/nix/store/m188brzrrd4f0jdiy495vz8pz75j5kpn-gnused-4.9/bin:/nix/store/mwj8nml055g8w0c2yq1apajcwrqgsg9q-gnugrep-3.12/bin:/nix/store/bvrbfzyimpjxwn679252bhbbccnb43nr-gawk-5.3.2/bin:/nix/store/k5q5hl5zhvvh9j2q9nr6wk8wx4f5rddv-gnutar-1.35/bin:/nix/store/fx6qvxgcvfpjhy5wr9hsvpkpjqw5zgf0-gzip-1.14/bin:/nix/store/4rqfrsyqp53wavnk86k4flm35vhagwjk-bzip2-1.0.8-bin/bin:/nix/store/y40n7jzzy9qydb120kxgbzi55mprbkfm-gnumake-4.4.1/bin:/nix/store/s0psayl7zvkvwdcqc8fy1sbv8rlf1yq8-bash-5.3p9/bin:/nix/store/jqcdmxsh8zk7bn1qcxwq3dwjjx4p7i0f-patch-2.8/bin:/nix/store/fc6w1zkl1klj979isgaag8a66jmpq1qs-xz-5.8.2-bin/bin:/nix/store/5n5ynvylwkjrblm2lpj3ns2qc821fvmi-file-5.45/bin:/Users/abab/Desktop/flix_game_engine/.devbox/virtenv/runx/bin:/Users/abab/google-cloud-sdk/bin:/Users/abab/.antigravity/antigravity/bin:/Users/abab/.nix-profile/bin:/etc/profiles/per-user/abab/bin:/run/current-system/sw/bin:/nix/var/nix/profiles/default/bin:/usr/local/bin:/usr/bin:/bin:/usr/sbin:/sbin:/Applications/Ghostty.app/Contents/MacOS
SHELL=/bin/zsh
LANG=en_US.UTF-8
TERM=xterm-ghostty
TMPDIR=/var/folders/0l/g6sywy1d5s138fm98j6g7b0h0000gn/T/

Active Locale:
LC_ALL=en_US.UTF-8
LC_COLLATE=en_US.UTF-8
LC_CTYPE=en_US.UTF-8
LC_MESSAGES=en_US.UTF-8
LC_MONETARY=en_US.UTF-8
LC_NUMERIC=en_US.UTF-8
LC_TIME=en_US.UTF-8

Signal Handlers:
   SIGSEGV: crash_handler in libjvm.dylib, mask=11100110000111110111111111111111, flags=SA_ONSTACK|SA_RESTART|SA_SIGINFO, unblocked
    SIGBUS: crash_handler in libjvm.dylib, mask=11100110000111110111111111111111, flags=SA_RESTART|SA_SIGINFO, unblocked
    SIGFPE: crash_handler in libjvm.dylib, mask=11100110000111110111111111111111, flags=SA_RESTART|SA_SIGINFO, unblocked
   SIGPIPE: javaSignalHandler in libjvm.dylib, mask=11100110000111110111111111111111, flags=SA_RESTART|SA_SIGINFO, blocked
   SIGXFSZ: javaSignalHandler in libjvm.dylib, mask=11100110000111110111111111111111, flags=SA_RESTART|SA_SIGINFO, blocked
    SIGILL: crash_handler in libjvm.dylib, mask=11100110000111110111111111111111, flags=SA_RESTART|SA_SIGINFO, unblocked
   SIGUSR2: SR_handler in libjvm.dylib, mask=00000000000000000000000000000000, flags=SA_RESTART|SA_SIGINFO, blocked
    SIGHUP: UserHandler in libjvm.dylib, mask=11100110000111110111111111111111, flags=SA_RESTART|SA_SIGINFO, blocked
    SIGINT: UserHandler in libjvm.dylib, mask=11100110000111110111111111111111, flags=SA_RESTART|SA_SIGINFO, blocked
   SIGTERM: UserHandler in libjvm.dylib, mask=11100110000111110111111111111111, flags=SA_RESTART|SA_SIGINFO, blocked
   SIGQUIT: UserHandler in libjvm.dylib, mask=11100110000111110111111111111111, flags=SA_RESTART|SA_SIGINFO, blocked
   SIGTRAP: crash_handler in libjvm.dylib, mask=11100110000111110111111111111111, flags=SA_RESTART|SA_SIGINFO, unblocked


Periodic native trim disabled

---------------  S Y S T E M  ---------------

OS:
uname: Darwin 25.3.0 Darwin Kernel Version 25.3.0: Wed Jan 28 20:56:34 PST 2026; root:xnu-12377.91.3~2/RELEASE_ARM64_T8112 arm64
OS uptime: 12 days 12:54 hours
rlimit (soft/hard): STACK 8176k/65520k , CORE 0k/infinity , NPROC 2666/4000 , NOFILE 1048576/infinity , AS infinity/infinity , CPU infinity/infinity , DATA infinity/infinity , FSIZE infinity/infinity , MEMLOCK infinity/infinity , RSS infinity/infinity
load average: 12.34 7.79 8.41

CPU: total 8 (initial active 8) 0x61:0x0:0xda33d83d:0, fp, asimd, aes, pmull, sha1, sha256, crc32, lse, sha3, sha512
machdep.cpu.brand_string:Apple M2
hw.cachelinesize:128
hw.l1icachesize:131072
hw.l1dcachesize:65536
hw.l2cachesize:4194304

Memory: 16k page, physical 16777216k(374000k free), swap 16777216k(886656k free)

vm_info: OpenJDK 64-Bit Server VM (21.0.8+9-LTS) for bsd-aarch64 JRE (21.0.8+9-LTS) (Zulu21.44+17-CA), built on 2025-06-30T16:45:37Z by "zulu_re" with clang Apple LLVM 14.0.3 (clang-1403.0.22.14.1)

END.
